source_path	target_path	size	sha256	source_sha256	transform
UploadFiles/UploadFiles/201901/2019010215004878.jpg	UploadFiles/UploadFiles/201901/2019010215004878.jpg	287146	119847fa9c4c7d3e8b3de7f366be8e6aa93ea74f814a3a2e157bfbd283e058d2	119847fa9c4c7d3e8b3de7f366be8e6aa93ea74f814a3a2e157bfbd283e058d2	
UploadFiles/UploadFiles/201901/2019010215450489.jpg	UploadFiles/UploadFiles/201901/2019010215450489.jpg	13121	d884457db9ab64f9853a9e7e7fe023dd2daa0de14bb9c2f14b95e76f0cb46ebe	d884457db9ab64f9853a9e7e7fe023dd2daa0de14bb9c2f14b95e76f0cb46ebe	
UploadFiles/UploadFiles/201901/2019010215452520.jpg	UploadFiles/UploadFiles/201901/2019010215452520.jpg	8023	9c432e0ebcfdbe6dad5969aa326338e84a857c31e5ca990f557c1d43291e753d	9c432e0ebcfdbe6dad5969aa326338e84a857c31e5ca990f557c1d43291e753d	
UploadFiles/UploadFiles/201901/2019010215503155.jpg	UploadFiles/UploadFiles/201901/2019010215503155.jpg	43977	4097e05bce180ac846ae9210cbb781e12c63fdf02c5b6a8f8d81384cff419522	4097e05bce180ac846ae9210cbb781e12c63fdf02c5b6a8f8d81384cff419522	
UploadFiles/UploadFiles/201901/2019010215503158.jpg	UploadFiles/UploadFiles/201901/2019010215503158.jpg	36502	591983f4a4dbc5ea5b16535677f9138989c123c5e3e670526c94909560a337a4	591983f4a4dbc5ea5b16535677f9138989c123c5e3e670526c94909560a337a4	
UploadFiles/UploadFiles/201901/2019010215503176.jpg	UploadFiles/UploadFiles/201901/2019010215503176.jpg	59855	6904f8dfebc5d01c2bbd8f4b1124431655cde7336f8938dea09fdc8a3da90a88	6904f8dfebc5d01c2bbd8f4b1124431655cde7336f8938dea09fdc8a3da90a88	
UploadFiles/UploadFiles/201901/2019010215503177.jpg	UploadFiles/UploadFiles/201901/2019010215503177.jpg	41400	cfe4525dec6bea65dfafe8a05d4feb3da056c0203c5d4c3470dbcd8b5f45510c	cfe4525dec6bea65dfafe8a05d4feb3da056c0203c5d4c3470dbcd8b5f45510c	
UploadFiles/UploadFiles/201901/2019010215503185.jpg	UploadFiles/UploadFiles/201901/2019010215503185.jpg	43572	189bc3f414e9d40e6fe5fc4fd9b76afbbb6cc161c03c85386c61fa9d73c657a7	189bc3f414e9d40e6fe5fc4fd9b76afbbb6cc161c03c85386c61fa9d73c657a7	
UploadFiles/UploadFiles/201901/2019010215503194.jpg	UploadFiles/UploadFiles/201901/2019010215503194.jpg	50164	eb10bd3091be3716c18f786b88a0301cca09afa2e905c947083d5b36ff2d3424	eb10bd3091be3716c18f786b88a0301cca09afa2e905c947083d5b36ff2d3424	
UploadFiles/UploadFiles/201901/2019010216264104.jpg	UploadFiles/UploadFiles/201901/2019010216264104.jpg	38361	14b8c65699aad4db69dbab82f7d26a6ccab76195d97fa19b2ae31a5cbfa96ea2	14b8c65699aad4db69dbab82f7d26a6ccab76195d97fa19b2ae31a5cbfa96ea2	
UploadFiles/UploadFiles/201901/2019010216264112.jpg	UploadFiles/UploadFiles/201901/2019010216264112.jpg	35667	209e9e8fc60fc1a5e397473bee7ddee88e23b1f08e02948e3484bbf9a35f65dd	209e9e8fc60fc1a5e397473bee7ddee88e23b1f08e02948e3484bbf9a35f65dd	
UploadFiles/UploadFiles/201901/2019010216302301.jpg	UploadFiles/UploadFiles/201901/2019010216302301.jpg	155189	d1fd9572c0148f77d14f52c26c4aeaeed81d9d1265054a7baac1b7496c54f4f3	d1fd9572c0148f77d14f52c26c4aeaeed81d9d1265054a7baac1b7496c54f4f3	
UploadFiles/UploadFiles/201901/2019010216302361.jpg	UploadFiles/UploadFiles/201901/2019010216302361.jpg	156422	485270160f62401b7cda914fcaf445539c157891c41deb8d71d8fad8d574a1b7	485270160f62401b7cda914fcaf445539c157891c41deb8d71d8fad8d574a1b7	
UploadFiles/UploadFiles/201901/2019010216302364.jpg	UploadFiles/UploadFiles/201901/2019010216302364.jpg	201402	ba2ebe103f1edfcf17300be548a6d73d33d1f9a82a47a09f82dd63f26b057cfa	ba2ebe103f1edfcf17300be548a6d73d33d1f9a82a47a09f82dd63f26b057cfa	
UploadFiles/UploadFiles/201901/2019010216302377.jpg	UploadFiles/UploadFiles/201901/2019010216302377.jpg	162584	d32d4b78c225264410b2e9688e1659e0d703aa9b5eb65921079349b7f4717326	d32d4b78c225264410b2e9688e1659e0d703aa9b5eb65921079349b7f4717326	
UploadFiles/UploadFiles/201901/2019010216302382.jpg	UploadFiles/UploadFiles/201901/2019010216302382.jpg	187198	ca8aadb83c9fdb992bd1a179ee19f7678cf7ee7dac28911dcc9a4fe557026b7b	ca8aadb83c9fdb992bd1a179ee19f7678cf7ee7dac28911dcc9a4fe557026b7b	
UploadFiles/UploadFiles/201901/2019010216302385.jpg	UploadFiles/UploadFiles/201901/2019010216302385.jpg	179836	92465c04daf39297688e4613da70c0e8097f56a8b98fbd036361f38744ef8980	92465c04daf39297688e4613da70c0e8097f56a8b98fbd036361f38744ef8980	
UploadFiles/UploadFiles/201901/2019010216304415.jpg	UploadFiles/UploadFiles/201901/2019010216304415.jpg	180562	2894ee029ea0c13f4f2385d1736d421d952b8282b2dab09ac0e7d05fa92616cb	2894ee029ea0c13f4f2385d1736d421d952b8282b2dab09ac0e7d05fa92616cb	
UploadFiles/UploadFiles/201901/2019010216304423.jpg	UploadFiles/UploadFiles/201901/2019010216304423.jpg	160203	d4c73b410447708753958905cf50cf1a8433908e6f4cf6a08756bc52f709a5df	d4c73b410447708753958905cf50cf1a8433908e6f4cf6a08756bc52f709a5df	
UploadFiles/UploadFiles/201901/2019010216304428.jpg	UploadFiles/UploadFiles/201901/2019010216304428.jpg	177754	f367efde6918b050cab69594e16dcc325c9e8e7978dad7359e5037e8aa713bda	f367efde6918b050cab69594e16dcc325c9e8e7978dad7359e5037e8aa713bda	
UploadFiles/UploadFiles/201901/2019010216304445.jpg	UploadFiles/UploadFiles/201901/2019010216304445.jpg	199078	f5b52e120af51ba14152291e8b4db77aa056015de7eb6cfe137a349d45ce9429	f5b52e120af51ba14152291e8b4db77aa056015de7eb6cfe137a349d45ce9429	
UploadFiles/UploadFiles/201901/2019010216304464.jpg	UploadFiles/UploadFiles/201901/2019010216304464.jpg	187736	45dbe438ae72e5149cb37df45359ac0dc8d5e430e26a270fc985659f584ca698	45dbe438ae72e5149cb37df45359ac0dc8d5e430e26a270fc985659f584ca698	
UploadFiles/UploadFiles/201901/2019010216304492.jpg	UploadFiles/UploadFiles/201901/2019010216304492.jpg	229898	477242b4a01ed5ca9b149ba7d8c45dcb0d94602ff40b648f04dfe19f5701f3fd	477242b4a01ed5ca9b149ba7d8c45dcb0d94602ff40b648f04dfe19f5701f3fd	
UploadFiles/UploadFiles/201901/2019010216311946.jpg	UploadFiles/UploadFiles/201901/2019010216311946.jpg	215605	d47a1f8f622a1c2a816b3e368917ad8d65f498cc203cf8afe0720a975dbfff39	d47a1f8f622a1c2a816b3e368917ad8d65f498cc203cf8afe0720a975dbfff39	
UploadFiles/UploadFiles/201901/2019010216311949.jpg	UploadFiles/UploadFiles/201901/2019010216311949.jpg	218325	21ee0d50308cbbe09455f4b85cfc4e2277c4ffdc41502bc8db8f2b894c96651a	21ee0d50308cbbe09455f4b85cfc4e2277c4ffdc41502bc8db8f2b894c96651a	
UploadFiles/UploadFiles/201901/2019010216311966.jpg	UploadFiles/UploadFiles/201901/2019010216311966.jpg	209340	9d136dcd7b376b9b27b61d187d7691738a48548f1766f3cca93788ffed767621	9d136dcd7b376b9b27b61d187d7691738a48548f1766f3cca93788ffed767621	
UploadFiles/UploadFiles/201901/2019010216311968.jpg	UploadFiles/UploadFiles/201901/2019010216311968.jpg	194701	4339fa0b0ac6abff89a100d05952ef8dc701a96dc9fd28fa95d191e15a7ad6c6	4339fa0b0ac6abff89a100d05952ef8dc701a96dc9fd28fa95d191e15a7ad6c6	
UploadFiles/UploadFiles/201901/2019010216311976.jpg	UploadFiles/UploadFiles/201901/2019010216311976.jpg	178541	212e78f3d118106fb7f0d5c8d415e86dec8de4623cf34b4fffdee97309732bf1	212e78f3d118106fb7f0d5c8d415e86dec8de4623cf34b4fffdee97309732bf1	
UploadFiles/UploadFiles/201901/2019010216311985.jpg	UploadFiles/UploadFiles/201901/2019010216311985.jpg	133697	b0a78b90b6112f7795079db907037be08a091c7d3b683b7a1baceecb6d136f38	b0a78b90b6112f7795079db907037be08a091c7d3b683b7a1baceecb6d136f38	
UploadFiles/UploadFiles/201901/2019010216315311.jpg	UploadFiles/UploadFiles/201901/2019010216315311.jpg	180089	fc9a36191ddb66fcf4ba90d0ba372a076c6b81bc600374fb34e12de1180384dd	fc9a36191ddb66fcf4ba90d0ba372a076c6b81bc600374fb34e12de1180384dd	
UploadFiles/UploadFiles/201901/2019010216315321.jpg	UploadFiles/UploadFiles/201901/2019010216315321.jpg	180835	19cdd5d389c43c798149685b42332e8d25c96c7618ab42b8ca5bf8903483dd30	19cdd5d389c43c798149685b42332e8d25c96c7618ab42b8ca5bf8903483dd30	
UploadFiles/UploadFiles/201901/2019010216315333.jpg	UploadFiles/UploadFiles/201901/2019010216315333.jpg	217638	3da0a5dfc589229a0c349e4f8a149762295b95d3e6180d08fab84fa19b86fb87	3da0a5dfc589229a0c349e4f8a149762295b95d3e6180d08fab84fa19b86fb87	
UploadFiles/UploadFiles/201901/2019010216315338.jpg	UploadFiles/UploadFiles/201901/2019010216315338.jpg	200770	5677fefc3a2d13c051d4d0ebed3e73b0a1ed6e434da67237ad1f90f0792e5d4b	5677fefc3a2d13c051d4d0ebed3e73b0a1ed6e434da67237ad1f90f0792e5d4b	
UploadFiles/UploadFiles/201901/2019010216315341.jpg	UploadFiles/UploadFiles/201901/2019010216315341.jpg	160953	601cb5f4e90cf25a43491f2a8aac57a901a19f147d73767fc37b91a1046f9be8	601cb5f4e90cf25a43491f2a8aac57a901a19f147d73767fc37b91a1046f9be8	
UploadFiles/UploadFiles/201901/2019010216315357.jpg	UploadFiles/UploadFiles/201901/2019010216315357.jpg	188106	b85d4693df32da5080805eb8b8cda85b0f65132c2390c683791498a5d1025b66	b85d4693df32da5080805eb8b8cda85b0f65132c2390c683791498a5d1025b66	
UploadFiles/UploadFiles/201901/2019010216323045.jpg	UploadFiles/UploadFiles/201901/2019010216323045.jpg	189552	0b10736e932e4a5ef5fbc6d99ef29db8ba119ada24e1a78a3f54ebbd902190e5	0b10736e932e4a5ef5fbc6d99ef29db8ba119ada24e1a78a3f54ebbd902190e5	
UploadFiles/UploadFiles/201901/2019010216323060.jpg	UploadFiles/UploadFiles/201901/2019010216323060.jpg	188395	f7471f746046e81557326fb102c9ee8dc876616b6fd7a97e08976ca3bb6f674a	f7471f746046e81557326fb102c9ee8dc876616b6fd7a97e08976ca3bb6f674a	
UploadFiles/UploadFiles/201901/2019010216323063.jpg	UploadFiles/UploadFiles/201901/2019010216323063.jpg	177955	d50ee56945525f39b32f3257b1fcac13bdbf120883bbba48cfabb2916c5449dc	d50ee56945525f39b32f3257b1fcac13bdbf120883bbba48cfabb2916c5449dc	
UploadFiles/UploadFiles/201901/2019010216323072.jpg	UploadFiles/UploadFiles/201901/2019010216323072.jpg	134292	0b0ffc1a5458d03663a9cc2023b567bb44ea1ba8ee3587b8d3b53b2c76a607d4	0b0ffc1a5458d03663a9cc2023b567bb44ea1ba8ee3587b8d3b53b2c76a607d4	
UploadFiles/UploadFiles/201901/2019010216323081.jpg	UploadFiles/UploadFiles/201901/2019010216323081.jpg	174327	90b4d44b95e1d86b9e579825420b1aad6807343ca9ece34d49dd59dd4176f3c1	90b4d44b95e1d86b9e579825420b1aad6807343ca9ece34d49dd59dd4176f3c1	
UploadFiles/UploadFiles/201901/2019010216323082.jpg	UploadFiles/UploadFiles/201901/2019010216323082.jpg	164555	ae4c104bc89493af617b325404e33b099c54e6be54eebbf828122c7f9fe404bf	ae4c104bc89493af617b325404e33b099c54e6be54eebbf828122c7f9fe404bf	
UploadFiles/UploadFiles/201901/2019010216323090.jpg	UploadFiles/UploadFiles/201901/2019010216323090.jpg	185069	b78c696f5323bc207ef5c6978940c9a114221499c807024a9461864ecc49da20	b78c696f5323bc207ef5c6978940c9a114221499c807024a9461864ecc49da20	
UploadFiles/UploadFiles/201901/2019010216323091.jpg	UploadFiles/UploadFiles/201901/2019010216323091.jpg	206406	4667c39f51130f412a28a44dedc630c02e2b46d61cc92342b05be289a0810bc7	4667c39f51130f412a28a44dedc630c02e2b46d61cc92342b05be289a0810bc7	
UploadFiles/UploadFiles/201901/2019010513135385.jpg	UploadFiles/UploadFiles/201901/2019010513135385.jpg	452095	f3231409a2112f2a4f618f3c0bc348de5428b109d4cbd332335894d00ccaa21e	f3231409a2112f2a4f618f3c0bc348de5428b109d4cbd332335894d00ccaa21e	
UploadFiles/UploadFiles/201901/2019010710304814.jpg	UploadFiles/UploadFiles/201901/2019010710304814.jpg	2344425	b2004bcb1db1cf431d282ce34726b952a403b0be2ace549dc156b04c55296cf1	b2004bcb1db1cf431d282ce34726b952a403b0be2ace549dc156b04c55296cf1	
UploadFiles/UploadFiles/201901/2019010710304840.jpg	UploadFiles/UploadFiles/201901/2019010710304840.jpg	2379798	c7a339f5436557892c62f015127b006ee1b2305b10bc6a2707a08b79c8637e2e	c7a339f5436557892c62f015127b006ee1b2305b10bc6a2707a08b79c8637e2e	
UploadFiles/UploadFiles/201901/2019010710304862.jpg	UploadFiles/UploadFiles/201901/2019010710304862.jpg	2444045	981cb6de581be996cde70609b8ef671f9b781cb01702ff48e4958deda4bd1666	981cb6de581be996cde70609b8ef671f9b781cb01702ff48e4958deda4bd1666	
UploadFiles/UploadFiles/201901/2019010710434509.jpg	UploadFiles/UploadFiles/201901/2019010710434509.jpg	144148	b6396a503e8eb2f1c0b0fa3ca16c6e714d5998f7db9b250805e979e52b26ece7	b6396a503e8eb2f1c0b0fa3ca16c6e714d5998f7db9b250805e979e52b26ece7	
UploadFiles/UploadFiles/201901/2019010710434517.jpg	UploadFiles/UploadFiles/201901/2019010710434517.jpg	169143	f836bf3ada9e392d5d21fe9b7fa7a4c72627699d84e50a4c7022e58c5d8db5cc	f836bf3ada9e392d5d21fe9b7fa7a4c72627699d84e50a4c7022e58c5d8db5cc	
UploadFiles/UploadFiles/201901/2019010710434526.jpg	UploadFiles/UploadFiles/201901/2019010710434526.jpg	148727	40d734b9ca5c85e5e45709decdc32adb30f4b97c2722c81f5d97d0e5f4373c9e	40d734b9ca5c85e5e45709decdc32adb30f4b97c2722c81f5d97d0e5f4373c9e	
UploadFiles/UploadFiles/201901/2019010710434586.jpg	UploadFiles/UploadFiles/201901/2019010710434586.jpg	109680	ef86489c89798f7faac9cb8dd17301d0679d88e05e0f1c128eda546f97c6bf84	ef86489c89798f7faac9cb8dd17301d0679d88e05e0f1c128eda546f97c6bf84	
UploadFiles/UploadFiles/201901/2019010717031932.jpg	UploadFiles/UploadFiles/201901/2019010717031932.jpg	211967	8e89687655ab28681d9e4d16f6da32849c543331978fcd3bd3b9adb93641a1c0	8e89687655ab28681d9e4d16f6da32849c543331978fcd3bd3b9adb93641a1c0	
UploadFiles/UploadFiles/201901/2019010717031960.jpg	UploadFiles/UploadFiles/201901/2019010717031960.jpg	200188	17de5c21d435c50fb3f084d9169294f69669145778651504158954a15177c05b	17de5c21d435c50fb3f084d9169294f69669145778651504158954a15177c05b	
UploadFiles/UploadFiles/201901/2019010717031968.jpg	UploadFiles/UploadFiles/201901/2019010717031968.jpg	195752	957672f3b70f84257de958f609d26798a9e7144e2286c80c01993aff5ae8e020	957672f3b70f84257de958f609d26798a9e7144e2286c80c01993aff5ae8e020	
UploadFiles/UploadFiles/201901/2019010717031971.jpg	UploadFiles/UploadFiles/201901/2019010717031971.jpg	205222	29553411b22f376f8d5cd030821bf9b0b47eb13bf92d3b56397f17a24dd35434	29553411b22f376f8d5cd030821bf9b0b47eb13bf92d3b56397f17a24dd35434	
UploadFiles/UploadFiles/201901/2019010812272195.jpg	UploadFiles/UploadFiles/201901/2019010812272195.jpg	4585369	fcc3d8e45a7dfedf26e8e5bf8eab950b71e8dabc01901c319924a07bf3bca684	fcc3d8e45a7dfedf26e8e5bf8eab950b71e8dabc01901c319924a07bf3bca684	
UploadFiles/UploadFiles/201901/2019010915470217.jpg	UploadFiles/UploadFiles/201901/2019010915470217.jpg	118139	4da086cf91501c6640384e0f972560099fd0ba6c50fbc1bbdf3149f08f9dcd0c	4da086cf91501c6640384e0f972560099fd0ba6c50fbc1bbdf3149f08f9dcd0c	
UploadFiles/UploadFiles/201901/2019010915470274.jpg	UploadFiles/UploadFiles/201901/2019010915470274.jpg	123579	c384dc887e27ed4dd1ed412355370caa2753095e37f7a5d85e2ad32bc48de667	c384dc887e27ed4dd1ed412355370caa2753095e37f7a5d85e2ad32bc48de667	
UploadFiles/UploadFiles/201901/2019010915470277.jpg	UploadFiles/UploadFiles/201901/2019010915470277.jpg	119914	c5e98c146fa10434cf137200813c04886626bd9e99439d8414cf284778fbdb2e	c5e98c146fa10434cf137200813c04886626bd9e99439d8414cf284778fbdb2e	
UploadFiles/UploadFiles/201901/2019010915470298.jpg	UploadFiles/UploadFiles/201901/2019010915470298.jpg	93778	85df1c35720df8a35c263e175d797cf727aee20370b833a11cf16db885c82f24	85df1c35720df8a35c263e175d797cf727aee20370b833a11cf16db885c82f24	
UploadFiles/UploadFiles/201901/2019010915470299.jpg	UploadFiles/UploadFiles/201901/2019010915470299.jpg	104279	857e49f1d9fced862b1c8b16b23432566f5a25ade04adbfa370b94380be0fc51	857e49f1d9fced862b1c8b16b23432566f5a25ade04adbfa370b94380be0fc51	
UploadFiles/UploadFiles/201901/2019010915473062.png	UploadFiles/UploadFiles/201901/2019010915473062.png	971470	66e1f735ea0dd7598655b5bd9a6b7879dc643efbd99de10cd62a0a3c3cb26e3a	66e1f735ea0dd7598655b5bd9a6b7879dc643efbd99de10cd62a0a3c3cb26e3a	
UploadFiles/UploadFiles/201901/2019010915473076.jpg	UploadFiles/UploadFiles/201901/2019010915473076.jpg	158605	78c1d426d2125f086a5c66bfb0fc90b9c350e9906c5c05b5f4bfaf67af5a1332	78c1d426d2125f086a5c66bfb0fc90b9c350e9906c5c05b5f4bfaf67af5a1332	
UploadFiles/UploadFiles/201901/2019010915473084.jpg	UploadFiles/UploadFiles/201901/2019010915473084.jpg	111878	72bff3ba4e7191883e96a14b4f1e24679e7d81dde3f7851cbb04ae85895e339e	72bff3ba4e7191883e96a14b4f1e24679e7d81dde3f7851cbb04ae85895e339e	
UploadFiles/UploadFiles/201901/2019010915473092.jpg	UploadFiles/UploadFiles/201901/2019010915473092.jpg	184082	1af3389e9a50f7bdc43eb185cc47b84337e55f5fbdf9d4a18b361ad17210ec9e	1af3389e9a50f7bdc43eb185cc47b84337e55f5fbdf9d4a18b361ad17210ec9e	
UploadFiles/UploadFiles/201901/2019010915473095.jpg	UploadFiles/UploadFiles/201901/2019010915473095.jpg	115801	6d91bc54271ece4eed2e5eaf5a24f9384dccc44da0d93701bade85a2b0d46c03	6d91bc54271ece4eed2e5eaf5a24f9384dccc44da0d93701bade85a2b0d46c03	
UploadFiles/UploadFiles/201901/2019010915480136.jpg	UploadFiles/UploadFiles/201901/2019010915480136.jpg	133389	3f1115272589bea36aa47579d9be5147d242640e317efc58fa0a9851ba3c5638	3f1115272589bea36aa47579d9be5147d242640e317efc58fa0a9851ba3c5638	
UploadFiles/UploadFiles/201901/2019010915480158.jpg	UploadFiles/UploadFiles/201901/2019010915480158.jpg	156653	6e4361f4324e21ae020fee8797028b9906c8ce5fa283957973f90fc11e89b6eb	6e4361f4324e21ae020fee8797028b9906c8ce5fa283957973f90fc11e89b6eb	
UploadFiles/UploadFiles/201901/2019010915480166.jpg	UploadFiles/UploadFiles/201901/2019010915480166.jpg	100568	73993b2809e080bba31fa9c5afc1bca5d85b7eb5a20e50ee0bbf73013fe88525	73993b2809e080bba31fa9c5afc1bca5d85b7eb5a20e50ee0bbf73013fe88525	
UploadFiles/UploadFiles/201901/2019010916510326.jpg	UploadFiles/UploadFiles/201901/2019010916510326.jpg	96323	759faf0179c110830ddfcd677e571aba1334b90b0b04d2fa30ac8fc431ee745a	759faf0179c110830ddfcd677e571aba1334b90b0b04d2fa30ac8fc431ee745a	
UploadFiles/UploadFiles/201901/2019011009445503.jpg	UploadFiles/UploadFiles/201901/2019011009445503.jpg	150094	f464fd20309349eccc6ce219f46df64eda91c5294f47c9af7f8e2d0d7897e91f	f464fd20309349eccc6ce219f46df64eda91c5294f47c9af7f8e2d0d7897e91f	
UploadFiles/UploadFiles/201901/2019011009445512.jpg	UploadFiles/UploadFiles/201901/2019011009445512.jpg	81935	f682e748f74276a4e4490b9e7fba1fe6d278e201ac4980c2184ac09547bed079	f682e748f74276a4e4490b9e7fba1fe6d278e201ac4980c2184ac09547bed079	
UploadFiles/UploadFiles/201901/2019011009445572.jpg	UploadFiles/UploadFiles/201901/2019011009445572.jpg	115337	0ad8b0cac8fccc4ab13308456d34b840bb001987615adb7b5055b34531b68208	0ad8b0cac8fccc4ab13308456d34b840bb001987615adb7b5055b34531b68208	
UploadFiles/UploadFiles/201901/2019011009445575.jpg	UploadFiles/UploadFiles/201901/2019011009445575.jpg	114591	2b7f70ce9dfbe388a29e5c5fc28565db6add0ee7425018d45295dac31f5480a3	2b7f70ce9dfbe388a29e5c5fc28565db6add0ee7425018d45295dac31f5480a3	
UploadFiles/UploadFiles/201901/2019011009445593.jpg	UploadFiles/UploadFiles/201901/2019011009445593.jpg	83187	50079d87e220dd7107ca10e610dfe3e740143cee38ebe0b42e6d00db3d3a4afe	50079d87e220dd7107ca10e610dfe3e740143cee38ebe0b42e6d00db3d3a4afe	
UploadFiles/UploadFiles/201901/2019011009445594.jpg	UploadFiles/UploadFiles/201901/2019011009445594.jpg	89188	e18878544f958481dfd720c8f5ea0ed940929f3219f7eb34592e91beb03df20d	e18878544f958481dfd720c8f5ea0ed940929f3219f7eb34592e91beb03df20d	
UploadFiles/UploadFiles/201901/2019011009452812.jpg	UploadFiles/UploadFiles/201901/2019011009452812.jpg	168068	d1184cfc267b22ec853313c86669df0e2d9cf89addef1fe477a097c938dc6506	d1184cfc267b22ec853313c86669df0e2d9cf89addef1fe477a097c938dc6506	
UploadFiles/UploadFiles/201901/2019011009452815.jpg	UploadFiles/UploadFiles/201901/2019011009452815.jpg	129313	cd5cf6da10c97ab99fc683b312896ca55e648ca20672115c5bda2afcc531135f	cd5cf6da10c97ab99fc683b312896ca55e648ca20672115c5bda2afcc531135f	
UploadFiles/UploadFiles/201901/2019011009452832.jpg	UploadFiles/UploadFiles/201901/2019011009452832.jpg	136903	6de8b14e3d3834f80f8a5f18117ec5ed039f9f0b6d13780dc3562a4118ef7bc1	6de8b14e3d3834f80f8a5f18117ec5ed039f9f0b6d13780dc3562a4118ef7bc1	
UploadFiles/UploadFiles/201901/2019011009452833.jpg	UploadFiles/UploadFiles/201901/2019011009452833.jpg	178648	dd0d840a8ff71844980c292541a27217017118aa03676b5712e87f8997293e01	dd0d840a8ff71844980c292541a27217017118aa03676b5712e87f8997293e01	
UploadFiles/UploadFiles/201901/2019011009452841.jpg	UploadFiles/UploadFiles/201901/2019011009452841.jpg	89896	41683d1f7a2a890fab04144688ce68fc78ccb3b1061d193f01c3575dda595782	41683d1f7a2a890fab04144688ce68fc78ccb3b1061d193f01c3575dda595782	
UploadFiles/UploadFiles/201901/2019011009452842.jpg	UploadFiles/UploadFiles/201901/2019011009452842.jpg	85722	f6af9b221d7f7a4557faed4070382ff7e58137ff0668e68d20148951d23355fd	f6af9b221d7f7a4557faed4070382ff7e58137ff0668e68d20148951d23355fd	
UploadFiles/UploadFiles/201901/2019011009452851.jpg	UploadFiles/UploadFiles/201901/2019011009452851.jpg	172201	4645e8dad0b0e8bdf7e4a47fb81a9322b092e93cd99ec93d131015fab3008682	4645e8dad0b0e8bdf7e4a47fb81a9322b092e93cd99ec93d131015fab3008682	
UploadFiles/UploadFiles/201901/2019011108025514.jpg	UploadFiles/UploadFiles/201901/2019011108025514.jpg	192191	37b2c43299e1d2e897fbcc489b880fbb93f852de18a27423ecdf1bf7d2b31a95	37b2c43299e1d2e897fbcc489b880fbb93f852de18a27423ecdf1bf7d2b31a95	
UploadFiles/UploadFiles/201901/2019011108160170.png	UploadFiles/UploadFiles/201901/2019011108160170.png	103353	405382f82ce2d25a906d2a0dcebae09ae42c7ea37addc865a7f505f5179ec04d	405382f82ce2d25a906d2a0dcebae09ae42c7ea37addc865a7f505f5179ec04d	
UploadFiles/UploadFiles/201901/2019011710342438.jpg	UploadFiles/UploadFiles/201901/2019011710342438.jpg	2124774	38fdd16c6b468d5e0381ab28ac6449e6286fa9637ced05fdff490b2695158b77	38fdd16c6b468d5e0381ab28ac6449e6286fa9637ced05fdff490b2695158b77	
UploadFiles/UploadFiles/201901/2019011710342460.jpg	UploadFiles/UploadFiles/201901/2019011710342460.jpg	1066163	4f26f0f5297991a0acef176987387d3e33122c20278bfcc5e69e7c068e106216	4f26f0f5297991a0acef176987387d3e33122c20278bfcc5e69e7c068e106216	
UploadFiles/UploadFiles/201901/2019011710342477.jpg	UploadFiles/UploadFiles/201901/2019011710342477.jpg	1943636	fdadd215ec4e2392dd84097097167ce25b00dac41ab672363a2593bd58416608	fdadd215ec4e2392dd84097097167ce25b00dac41ab672363a2593bd58416608	
UploadFiles/UploadFiles/201901/2019011710342499.jpg	UploadFiles/UploadFiles/201901/2019011710342499.jpg	1516918	759848e7c05adde10a4f31e89c7bc9a5ebb4f23bd2888edfacdac1da75c0dff6	759848e7c05adde10a4f31e89c7bc9a5ebb4f23bd2888edfacdac1da75c0dff6	
UploadFiles/UploadFiles/201901/2019011713323866.jpg	UploadFiles/UploadFiles/201901/2019011713323866.jpg	3011634	b83b58aa178a7e6d0a9b014d50c25e819386038cf6006c2c000c50db932dbd80	b83b58aa178a7e6d0a9b014d50c25e819386038cf6006c2c000c50db932dbd80	
UploadFiles/UploadFiles/201901/2019011915232527.jpg	UploadFiles/UploadFiles/201901/2019011915232527.jpg	4002721	ac0a755750974a327020ca98f725a60d81adc42d00058ec0dce51ea1eded49cd	ac0a755750974a327020ca98f725a60d81adc42d00058ec0dce51ea1eded49cd	
UploadFiles/UploadFiles/201901/2019012311064985.jpg	UploadFiles/UploadFiles/201901/2019012311064985.jpg	46681	fe5a72f7ded60a1156d33c0a18c09a2bcb4c1e8011ec9621190ddcf40ec7c783	fe5a72f7ded60a1156d33c0a18c09a2bcb4c1e8011ec9621190ddcf40ec7c783	
UploadFiles/UploadFiles/201901/2019012311072533.jpg	UploadFiles/UploadFiles/201901/2019012311072533.jpg	43011	2f89315ec171190769b426ca61a51cf5f2591f61eb1c007fc5d28e4979dd9425	2f89315ec171190769b426ca61a51cf5f2591f61eb1c007fc5d28e4979dd9425	
UploadFiles/UploadFiles/201901/2019012311083382.png	UploadFiles/UploadFiles/201901/2019012311083382.png	200821	3e0b98c86bc02cb4952f64a7882686e616a0f5493384df0b59fb10b10891b119	3e0b98c86bc02cb4952f64a7882686e616a0f5493384df0b59fb10b10891b119	
UploadFiles/UploadFiles/201901/2019012416070558.jpg	UploadFiles/UploadFiles/201901/2019012416070558.jpg	82293	22679fe17e380ac18a58402bc26baab8395276c614986a0f1079007e301cc222	22679fe17e380ac18a58402bc26baab8395276c614986a0f1079007e301cc222	
UploadFiles/UploadFiles/201901/2019012416070580.jpg	UploadFiles/UploadFiles/201901/2019012416070580.jpg	137670	0336fd405ced65e2309cfff18de125e05cb1e39c9a91adfa8cc5af9a822dd8c2	0336fd405ced65e2309cfff18de125e05cb1e39c9a91adfa8cc5af9a822dd8c2	
UploadFiles/UploadFiles/201901/2019012416070588.jpg	UploadFiles/UploadFiles/201901/2019012416070588.jpg	176783	f1d8bafe4fc8800717971f112665e841820135e689693d848a444bf7a3ae87e0	f1d8bafe4fc8800717971f112665e841820135e689693d848a444bf7a3ae87e0	
UploadFiles/UploadFiles/201901/2019012416070597.jpg	UploadFiles/UploadFiles/201901/2019012416070597.jpg	153068	ffd5edd762e14076f4eef8637febc76843608a800200fd52edaa2c9d5b1706b6	ffd5edd762e14076f4eef8637febc76843608a800200fd52edaa2c9d5b1706b6	
UploadFiles/UploadFiles/201901/2019012416111616.jpg	UploadFiles/UploadFiles/201901/2019012416111616.jpg	122599	80a7c9a71ed49674923e44c986b6da8528979165a49c4b37d376ede59b53a30f	80a7c9a71ed49674923e44c986b6da8528979165a49c4b37d376ede59b53a30f	
UploadFiles/UploadFiles/201901/2019012416111620.jpg	UploadFiles/UploadFiles/201901/2019012416111620.jpg	101056	b0300c078780b2b60a52b4e35bbaa5e674dd80791b9cf617eb2aa854b30a9900	b0300c078780b2b60a52b4e35bbaa5e674dd80791b9cf617eb2aa854b30a9900	
UploadFiles/UploadFiles/201901/2019012416111632.jpg	UploadFiles/UploadFiles/201901/2019012416111632.jpg	115148	c0cb10697c1a419991e7d96faba4e9335d689286b17216ab1c6d2d8d815fc585	c0cb10697c1a419991e7d96faba4e9335d689286b17216ab1c6d2d8d815fc585	
UploadFiles/UploadFiles/201901/2019012416111633.jpg	UploadFiles/UploadFiles/201901/2019012416111633.jpg	116055	b742f4e42177001d7b55e999f021aa8beab6dd3ba8cb46deddf3f7a0f24d89e7	b742f4e42177001d7b55e999f021aa8beab6dd3ba8cb46deddf3f7a0f24d89e7	
UploadFiles/UploadFiles/201901/2019012416111637.jpg	UploadFiles/UploadFiles/201901/2019012416111637.jpg	74966	eda22b0fb701ece331847d3e41340c22aab97fa05dcd974362b45ba5c25cf317	eda22b0fb701ece331847d3e41340c22aab97fa05dcd974362b45ba5c25cf317	
UploadFiles/UploadFiles/201901/2019012416111640.jpg	UploadFiles/UploadFiles/201901/2019012416111640.jpg	130593	a03b8766ca6d86cd3c4263d8ebba6f141c515a5737ae2211c82faccf554102f5	a03b8766ca6d86cd3c4263d8ebba6f141c515a5737ae2211c82faccf554102f5	
UploadFiles/UploadFiles/201901/2019012416111646.jpg	UploadFiles/UploadFiles/201901/2019012416111646.jpg	87224	8b67e23e4aa7ed8019e89a5523b728f609282eb5763f6f9bab71a5a7b9a5f860	8b67e23e4aa7ed8019e89a5523b728f609282eb5763f6f9bab71a5a7b9a5f860	
UploadFiles/UploadFiles/201901/2019012416111656.jpg	UploadFiles/UploadFiles/201901/2019012416111656.jpg	100703	2dc3b43c1da8a68efff9d11ea66865be835a66c747ad505ea864719c19eed066	2dc3b43c1da8a68efff9d11ea66865be835a66c747ad505ea864719c19eed066	
UploadFiles/UploadFiles/201901/2019012416111666.jpg	UploadFiles/UploadFiles/201901/2019012416111666.jpg	101644	2e3d2ce222b03ada847abe772bae5ee5550c9e79583e7c12136478db55158820	2e3d2ce222b03ada847abe772bae5ee5550c9e79583e7c12136478db55158820	
UploadFiles/UploadFiles/201901/2019012517373338.jpg	UploadFiles/UploadFiles/201901/2019012517373338.jpg	3624373	ebf5e6377220424f2074b0ced70c838b99f32a3a2c4ee4bf16049ddb9b9c9ae9	ebf5e6377220424f2074b0ced70c838b99f32a3a2c4ee4bf16049ddb9b9c9ae9	
UploadFiles/UploadFiles/201901/2019012517375089.jpg	UploadFiles/UploadFiles/201901/2019012517375089.jpg	3430532	ee284483a73c2f6e54e1245d2c8e9795d7d213872831fb56dff3691235b71f2e	ee284483a73c2f6e54e1245d2c8e9795d7d213872831fb56dff3691235b71f2e	
UploadFiles/UploadFiles/201902/2019021909523853.jpg	UploadFiles/UploadFiles/201902/2019021909523853.jpg	919790	5e08da2317c6657ee4a29781946a95f40d004f1b6200f6fd4f4ac25991e294d1	5e08da2317c6657ee4a29781946a95f40d004f1b6200f6fd4f4ac25991e294d1	
UploadFiles/UploadFiles/201902/2019021909525858.jpg	UploadFiles/UploadFiles/201902/2019021909525858.jpg	895911	0a6091447198c8f28e7a2088cb825b983299b47f0d5c1bb934560c0b70cc1619	0a6091447198c8f28e7a2088cb825b983299b47f0d5c1bb934560c0b70cc1619	
UploadFiles/UploadFiles/201902/2019021911120791.jpg	UploadFiles/UploadFiles/201902/2019021911120791.jpg	68764	32a8f274aecb073aa035da611229643676a2fa261c608f6e8578ef1ec3ba7555	32a8f274aecb073aa035da611229643676a2fa261c608f6e8578ef1ec3ba7555	
UploadFiles/UploadFiles/201902/2019021913504540.jpg	UploadFiles/UploadFiles/201902/2019021913504540.jpg	70192	9c6f0252edf0a0994d02ba3345cb48ea68b90a72864bc174c295b81d3eb8d6eb	9c6f0252edf0a0994d02ba3345cb48ea68b90a72864bc174c295b81d3eb8d6eb	
UploadFiles/UploadFiles/201902/2019022015323228.jpg	UploadFiles/UploadFiles/201902/2019022015323228.jpg	119328	b674448e3b0c785128342cbacf016ddcc2c676cfc3934ed14f478c85bb2bef89	b674448e3b0c785128342cbacf016ddcc2c676cfc3934ed14f478c85bb2bef89	
UploadFiles/UploadFiles/201902/2019022015323231.jpg	UploadFiles/UploadFiles/201902/2019022015323231.jpg	109096	95c50b4459d83e30d0035bd1754ec4f3ec6ecd14e18c2b88247b71238e56442e	95c50b4459d83e30d0035bd1754ec4f3ec6ecd14e18c2b88247b71238e56442e	
UploadFiles/UploadFiles/201902/2019022015323244.jpg	UploadFiles/UploadFiles/201902/2019022015323244.jpg	117751	d0734191e1fc4a8a3250514963545423a8f78483ec158cb5ef7bc5795af1442b	d0734191e1fc4a8a3250514963545423a8f78483ec158cb5ef7bc5795af1442b	
UploadFiles/UploadFiles/201902/2019022015323249.jpg	UploadFiles/UploadFiles/201902/2019022015323249.jpg	125235	a2538d3b0b4f9e5f7a455321fab322115c4f14f317e04017b1c790913242b846	a2538d3b0b4f9e5f7a455321fab322115c4f14f317e04017b1c790913242b846	
UploadFiles/UploadFiles/201902/2019022015323252.jpg	UploadFiles/UploadFiles/201902/2019022015323252.jpg	123569	25bbe57e6ae006125c965830f125aebc777043e25b76a62a80f6c5da37cc9cde	25bbe57e6ae006125c965830f125aebc777043e25b76a62a80f6c5da37cc9cde	
UploadFiles/UploadFiles/201902/2019022015323267.jpg	UploadFiles/UploadFiles/201902/2019022015323267.jpg	105670	fa9d8671327f8a683c71f438341dc413e5cc975a8efb46cdc79c30affe1890bf	fa9d8671327f8a683c71f438341dc413e5cc975a8efb46cdc79c30affe1890bf	
UploadFiles/UploadFiles/201902/2019022015385614.jpg	UploadFiles/UploadFiles/201902/2019022015385614.jpg	118544	41fdbd1f2b95e0e702bd02dd59719e91ad080ebde29f3ac06e766aa6120e65c3	41fdbd1f2b95e0e702bd02dd59719e91ad080ebde29f3ac06e766aa6120e65c3	
UploadFiles/UploadFiles/201902/2019022015385617.jpg	UploadFiles/UploadFiles/201902/2019022015385617.jpg	93519	2d95148e95280eeacb9012301938c157b467f3948eab564fa6c1f11e909ce2ca	2d95148e95280eeacb9012301938c157b467f3948eab564fa6c1f11e909ce2ca	
UploadFiles/UploadFiles/201902/2019022015385634.jpg	UploadFiles/UploadFiles/201902/2019022015385634.jpg	119979	15bd6b4258f11e688be0219aad6e0c23dbcb2781dc1f06f93e5f3618d6548548	15bd6b4258f11e688be0219aad6e0c23dbcb2781dc1f06f93e5f3618d6548548	
UploadFiles/UploadFiles/201902/2019022015385642.jpg	UploadFiles/UploadFiles/201902/2019022015385642.jpg	87179	1dcf28673b03ce67555ff27f49b40efef8b5624315a85b064f1201a54f0e126b	1dcf28673b03ce67555ff27f49b40efef8b5624315a85b064f1201a54f0e126b	
UploadFiles/UploadFiles/201902/2019022015385643.jpg	UploadFiles/UploadFiles/201902/2019022015385643.jpg	85521	33e62594a05b85afc5e348541000e892abe1be7ad9681e15d587d37842520aeb	33e62594a05b85afc5e348541000e892abe1be7ad9681e15d587d37842520aeb	
UploadFiles/UploadFiles/201902/2019022015385650.jpg	UploadFiles/UploadFiles/201902/2019022015385650.jpg	125081	b6369181f2b0f89dafb695588aba9610998143b6a853324ff841c7604fed7d1b	b6369181f2b0f89dafb695588aba9610998143b6a853324ff841c7604fed7d1b	
UploadFiles/UploadFiles/201902/2019022015385653.jpg	UploadFiles/UploadFiles/201902/2019022015385653.jpg	116859	147bdab171f1aa3e56ef559b615f692bd314cd43edd46b47b32883b18406f35c	147bdab171f1aa3e56ef559b615f692bd314cd43edd46b47b32883b18406f35c	
UploadFiles/UploadFiles/201902/2019022015392124.jpg	UploadFiles/UploadFiles/201902/2019022015392124.jpg	82801	39b811c25b7ba55cb1b0c90bf5dc8222168acc9e6e7d7f17cf4a3784de96b40e	39b811c25b7ba55cb1b0c90bf5dc8222168acc9e6e7d7f17cf4a3784de96b40e	
UploadFiles/UploadFiles/201902/2019022015392127.jpg	UploadFiles/UploadFiles/201902/2019022015392127.jpg	205134	1fc9ed71669eb735d00ff080d5330903d4e16e781f22b455e341d76a428ad831	1fc9ed71669eb735d00ff080d5330903d4e16e781f22b455e341d76a428ad831	
UploadFiles/UploadFiles/201902/2019022015392145.jpg	UploadFiles/UploadFiles/201902/2019022015392145.jpg	182853	eeee3ce4da03a82fb29b669567da9db996d70e6954632541f27becfc877a3f80	eeee3ce4da03a82fb29b669567da9db996d70e6954632541f27becfc877a3f80	
UploadFiles/UploadFiles/201902/2019022015392146.jpg	UploadFiles/UploadFiles/201902/2019022015392146.jpg	87688	326c1b6e10136c68e17df20a82a5a224d4eacc58f39cf10aff9f32afc509bc50	326c1b6e10136c68e17df20a82a5a224d4eacc58f39cf10aff9f32afc509bc50	
UploadFiles/UploadFiles/201902/2019022015392160.jpg	UploadFiles/UploadFiles/201902/2019022015392160.jpg	115660	b83aa60a8a165eec32fc67b5fe00cfb059575104c2208ae0ecc1d9fd7ced4bfd	b83aa60a8a165eec32fc67b5fe00cfb059575104c2208ae0ecc1d9fd7ced4bfd	
UploadFiles/UploadFiles/201902/2019022015392163.jpg	UploadFiles/UploadFiles/201902/2019022015392163.jpg	164512	c1dffead2926b92a820dbbe5d3965c175fd156934c5f65482450cfd146f2a272	c1dffead2926b92a820dbbe5d3965c175fd156934c5f65482450cfd146f2a272	
UploadFiles/UploadFiles/201902/2019022015452311.jpg	UploadFiles/UploadFiles/201902/2019022015452311.jpg	144454	000b50919f75aa06b454849e2236b50108902cd8230991b8c785efbe1a649cdf	000b50919f75aa06b454849e2236b50108902cd8230991b8c785efbe1a649cdf	
UploadFiles/UploadFiles/201902/2019022015452315.jpg	UploadFiles/UploadFiles/201902/2019022015452315.jpg	87182	d21a21c66bc416d0e2ebc0a9c13eb965619b5152aec8943e1123b73f8362b7b1	d21a21c66bc416d0e2ebc0a9c13eb965619b5152aec8943e1123b73f8362b7b1	
UploadFiles/UploadFiles/201902/2019022015452332.jpg	UploadFiles/UploadFiles/201902/2019022015452332.jpg	129407	728d107eb1d80c0d2f8105f9f5145678effa6363ab84fe80e2a54e17a57b6569	728d107eb1d80c0d2f8105f9f5145678effa6363ab84fe80e2a54e17a57b6569	
UploadFiles/UploadFiles/201902/2019022015452339.jpg	UploadFiles/UploadFiles/201902/2019022015452339.jpg	129548	191a48c5b3fbf634c7214c2ab42ff7362ce0e9152b9c4b0356a427b9a5d8781a	191a48c5b3fbf634c7214c2ab42ff7362ce0e9152b9c4b0356a427b9a5d8781a	
UploadFiles/UploadFiles/201902/2019022015452341.jpg	UploadFiles/UploadFiles/201902/2019022015452341.jpg	154921	07b15df124d50792a12eda176adb1901cdb3e95ee4736a09ad4d2c99f9a83c91	07b15df124d50792a12eda176adb1901cdb3e95ee4736a09ad4d2c99f9a83c91	
UploadFiles/UploadFiles/201902/2019022015452348.jpg	UploadFiles/UploadFiles/201902/2019022015452348.jpg	428515	18a0a32f5965c845403a9e589edb46af725b45c8f3fd4eca5e273d032fc16808	18a0a32f5965c845403a9e589edb46af725b45c8f3fd4eca5e273d032fc16808	
UploadFiles/UploadFiles/201902/2019022015452351.jpg	UploadFiles/UploadFiles/201902/2019022015452351.jpg	133298	7c8bb0c984e74ddc05929bc99e7679390b54a5d7d51eb7f7f3028917ac428a84	7c8bb0c984e74ddc05929bc99e7679390b54a5d7d51eb7f7f3028917ac428a84	
UploadFiles/UploadFiles/201902/2019022015452361.jpg	UploadFiles/UploadFiles/201902/2019022015452361.jpg	118944	cd431a1b8950fb1eeb5cb91016775ad55986cd04a8584fa7e7034253765b95ea	cd431a1b8950fb1eeb5cb91016775ad55986cd04a8584fa7e7034253765b95ea	
UploadFiles/UploadFiles/201902/2019022015455700.jpg	UploadFiles/UploadFiles/201902/2019022015455700.jpg	236583	4dac121c0af878df43e89df8322358b6818b160a1f79258921a33d7431fc2988	4dac121c0af878df43e89df8322358b6818b160a1f79258921a33d7431fc2988	
UploadFiles/UploadFiles/201902/2019022015455704.jpg	UploadFiles/UploadFiles/201902/2019022015455704.jpg	101827	20716c675e2fcafe0775922f1c37d8cfba60de3e6f2985ec82b74d6de3d4f1aa	20716c675e2fcafe0775922f1c37d8cfba60de3e6f2985ec82b74d6de3d4f1aa	
UploadFiles/UploadFiles/201902/2019022015455770.jpg	UploadFiles/UploadFiles/201902/2019022015455770.jpg	138654	26036f642183d78ade72ac83b7b687d2f791b06aa1e84560d40e19dc724bdf72	26036f642183d78ade72ac83b7b687d2f791b06aa1e84560d40e19dc724bdf72	
UploadFiles/UploadFiles/201902/2019022015455792.jpg	UploadFiles/UploadFiles/201902/2019022015455792.jpg	216858	3c06338388a8c3ddb6a45bdc24b5b77c603c5cb0649d929a9eb6257950ed3a77	3c06338388a8c3ddb6a45bdc24b5b77c603c5cb0649d929a9eb6257950ed3a77	
UploadFiles/UploadFiles/201902/2019022015491773.jpg	UploadFiles/UploadFiles/201902/2019022015491773.jpg	71238	3c4c9310f1b48d4f83099fcc745f9026e0bfb03fb0d5f0269f09a7b58620ac74	3c4c9310f1b48d4f83099fcc745f9026e0bfb03fb0d5f0269f09a7b58620ac74	
UploadFiles/UploadFiles/201902/2019022015515123.jpg	UploadFiles/UploadFiles/201902/2019022015515123.jpg	110092	ae39bb6073b35bbb9e4ef0a4edbe67f21ab41f6f392c1515997600b646ce08a4	ae39bb6073b35bbb9e4ef0a4edbe67f21ab41f6f392c1515997600b646ce08a4	
UploadFiles/UploadFiles/201902/2019022015515132.jpg	UploadFiles/UploadFiles/201902/2019022015515132.jpg	162314	5c46599071bbc307106f93e81de162f4bdd610d5caceb7d820ec14530fe518fb	5c46599071bbc307106f93e81de162f4bdd610d5caceb7d820ec14530fe518fb	
UploadFiles/UploadFiles/201902/2019022015535714.jpg	UploadFiles/UploadFiles/201902/2019022015535714.jpg	167530	de9b6490db1767541d393f1b6b716c045f72c6ccecbf08cd4c3b6fc369cd8f7a	de9b6490db1767541d393f1b6b716c045f72c6ccecbf08cd4c3b6fc369cd8f7a	
UploadFiles/UploadFiles/201902/2019022015535717.jpg	UploadFiles/UploadFiles/201902/2019022015535717.jpg	155376	6161756021ef6b82123997db45a265dfb0fff26c07ab141f5d324513ad0888e5	6161756021ef6b82123997db45a265dfb0fff26c07ab141f5d324513ad0888e5	
UploadFiles/UploadFiles/201902/2019022015535732.jpg	UploadFiles/UploadFiles/201902/2019022015535732.jpg	177492	77f6f0a7129db10f3794428a0d8d375c85b4fc5c478284e426229d62783475d4	77f6f0a7129db10f3794428a0d8d375c85b4fc5c478284e426229d62783475d4	
UploadFiles/UploadFiles/201902/2019022015535739.jpg	UploadFiles/UploadFiles/201902/2019022015535739.jpg	138205	3697056827b26d5c29889ce248ccedfcbe65cb6e865b5aa30d4b38aa4e4849a6	3697056827b26d5c29889ce248ccedfcbe65cb6e865b5aa30d4b38aa4e4849a6	
UploadFiles/UploadFiles/201902/2019022015535747.jpg	UploadFiles/UploadFiles/201902/2019022015535747.jpg	159576	0a5ca7e3683ccef790a2ab8fc8003f3f769da4a0d75975ad9f9b84a91c3819b4	0a5ca7e3683ccef790a2ab8fc8003f3f769da4a0d75975ad9f9b84a91c3819b4	
UploadFiles/UploadFiles/201902/2019022015535750.jpg	UploadFiles/UploadFiles/201902/2019022015535750.jpg	181580	721e3d6415759d2674524b51816010386c5bacfa6e8f4325ffdd2a6f0eff09ad	721e3d6415759d2674524b51816010386c5bacfa6e8f4325ffdd2a6f0eff09ad	
UploadFiles/UploadFiles/201902/2019022016170291.jpg	UploadFiles/UploadFiles/201902/2019022016170291.jpg	545882	9a051a9bbe4a4ca5de0e41b69a41036893a4f149030a104275f1e6d35388c11d	9a051a9bbe4a4ca5de0e41b69a41036893a4f149030a104275f1e6d35388c11d	
UploadFiles/UploadFiles/201902/2019022016354300.jpg	UploadFiles/UploadFiles/201902/2019022016354300.jpg	761702	27c482bf5541cde0f1af5480f801f478a6154fe991189a8eef43d02002d61585	27c482bf5541cde0f1af5480f801f478a6154fe991189a8eef43d02002d61585	
UploadFiles/UploadFiles/201902/2019022016354316.jpg	UploadFiles/UploadFiles/201902/2019022016354316.jpg	596930	39b73248652774bd8a1bc5c46085d1f1fcf3712951f4acf8ebb4805496573f6e	39b73248652774bd8a1bc5c46085d1f1fcf3712951f4acf8ebb4805496573f6e	
UploadFiles/UploadFiles/201902/2019022016354325.jpg	UploadFiles/UploadFiles/201902/2019022016354325.jpg	498509	60f410a264b31fb31175bc4f4f2ab429230d4d4f1837a7d093df7901bd2c18c8	60f410a264b31fb31175bc4f4f2ab429230d4d4f1837a7d093df7901bd2c18c8	
UploadFiles/UploadFiles/201902/2019022016354340.jpg	UploadFiles/UploadFiles/201902/2019022016354340.jpg	418343	f41e0c07a0bf9be9fcdc576d5672ea795a35af89d2b490adc801d0b28d59bef0	f41e0c07a0bf9be9fcdc576d5672ea795a35af89d2b490adc801d0b28d59bef0	
UploadFiles/UploadFiles/201902/2019022208292717.jpg	UploadFiles/UploadFiles/201902/2019022208292717.jpg	93053	7daca847284e0cd4bab4e8bda151c67060470ac761c9c247587a4325256c736e	7daca847284e0cd4bab4e8bda151c67060470ac761c9c247587a4325256c736e	
UploadFiles/UploadFiles/201902/2019022208292726.jpg	UploadFiles/UploadFiles/201902/2019022208292726.jpg	199991	ed1f6fb60c4cc888af8959177769070bfa3d5685ad486774a317ab4e37a0ab6a	ed1f6fb60c4cc888af8959177769070bfa3d5685ad486774a317ab4e37a0ab6a	
UploadFiles/UploadFiles/201902/2019022208292731.jpg	UploadFiles/UploadFiles/201902/2019022208292731.jpg	203575	e0fcf47ee55e0409eb73d74e5cf346e9e64a1ba5d9b508d2357e7d71bdb1ae8a	e0fcf47ee55e0409eb73d74e5cf346e9e64a1ba5d9b508d2357e7d71bdb1ae8a	
UploadFiles/UploadFiles/201902/2019022208292736.jpg	UploadFiles/UploadFiles/201902/2019022208292736.jpg	95906	77b7f90a003fb5e983adb6f1331f70f6b6a9d62f4ef6d62a6371bdbe0da61cde	77b7f90a003fb5e983adb6f1331f70f6b6a9d62f4ef6d62a6371bdbe0da61cde	
UploadFiles/UploadFiles/201902/2019022208292739.jpg	UploadFiles/UploadFiles/201902/2019022208292739.jpg	95343	ff1e366c4b508a27a519cfe73645bfa3693a0f8fa277bc15bbd6b85af9527808	ff1e366c4b508a27a519cfe73645bfa3693a0f8fa277bc15bbd6b85af9527808	
UploadFiles/UploadFiles/201902/2019022208292795.jpg	UploadFiles/UploadFiles/201902/2019022208292795.jpg	86457	771808eb707a9749c29e7028848056c0bd5511f9751457fe21c0f318adf9204a	771808eb707a9749c29e7028848056c0bd5511f9751457fe21c0f318adf9204a	
UploadFiles/UploadFiles/201902/2019022208292799.jpg	UploadFiles/UploadFiles/201902/2019022208292799.jpg	206446	e9f8cd04136a90d283f9088f023afe4935e6c5acd77d937b1588dbb273ca0840	e9f8cd04136a90d283f9088f023afe4935e6c5acd77d937b1588dbb273ca0840	
UploadFiles/UploadFiles/201902/2019022215014111.png	UploadFiles/UploadFiles/201902/2019022215014111.png	70429	145eccb86f2adb02735c73231f503baa5859086aa622b58609d78436f764492e	145eccb86f2adb02735c73231f503baa5859086aa622b58609d78436f764492e	
UploadFiles/UploadFiles/201902/2019022215052132.png	UploadFiles/UploadFiles/201902/2019022215052132.png	104574	e50dbee8f91df2c126e23cecff9fb0ccf5025d70ad6b3b5e0d872fc5a08c86a4	e50dbee8f91df2c126e23cecff9fb0ccf5025d70ad6b3b5e0d872fc5a08c86a4	
UploadFiles/UploadFiles/201902/2019022509521502.jpg	UploadFiles/UploadFiles/201902/2019022509521502.jpg	151533	795a655874e033518c71e97a43b692c14d8208c7b4316c2ceb0340b5f1d36dfa	795a655874e033518c71e97a43b692c14d8208c7b4316c2ceb0340b5f1d36dfa	
UploadFiles/UploadFiles/201902/2019022509521512.jpg	UploadFiles/UploadFiles/201902/2019022509521512.jpg	441382	50c0e2b73c9637d6e1b1b78faafdfe55079d2166ebea9e9348b52450b7d08f0e	50c0e2b73c9637d6e1b1b78faafdfe55079d2166ebea9e9348b52450b7d08f0e	
UploadFiles/UploadFiles/201902/2019022509521524.jpg	UploadFiles/UploadFiles/201902/2019022509521524.jpg	1580734	b8336f31631fd391f8fbfe670e917af0b79657e8ba46a5b491b418fda68bda6a	b8336f31631fd391f8fbfe670e917af0b79657e8ba46a5b491b418fda68bda6a	
UploadFiles/UploadFiles/201902/2019022509521542.jpg	UploadFiles/UploadFiles/201902/2019022509521542.jpg	2303197	1c354d6f7b53079d4b757954305a7f28b14f5bb8f4ae3dbf45ed8374e4413cc1	1c354d6f7b53079d4b757954305a7f28b14f5bb8f4ae3dbf45ed8374e4413cc1	
UploadFiles/UploadFiles/201902/2019022509521571.jpg	UploadFiles/UploadFiles/201902/2019022509521571.jpg	2045264	151fec227811245beebaa2ed7d3ee2afac5b0d22e59369c5fec7cfe83f72c354	151fec227811245beebaa2ed7d3ee2afac5b0d22e59369c5fec7cfe83f72c354	
UploadFiles/UploadFiles/201902/2019022509521593.jpg	UploadFiles/UploadFiles/201902/2019022509521593.jpg	282804	941b5ecd3a5951bd1c1be91db9e1c2578d82f612b39af90b2c83b93fe2671ddc	941b5ecd3a5951bd1c1be91db9e1c2578d82f612b39af90b2c83b93fe2671ddc	
UploadFiles/UploadFiles/201902/2019022509572124.jpg	UploadFiles/UploadFiles/201902/2019022509572124.jpg	65276	a96d3fd0c30312a82a16165c852336338c3c474ed7343167fb32064b9aa90e25	a96d3fd0c30312a82a16165c852336338c3c474ed7343167fb32064b9aa90e25	
UploadFiles/UploadFiles/201902/2019022509572127.jpg	UploadFiles/UploadFiles/201902/2019022509572127.jpg	68144	9c7cad9db4b3396f32d522b679287d2e228dfe5594c2bb4a5cade3b7a8739cfd	9c7cad9db4b3396f32d522b679287d2e228dfe5594c2bb4a5cade3b7a8739cfd	
UploadFiles/UploadFiles/201902/2019022509572142.jpg	UploadFiles/UploadFiles/201902/2019022509572142.jpg	65995	b42747fc227a93c159e208e627c5a6faca0246692c52853e05b4b29604fd277c	b42747fc227a93c159e208e627c5a6faca0246692c52853e05b4b29604fd277c	
UploadFiles/UploadFiles/201902/2019022509572149.jpg	UploadFiles/UploadFiles/201902/2019022509572149.jpg	66018	9feed51bdef0bb63a5f887e769021f228d8bc9eaa85985dc67234f313eba23fc	9feed51bdef0bb63a5f887e769021f228d8bc9eaa85985dc67234f313eba23fc	
UploadFiles/UploadFiles/201902/2019022509572151.jpg	UploadFiles/UploadFiles/201902/2019022509572151.jpg	63439	0b22c7aab65868bc1d237f38da52693c2cee776c2b5eb603fabd828bf640f95e	0b22c7aab65868bc1d237f38da52693c2cee776c2b5eb603fabd828bf640f95e	
UploadFiles/UploadFiles/201902/2019022509572157.jpg	UploadFiles/UploadFiles/201902/2019022509572157.jpg	66520	c2437a3233c44572a9fd657d9dea649462302722eeb6c85521893afe56dedc8e	c2437a3233c44572a9fd657d9dea649462302722eeb6c85521893afe56dedc8e	
UploadFiles/UploadFiles/201902/2019022509572166.jpg	UploadFiles/UploadFiles/201902/2019022509572166.jpg	63550	8a0d1b3f3263e9dc5df26af164361c4e5088bedea2c7f52a0c8dbde85dc132e1	8a0d1b3f3263e9dc5df26af164361c4e5088bedea2c7f52a0c8dbde85dc132e1	
UploadFiles/UploadFiles/201902/2019022509572170.jpg	UploadFiles/UploadFiles/201902/2019022509572170.jpg	67986	5d5cf0d21f24f8cd724c2cfbba6ccd9af352427fa8429a7301637f1b57423e5d	5d5cf0d21f24f8cd724c2cfbba6ccd9af352427fa8429a7301637f1b57423e5d	
UploadFiles/UploadFiles/201902/2019022514072632.jpg	UploadFiles/UploadFiles/201902/2019022514072632.jpg	3071639	4fdb3e3a52113767a5f08e4456a3217ec0214901a3b78c86cced7d9bd7c9099e	4fdb3e3a52113767a5f08e4456a3217ec0214901a3b78c86cced7d9bd7c9099e	
UploadFiles/UploadFiles/201902/2019022514082418.jpg	UploadFiles/UploadFiles/201902/2019022514082418.jpg	3086603	bf938efa38ab2afebad24d9b7f50f53ee284b0860a578c363a6f98b392142d9c	bf938efa38ab2afebad24d9b7f50f53ee284b0860a578c363a6f98b392142d9c	
UploadFiles/UploadFiles/201902/2019022514100278.jpg	UploadFiles/UploadFiles/201902/2019022514100278.jpg	3086603	bf938efa38ab2afebad24d9b7f50f53ee284b0860a578c363a6f98b392142d9c	bf938efa38ab2afebad24d9b7f50f53ee284b0860a578c363a6f98b392142d9c	
UploadFiles/UploadFiles/201902/2019022816065533.jpg	UploadFiles/UploadFiles/201902/2019022816065533.jpg	153025	2b178dd1cf46dc44640fefa3f8ecd601813d70509907fdb8cfbc513e1b357ff2	2b178dd1cf46dc44640fefa3f8ecd601813d70509907fdb8cfbc513e1b357ff2	
UploadFiles/UploadFiles/201902/2019022816065543.jpg	UploadFiles/UploadFiles/201902/2019022816065543.jpg	124475	df2c65949c4483533cae08ee4e20c7590de841c01b891de3214a93f69e79fe8d	df2c65949c4483533cae08ee4e20c7590de841c01b891de3214a93f69e79fe8d	
UploadFiles/UploadFiles/201902/2019022816065555.jpg	UploadFiles/UploadFiles/201902/2019022816065555.jpg	130664	4119867255a1bcbb35f3053de57834de700aef9bdc49be0e5c5b48ce62b27441	4119867255a1bcbb35f3053de57834de700aef9bdc49be0e5c5b48ce62b27441	
UploadFiles/UploadFiles/201902/2019022816065556.png	UploadFiles/UploadFiles/201902/2019022816065556.png	390664	35418056668b72293af8ffa03dfe7b577b3f875e7e7ac2d0683797df0a488c6e	35418056668b72293af8ffa03dfe7b577b3f875e7e7ac2d0683797df0a488c6e	
UploadFiles/UploadFiles/201902/2019022816065560.jpg	UploadFiles/UploadFiles/201902/2019022816065560.jpg	97181	20115c6aa9b7035eb567367bbcbe6688de6bddd9d6c3aa4e084c005156ae97b3	20115c6aa9b7035eb567367bbcbe6688de6bddd9d6c3aa4e084c005156ae97b3	
UploadFiles/UploadFiles/201902/2019022816065563.jpg	UploadFiles/UploadFiles/201902/2019022816065563.jpg	152503	e61c0cd1cec01d7764f2ec76e979ba42892be22c6832b5b2208faa8ebe9d4fd8	e61c0cd1cec01d7764f2ec76e979ba42892be22c6832b5b2208faa8ebe9d4fd8	
UploadFiles/UploadFiles/201902/2019022816065569.jpg	UploadFiles/UploadFiles/201902/2019022816065569.jpg	142386	076a505bb2e0af0a5f0ab5500e793754eb8fe60350fb9aa59ba4de2356e3634b	076a505bb2e0af0a5f0ab5500e793754eb8fe60350fb9aa59ba4de2356e3634b	
UploadFiles/UploadFiles/201902/2019022816065573.jpg	UploadFiles/UploadFiles/201902/2019022816065573.jpg	136589	d118b10ecf4ec4e06de0a89c64085c7fcb79ee9b9990df551fed072bed23f845	d118b10ecf4ec4e06de0a89c64085c7fcb79ee9b9990df551fed072bed23f845	
UploadFiles/UploadFiles/201902/2019022816065589.png	UploadFiles/UploadFiles/201902/2019022816065589.png	237812	ba4856d4fbde65589a0b5dd106583378b8bd3668aceb567f194e7324b1750979	ba4856d4fbde65589a0b5dd106583378b8bd3668aceb567f194e7324b1750979	
UploadFiles/UploadFiles/201902/2019022816072207.jpg	UploadFiles/UploadFiles/201902/2019022816072207.jpg	101899	3ed599bdea05c4f51923013af89a0b40aed4e1144b5784503de522a28ead0a4b	3ed599bdea05c4f51923013af89a0b40aed4e1144b5784503de522a28ead0a4b	
UploadFiles/UploadFiles/201902/2019022816072215.png	UploadFiles/UploadFiles/201902/2019022816072215.png	827711	db3e183350dd31d2f59252845e400e8ac63297cbebb9b3d2602b81b6c66067e5	db3e183350dd31d2f59252845e400e8ac63297cbebb9b3d2602b81b6c66067e5	
UploadFiles/UploadFiles/201902/2019022816072284.jpg	UploadFiles/UploadFiles/201902/2019022816072284.jpg	127090	c0780644827037e65cc6086715bc50c52db29ccaa6100ed578311ab483cd99d2	c0780644827037e65cc6086715bc50c52db29ccaa6100ed578311ab483cd99d2	
UploadFiles/UploadFiles/201902/2019022816101008.jpg	UploadFiles/UploadFiles/201902/2019022816101008.jpg	106542	ece25b7810d269c5014a8cb46b3bd08ec2fd64f3e5de7b4477dd6e5e7cd5caf3	ece25b7810d269c5014a8cb46b3bd08ec2fd64f3e5de7b4477dd6e5e7cd5caf3	
UploadFiles/UploadFiles/201902/2019022816101028.jpg	UploadFiles/UploadFiles/201902/2019022816101028.jpg	100562	e2f0f6cdbd510e71c6d38393d1e37e944c5170e1fa75a92fc9f0dffc35bbfde5	e2f0f6cdbd510e71c6d38393d1e37e944c5170e1fa75a92fc9f0dffc35bbfde5	
UploadFiles/UploadFiles/201902/2019022816101029.jpg	UploadFiles/UploadFiles/201902/2019022816101029.jpg	105888	cb580b3574655a0f66d2fa77fa6dbb748455972ad086f02ef4c43f1865fd8cd0	cb580b3574655a0f66d2fa77fa6dbb748455972ad086f02ef4c43f1865fd8cd0	
UploadFiles/UploadFiles/201902/2019022816101038.jpg	UploadFiles/UploadFiles/201902/2019022816101038.jpg	143278	327c52d3117a44d4828f2cf617505c9131694d095e95a676100d67139fe7cf69	327c52d3117a44d4828f2cf617505c9131694d095e95a676100d67139fe7cf69	
UploadFiles/UploadFiles/201902/2019022816101047.jpg	UploadFiles/UploadFiles/201902/2019022816101047.jpg	125954	07ecf51bbf24d878c12f598648c131a9a39b6672843d3bc02bf723aba00beeb2	07ecf51bbf24d878c12f598648c131a9a39b6672843d3bc02bf723aba00beeb2	
UploadFiles/UploadFiles/201902/2019022816120911.jpg	UploadFiles/UploadFiles/201902/2019022816120911.jpg	119041	4ecbd0b9f42a8a6f9b862df3bae51bddd92f2d700de4a60f76821c5ca743e34b	4ecbd0b9f42a8a6f9b862df3bae51bddd92f2d700de4a60f76821c5ca743e34b	
UploadFiles/UploadFiles/201902/2019022816120913.jpg	UploadFiles/UploadFiles/201902/2019022816120913.jpg	107254	3f1225c20945d82bff16470e16eb4712ebf66001bf651b86783e32fc68c0c5c8	3f1225c20945d82bff16470e16eb4712ebf66001bf651b86783e32fc68c0c5c8	
UploadFiles/UploadFiles/201902/2019022816120920.jpg	UploadFiles/UploadFiles/201902/2019022816120920.jpg	128463	ba7304725b07e25eafcdd93c2d475c8f277ee6102059d28eb17919b76b4cd04d	ba7304725b07e25eafcdd93c2d475c8f277ee6102059d28eb17919b76b4cd04d	
UploadFiles/UploadFiles/201902/2019022816120921.jpg	UploadFiles/UploadFiles/201902/2019022816120921.jpg	132279	18ba99863a6ee71b2ce4f49b187a5f29e121c64af26fa7ad890518659ec10973	18ba99863a6ee71b2ce4f49b187a5f29e121c64af26fa7ad890518659ec10973	
UploadFiles/UploadFiles/201902/2019022816120930.jpg	UploadFiles/UploadFiles/201902/2019022816120930.jpg	123084	a646d449d8b801b7d86c4f043836b1feee00b65e89b9b829b4c032ee1d54537e	a646d449d8b801b7d86c4f043836b1feee00b65e89b9b829b4c032ee1d54537e	
UploadFiles/UploadFiles/201902/2019022816120990.jpg	UploadFiles/UploadFiles/201902/2019022816120990.jpg	88463	e889b120a7e19e2972bcaf418bde8e5b6292b264565766721dd0627b0608d2ca	e889b120a7e19e2972bcaf418bde8e5b6292b264565766721dd0627b0608d2ca	
UploadFiles/UploadFiles/201902/2019022816120993.jpg	UploadFiles/UploadFiles/201902/2019022816120993.jpg	129085	86f3a936be0eb12e32d2ec4e635b5b39055d1c85bb8dddbb724f70bf3cbf2f3f	86f3a936be0eb12e32d2ec4e635b5b39055d1c85bb8dddbb724f70bf3cbf2f3f	
UploadFiles/UploadFiles/201903/2019030116112683.jpg	UploadFiles/UploadFiles/201903/2019030116112683.jpg	557149	d3477b23d96eb5de566902051ab21ff1fecca6610e53c589d8f2b5b6c25def33	d3477b23d96eb5de566902051ab21ff1fecca6610e53c589d8f2b5b6c25def33	
UploadFiles/UploadFiles/201903/2019030116572501.jpg	UploadFiles/UploadFiles/201903/2019030116572501.jpg	100517	1cd862bfe0453c3aae78334d5a9bbac2761e527da8eb68f29556a6aa365f4272	1cd862bfe0453c3aae78334d5a9bbac2761e527da8eb68f29556a6aa365f4272	
UploadFiles/UploadFiles/201903/2019030116572509.jpg	UploadFiles/UploadFiles/201903/2019030116572509.jpg	135207	47b5c16f8890179fd1c004714a2d8b443af97e28c80ab9cc2486a8aa2d93cfca	47b5c16f8890179fd1c004714a2d8b443af97e28c80ab9cc2486a8aa2d93cfca	
UploadFiles/UploadFiles/201903/2019030116572512.jpg	UploadFiles/UploadFiles/201903/2019030116572512.jpg	101501	8430b3cd88b91c0d852d52df5aa3059fd411156cd3b209a9183e5701bf6dbf45	8430b3cd88b91c0d852d52df5aa3059fd411156cd3b209a9183e5701bf6dbf45	
UploadFiles/UploadFiles/201903/2019030116572575.jpg	UploadFiles/UploadFiles/201903/2019030116572575.jpg	98398	c47b8f0e20d1ab26b9f9cb80dbddeb4ddcedc54a129bb7f90869d711db2df5cf	c47b8f0e20d1ab26b9f9cb80dbddeb4ddcedc54a129bb7f90869d711db2df5cf	
UploadFiles/UploadFiles/201903/2019030116572578.jpg	UploadFiles/UploadFiles/201903/2019030116572578.jpg	119765	995af390b9657823b23b449a10e242e27b80c608aca8ebc0de904e492127fed8	995af390b9657823b23b449a10e242e27b80c608aca8ebc0de904e492127fed8	
UploadFiles/UploadFiles/201903/2019030116572593.jpg	UploadFiles/UploadFiles/201903/2019030116572593.jpg	108803	c008bba705c426bcdd65b346c4c76f9d2fca0e9f07396f7d5728b3a2acf09c13	c008bba705c426bcdd65b346c4c76f9d2fca0e9f07396f7d5728b3a2acf09c13	
UploadFiles/UploadFiles/201903/2019030508342816.jpg	UploadFiles/UploadFiles/201903/2019030508342816.jpg	230398	d758aa0acc522343ace42b13d62c69c3885b8d44d3a270be26924690f678674c	d758aa0acc522343ace42b13d62c69c3885b8d44d3a270be26924690f678674c	
UploadFiles/UploadFiles/201903/2019030508342861.jpg	UploadFiles/UploadFiles/201903/2019030508342861.jpg	305913	d06309359d6c98caa878a2084a6a0931bab5be428e668262a6786cf7c1007ff0	d06309359d6c98caa878a2084a6a0931bab5be428e668262a6786cf7c1007ff0	
UploadFiles/UploadFiles/201903/2019030514265618.jpg	UploadFiles/UploadFiles/201903/2019030514265618.jpg	224408	2cee237652b3a0e1ae3a92fcd4d84bfb9466aaf1ce5bd63d806d89a260e536dd	2cee237652b3a0e1ae3a92fcd4d84bfb9466aaf1ce5bd63d806d89a260e536dd	
UploadFiles/UploadFiles/201903/2019030514265639.jpg	UploadFiles/UploadFiles/201903/2019030514265639.jpg	268068	037a71aa42dc1a1a3c27afb98f70b67930935db19fa4b24a00b3480104311aef	037a71aa42dc1a1a3c27afb98f70b67930935db19fa4b24a00b3480104311aef	
UploadFiles/UploadFiles/201903/2019030514265640.jpg	UploadFiles/UploadFiles/201903/2019030514265640.jpg	141329	12fcb1ddf92c788919517d11405365f60ff7d521b60e77edeed9cbe29fbb7c69	12fcb1ddf92c788919517d11405365f60ff7d521b60e77edeed9cbe29fbb7c69	
UploadFiles/UploadFiles/201903/2019030514265648.jpg	UploadFiles/UploadFiles/201903/2019030514265648.jpg	156621	d40fb9dd4817d110b15021c1de8dd7b391f2c2c1f8a0b6b5da181a31e45b6023	d40fb9dd4817d110b15021c1de8dd7b391f2c2c1f8a0b6b5da181a31e45b6023	
UploadFiles/UploadFiles/201903/2019030514265652.jpg	UploadFiles/UploadFiles/201903/2019030514265652.jpg	115458	ada4b69d0104417054939e7b2b005e69126586ca495c99a4a11bba5c6f80d1b9	ada4b69d0104417054939e7b2b005e69126586ca495c99a4a11bba5c6f80d1b9	
UploadFiles/UploadFiles/201903/2019030514265657.jpg	UploadFiles/UploadFiles/201903/2019030514265657.jpg	30577	47215a07e9c3835d01ec088b561757d9328c12d7676dcd51b51ec30353d9cc24	47215a07e9c3835d01ec088b561757d9328c12d7676dcd51b51ec30353d9cc24	
UploadFiles/UploadFiles/201903/2019030514265679.jpg	UploadFiles/UploadFiles/201903/2019030514265679.jpg	492718	3aedd0f93eb4f8d460f5d40c36e1fa36b8469c91b25e262f88f46f3ecf95fb14	3aedd0f93eb4f8d460f5d40c36e1fa36b8469c91b25e262f88f46f3ecf95fb14	
UploadFiles/UploadFiles/201903/2019030515223162.jpg	UploadFiles/UploadFiles/201903/2019030515223162.jpg	101084	0c1627fa02c2f6b4dcd3ae9d4180a14fdd73d2e71e71da23b3c56447fb9de2dc	0c1627fa02c2f6b4dcd3ae9d4180a14fdd73d2e71e71da23b3c56447fb9de2dc	
UploadFiles/UploadFiles/201903/2019030515223170.jpg	UploadFiles/UploadFiles/201903/2019030515223170.jpg	170091	f1888c5f70307471ee631fd1c4ac84d7e9530f3d1d749fe06e582d7023a57331	f1888c5f70307471ee631fd1c4ac84d7e9530f3d1d749fe06e582d7023a57331	
UploadFiles/UploadFiles/201903/2019030515223179.jpg	UploadFiles/UploadFiles/201903/2019030515223179.jpg	154107	c842b4174994db60c419c99c5677e8267ca3a3ee6b57b057db155f1d85da53f6	c842b4174994db60c419c99c5677e8267ca3a3ee6b57b057db155f1d85da53f6	
UploadFiles/UploadFiles/201903/2019030515225725.jpg	UploadFiles/UploadFiles/201903/2019030515225725.jpg	130545	20bf09738872e8f3eb03ec156cdcfda614fb4590a86912f4cbc1656f48cee24f	20bf09738872e8f3eb03ec156cdcfda614fb4590a86912f4cbc1656f48cee24f	
UploadFiles/UploadFiles/201903/2019030515234118.jpg	UploadFiles/UploadFiles/201903/2019030515234118.jpg	154603	4ea732fc28376595ab1c3ad6f4035edd3e83495e946e4a7b1984379f8b5f5170	4ea732fc28376595ab1c3ad6f4035edd3e83495e946e4a7b1984379f8b5f5170	
UploadFiles/UploadFiles/201903/2019030515234119.jpg	UploadFiles/UploadFiles/201903/2019030515234119.jpg	149663	5bef3efe08b3553f9ca015f7651f4b31798ca017ed0a98b31d6429d66ec06b5d	5bef3efe08b3553f9ca015f7651f4b31798ca017ed0a98b31d6429d66ec06b5d	
UploadFiles/UploadFiles/201903/2019030515234128.jpg	UploadFiles/UploadFiles/201903/2019030515234128.jpg	121942	65b78e02fa88cfc7492c3d9e0771d63cebed40980fd6cd5009ace9f87551ccd1	65b78e02fa88cfc7492c3d9e0771d63cebed40980fd6cd5009ace9f87551ccd1	
UploadFiles/UploadFiles/201903/2019030515234137.jpg	UploadFiles/UploadFiles/201903/2019030515234137.jpg	145785	29327dc1d2ee446be9ec846b82408d25007d04cb97b0d623c18312bcdbd5563b	29327dc1d2ee446be9ec846b82408d25007d04cb97b0d623c18312bcdbd5563b	
UploadFiles/UploadFiles/201903/2019030515234197.jpg	UploadFiles/UploadFiles/201903/2019030515234197.jpg	102960	78d6c03ad4b03c1f7717729bf88a43c73d360af812c617525ce02aadbae08c0b	78d6c03ad4b03c1f7717729bf88a43c73d360af812c617525ce02aadbae08c0b	
UploadFiles/UploadFiles/201903/2019030515374724.jpg	UploadFiles/UploadFiles/201903/2019030515374724.jpg	77701	c0ed3ae141e17baf0c570e46af3ab81b7868e0aaffb7d3ada15132ba694bd357	c0ed3ae141e17baf0c570e46af3ab81b7868e0aaffb7d3ada15132ba694bd357	
UploadFiles/UploadFiles/201903/2019030515374746.jpg	UploadFiles/UploadFiles/201903/2019030515374746.jpg	75627	578911275a74b69bf84f93ea26b66457b2e50c9ef31ec413ce55b3512ae11d53	578911275a74b69bf84f93ea26b66457b2e50c9ef31ec413ce55b3512ae11d53	
UploadFiles/UploadFiles/201903/2019030515374754.jpg	UploadFiles/UploadFiles/201903/2019030515374754.jpg	103059	584a2d0c39f66e5824af3016fff7f2636681e0434f9d93ae5a716528a02f0cec	584a2d0c39f66e5824af3016fff7f2636681e0434f9d93ae5a716528a02f0cec	
UploadFiles/UploadFiles/201903/2019030614220006.jpg	UploadFiles/UploadFiles/201903/2019030614220006.jpg	2858193	90315a716ece88fc516012c1efee3e22cfcdf2939e19e4560880565e38cfc5ef	90315a716ece88fc516012c1efee3e22cfcdf2939e19e4560880565e38cfc5ef	
UploadFiles/UploadFiles/201903/2019030714461943.jpg	UploadFiles/UploadFiles/201903/2019030714461943.jpg	140236	330f0e881135ba3684a243ea36688dfe175e26636d2080c18a57fa3fcea1ce01	330f0e881135ba3684a243ea36688dfe175e26636d2080c18a57fa3fcea1ce01	
UploadFiles/UploadFiles/201903/2019030714461965.png	UploadFiles/UploadFiles/201903/2019030714461965.png	567467	160c49e2d7e167951c82e595fba4a7f41ff765c29add8add70d274fbdac0c019	160c49e2d7e167951c82e595fba4a7f41ff765c29add8add70d274fbdac0c019	
UploadFiles/UploadFiles/201903/2019030714461973.jpg	UploadFiles/UploadFiles/201903/2019030714461973.jpg	82715	07deb87d6bfc36e2229f70f4bbd71afc8bb3c3f9ef44530aa76d1d3c7e97e74e	07deb87d6bfc36e2229f70f4bbd71afc8bb3c3f9ef44530aa76d1d3c7e97e74e	
UploadFiles/UploadFiles/201903/2019030714464723.jpg	UploadFiles/UploadFiles/201903/2019030714464723.jpg	115517	d32da19657971894e3016d79a57cac80acf29492e02c19f8c7e7d0d48fdb33b1	d32da19657971894e3016d79a57cac80acf29492e02c19f8c7e7d0d48fdb33b1	
UploadFiles/UploadFiles/201903/2019030714464731.jpg	UploadFiles/UploadFiles/201903/2019030714464731.jpg	139343	523fcd727fd7122b7948d8933471440822f8dcc89a212c7698b597cbf2a571f4	523fcd727fd7122b7948d8933471440822f8dcc89a212c7698b597cbf2a571f4	
UploadFiles/UploadFiles/201903/2019030714464782.jpg	UploadFiles/UploadFiles/201903/2019030714464782.jpg	199972	80c1071425b8a538c965a3b20815862d3aa08690098e328fa44edb7ff89d1a04	80c1071425b8a538c965a3b20815862d3aa08690098e328fa44edb7ff89d1a04	
UploadFiles/UploadFiles/201903/2019030714472355.jpg	UploadFiles/UploadFiles/201903/2019030714472355.jpg	139843	4d557777d32127213bd3c2bfa1b9f71b61f9c08ba207281586200507728808b7	4d557777d32127213bd3c2bfa1b9f71b61f9c08ba207281586200507728808b7	
UploadFiles/UploadFiles/201903/2019030714472377.jpg	UploadFiles/UploadFiles/201903/2019030714472377.jpg	158998	64e0749eb7bb018015e03bd5ef689010de33af1c6176cdf820580f89d8717917	64e0749eb7bb018015e03bd5ef689010de33af1c6176cdf820580f89d8717917	
UploadFiles/UploadFiles/201903/2019030714472385.jpg	UploadFiles/UploadFiles/201903/2019030714472385.jpg	151710	e2927ecf8ff336316382ed4efcc58b5574c5c1e3ba3a6e879ebbe8469af15b5c	e2927ecf8ff336316382ed4efcc58b5574c5c1e3ba3a6e879ebbe8469af15b5c	
UploadFiles/UploadFiles/201903/2019030714505465.jpg	UploadFiles/UploadFiles/201903/2019030714505465.jpg	186531	c9dd2a7e5ae096cfd07971fc4ac8dce2d3457b438b9ad0cf7a47cd957756e1f3	c9dd2a7e5ae096cfd07971fc4ac8dce2d3457b438b9ad0cf7a47cd957756e1f3	
UploadFiles/UploadFiles/201903/2019031110284435.jpg	UploadFiles/UploadFiles/201903/2019031110284435.jpg	84401	c9a64b6617a57d9d75a75caac9c00ff84993421dacfacea5cd8015f2d48c414b	c9a64b6617a57d9d75a75caac9c00ff84993421dacfacea5cd8015f2d48c414b	
UploadFiles/UploadFiles/201903/2019031110284443.jpg	UploadFiles/UploadFiles/201903/2019031110284443.jpg	2353756	4806b1a5e1497235980cb296b548de45b1aef06ce31c6f79b6e6a038deb8c252	4806b1a5e1497235980cb296b548de45b1aef06ce31c6f79b6e6a038deb8c252	
UploadFiles/UploadFiles/201903/2019031110432306.jpg	UploadFiles/UploadFiles/201903/2019031110432306.jpg	119952	fdf4eced0c4ed0a12e34c24a5e2a139dd357660a981339664390df1db6d300ce	fdf4eced0c4ed0a12e34c24a5e2a139dd357660a981339664390df1db6d300ce	
UploadFiles/UploadFiles/201903/2019031110432307.jpg	UploadFiles/UploadFiles/201903/2019031110432307.jpg	127814	059642ab94162c5c9ed1547e6810b271d614566885fc422a4875f2af5b83dc73	059642ab94162c5c9ed1547e6810b271d614566885fc422a4875f2af5b83dc73	
UploadFiles/UploadFiles/201903/2019031110432316.jpg	UploadFiles/UploadFiles/201903/2019031110432316.jpg	147870	332b6a6310a4e2e0c0c373344cff7866f0321a4d27ea0ae7515db26da97f565b	332b6a6310a4e2e0c0c373344cff7866f0321a4d27ea0ae7515db26da97f565b	
UploadFiles/UploadFiles/201903/2019031110432325.jpg	UploadFiles/UploadFiles/201903/2019031110432325.jpg	143998	982956ee8c08bc7088273d1ec2f2b9d910e24069e2adcfbe1c8528b283b4d4b9	982956ee8c08bc7088273d1ec2f2b9d910e24069e2adcfbe1c8528b283b4d4b9	
UploadFiles/UploadFiles/201903/2019031110432385.jpg	UploadFiles/UploadFiles/201903/2019031110432385.jpg	146304	9bbe1996c5b7b975e59aaef842d7f03254f28b4875b83518e580cbee306aef97	9bbe1996c5b7b975e59aaef842d7f03254f28b4875b83518e580cbee306aef97	
UploadFiles/UploadFiles/201903/2019031110440509.jpg	UploadFiles/UploadFiles/201903/2019031110440509.jpg	190505	e5740312b55db85c748ffc029009f1acbf8584aae326282d93eb1cd94c5f5d36	e5740312b55db85c748ffc029009f1acbf8584aae326282d93eb1cd94c5f5d36	
UploadFiles/UploadFiles/201903/2019031110440518.jpg	UploadFiles/UploadFiles/201903/2019031110440518.jpg	127433	c75c70b501609d90e841bebb33d83f3e46c0c9da82fac1a1747c509e57d5e933	c75c70b501609d90e841bebb33d83f3e46c0c9da82fac1a1747c509e57d5e933	
UploadFiles/UploadFiles/201903/2019031110440578.jpg	UploadFiles/UploadFiles/201903/2019031110440578.jpg	147881	28b67b6ae16aa201e3b57d1940fa31d3dfd22325b648333fba6a2761a8811a9f	28b67b6ae16aa201e3b57d1940fa31d3dfd22325b648333fba6a2761a8811a9f	
UploadFiles/UploadFiles/201903/2019031110440599.jpg	UploadFiles/UploadFiles/201903/2019031110440599.jpg	183669	4a81c21bdbf2ed7046f111d3b4275f82ad6a9b898f66e97d402e1bf84c984ed6	4a81c21bdbf2ed7046f111d3b4275f82ad6a9b898f66e97d402e1bf84c984ed6	
UploadFiles/UploadFiles/201903/2019031110443935.jpg	UploadFiles/UploadFiles/201903/2019031110443935.jpg	117688	0b7e0e7e2deac140ef1d86f84084e1aeaf8c6d8420220bb2ca70ac821ed58c89	0b7e0e7e2deac140ef1d86f84084e1aeaf8c6d8420220bb2ca70ac821ed58c89	
UploadFiles/UploadFiles/201903/2019031110443943.jpg	UploadFiles/UploadFiles/201903/2019031110443943.jpg	103529	74abc05a84ed3a1903a9da66dba9cf99242edb8e6199d2dbfd013d66a7fdb364	74abc05a84ed3a1903a9da66dba9cf99242edb8e6199d2dbfd013d66a7fdb364	
UploadFiles/UploadFiles/201903/2019031110452661.jpg	UploadFiles/UploadFiles/201903/2019031110452661.jpg	129522	0a1096b9ddb21dfb2d1a245653cd2a023d66e569db383884cf7c57bc6062d7b6	0a1096b9ddb21dfb2d1a245653cd2a023d66e569db383884cf7c57bc6062d7b6	
UploadFiles/UploadFiles/201903/2019031110455009.jpg	UploadFiles/UploadFiles/201903/2019031110455009.jpg	183351	39bb25c83d9bddde82de3de29eca4e44e2223a2ec78dece4fad62b8a9c49c536	39bb25c83d9bddde82de3de29eca4e44e2223a2ec78dece4fad62b8a9c49c536	
UploadFiles/UploadFiles/201903/2019031110460986.jpg	UploadFiles/UploadFiles/201903/2019031110460986.jpg	187124	fcee4891b5b14dac5897d4dad5d53065287e56d78f2cbbb052f5017b30e02584	fcee4891b5b14dac5897d4dad5d53065287e56d78f2cbbb052f5017b30e02584	
UploadFiles/UploadFiles/201903/2019031110553641.jpg	UploadFiles/UploadFiles/201903/2019031110553641.jpg	90191	a5f0de1a056a153587443c51baf0edcc8ace0ceb4e49dee8b211204dd264f503	a5f0de1a056a153587443c51baf0edcc8ace0ceb4e49dee8b211204dd264f503	
UploadFiles/UploadFiles/201903/2019031110555312.jpg	UploadFiles/UploadFiles/201903/2019031110555312.jpg	107311	80cabcfd798806c36b7a91e778073f2a2066f1297ad2950a9880239ec9f4175c	80cabcfd798806c36b7a91e778073f2a2066f1297ad2950a9880239ec9f4175c	
UploadFiles/UploadFiles/201903/2019031110563752.jpg	UploadFiles/UploadFiles/201903/2019031110563752.jpg	401307	337d486387dca0473f566faf96f823dbcd42a323c2784c8a9463c60f8cf6789c	337d486387dca0473f566faf96f823dbcd42a323c2784c8a9463c60f8cf6789c	
UploadFiles/UploadFiles/201903/2019031110563774.png	UploadFiles/UploadFiles/201903/2019031110563774.png	231992	e4a0223931bc8c508e2338c9006dfa014165ef63f28fa339fd7c108c3abc1f0c	e4a0223931bc8c508e2338c9006dfa014165ef63f28fa339fd7c108c3abc1f0c	
UploadFiles/UploadFiles/201903/2019031110563782.jpg	UploadFiles/UploadFiles/201903/2019031110563782.jpg	248800	c77ac9b797f4ce1f67b15a1a63220c602c5085b4d3d4164840483919dfd36783	c77ac9b797f4ce1f67b15a1a63220c602c5085b4d3d4164840483919dfd36783	
UploadFiles/UploadFiles/201903/2019031114161435.jpg	UploadFiles/UploadFiles/201903/2019031114161435.jpg	1292629	a2bc58fb798bedc0f94b665cf588ba8523d9d4d909f124d8a68324be305dd176	a2bc58fb798bedc0f94b665cf588ba8523d9d4d909f124d8a68324be305dd176	
UploadFiles/UploadFiles/201903/2019031114163786.jpg	UploadFiles/UploadFiles/201903/2019031114163786.jpg	650001	fbe3cff8f9869f3bf5c30f3aea90c424120bdfa566c5548d827897e76e60c77c	fbe3cff8f9869f3bf5c30f3aea90c424120bdfa566c5548d827897e76e60c77c	
UploadFiles/UploadFiles/201903/2019031114171014.jpg	UploadFiles/UploadFiles/201903/2019031114171014.jpg	1159473	1135c1fb1c49bd811f637c606e2dc3f28a7f46d0543609673f255e142ae29ee1	1135c1fb1c49bd811f637c606e2dc3f28a7f46d0543609673f255e142ae29ee1	
UploadFiles/UploadFiles/201903/2019031114233708.jpg	UploadFiles/UploadFiles/201903/2019031114233708.jpg	192100	688f435b84405a772af2a91c41e27557079e0ba83cfee08e559a304d36b61516	688f435b84405a772af2a91c41e27557079e0ba83cfee08e559a304d36b61516	
UploadFiles/UploadFiles/201903/2019031114233717.jpg	UploadFiles/UploadFiles/201903/2019031114233717.jpg	160064	b5fb11a0a0d3ac4e422f806642972e3cefceee576f3f590781a3be983badb5fe	b5fb11a0a0d3ac4e422f806642972e3cefceee576f3f590781a3be983badb5fe	
UploadFiles/UploadFiles/201903/2019031114233777.jpg	UploadFiles/UploadFiles/201903/2019031114233777.jpg	152858	4fe110361d824a80efc67605e15b14ff46003f59221a7f9190c4c58d1bf87cd5	4fe110361d824a80efc67605e15b14ff46003f59221a7f9190c4c58d1bf87cd5	
UploadFiles/UploadFiles/201903/2019031114233799.jpg	UploadFiles/UploadFiles/201903/2019031114233799.jpg	99711	0a8d49d0b300f7ac365f701fcfde58c56053706efed74b018f5d0c27b3edda93	0a8d49d0b300f7ac365f701fcfde58c56053706efed74b018f5d0c27b3edda93	
UploadFiles/UploadFiles/201903/2019031114240231.jpg	UploadFiles/UploadFiles/201903/2019031114240231.jpg	675451	8b589418109b79582b959eb43c97562f0925938b2543c37d22e2219d623d52f5	8b589418109b79582b959eb43c97562f0925938b2543c37d22e2219d623d52f5	
UploadFiles/UploadFiles/201903/2019031114252414.jpg	UploadFiles/UploadFiles/201903/2019031114252414.jpg	449132	120ffead11d6b27a179e0b0a600d0c9c9ff784e23a7cdec36e658e304713f3b1	120ffead11d6b27a179e0b0a600d0c9c9ff784e23a7cdec36e658e304713f3b1	
UploadFiles/UploadFiles/201903/2019031114260150.jpg	UploadFiles/UploadFiles/201903/2019031114260150.jpg	2425851	e5c66199e8b3f02609ca140814efd03b133113581a842bf97f92e4f5902e2722	e5c66199e8b3f02609ca140814efd03b133113581a842bf97f92e4f5902e2722	
UploadFiles/UploadFiles/201903/2019031114262460.jpg	UploadFiles/UploadFiles/201903/2019031114262460.jpg	1288872	a1171023c8a8aa6d326ca8cd92178ac4cf560d6ea61ebf8b90eff5eda89f008e	a1171023c8a8aa6d326ca8cd92178ac4cf560d6ea61ebf8b90eff5eda89f008e	
UploadFiles/UploadFiles/201903/2019031114270684.jpg	UploadFiles/UploadFiles/201903/2019031114270684.jpg	261888	99fb88a7cae0a4036636283819dc1182da2698d5b26984b143a725727646cd5b	99fb88a7cae0a4036636283819dc1182da2698d5b26984b143a725727646cd5b	
UploadFiles/UploadFiles/201903/2019031114273626.jpg	UploadFiles/UploadFiles/201903/2019031114273626.jpg	2244566	67389b105585f3d9273d5e9de707f452b79238c0d5897b7e3a181b933b7432be	67389b105585f3d9273d5e9de707f452b79238c0d5897b7e3a181b933b7432be	
UploadFiles/UploadFiles/201903/2019031114305788.jpg	UploadFiles/UploadFiles/201903/2019031114305788.jpg	197445	605dc4933d42e1e7d4eedbc1bd754c3f38948d644c340626c1fdafe045b2df90	605dc4933d42e1e7d4eedbc1bd754c3f38948d644c340626c1fdafe045b2df90	
UploadFiles/UploadFiles/201903/2019031114315031.jpg	UploadFiles/UploadFiles/201903/2019031114315031.jpg	76802	03cc93d4b80fbedfa8cb34c7190ab64735bf98cfb6c3f27ffa749ed0029032cb	03cc93d4b80fbedfa8cb34c7190ab64735bf98cfb6c3f27ffa749ed0029032cb	
UploadFiles/UploadFiles/201903/2019031114322281.jpg	UploadFiles/UploadFiles/201903/2019031114322281.jpg	2627452	7e67cd4ae69e9509836b9fe19f55cb5d17b829ee97903cbf690ab8703d6f5a41	7e67cd4ae69e9509836b9fe19f55cb5d17b829ee97903cbf690ab8703d6f5a41	
UploadFiles/UploadFiles/201903/2019031115364870.jpg	UploadFiles/UploadFiles/201903/2019031115364870.jpg	655588	0ca068b3a8ac01787202bf22d875ce9ec071139c1e7433ee05fd93cd4059edfd	0ca068b3a8ac01787202bf22d875ce9ec071139c1e7433ee05fd93cd4059edfd	
UploadFiles/UploadFiles/201903/2019031115364897.jpg	UploadFiles/UploadFiles/201903/2019031115364897.jpg	607943	235e2170c47679b830c31d40561863f8a14fc68ddeae08056de6bde8e69ffd24	235e2170c47679b830c31d40561863f8a14fc68ddeae08056de6bde8e69ffd24	
UploadFiles/UploadFiles/201903/2019031214411725.png	UploadFiles/UploadFiles/201903/2019031214411725.png	112463	583d22bcddc69cc81fe124ef350f40cdfa0cef142277f522938a75e4ac79d578	583d22bcddc69cc81fe124ef350f40cdfa0cef142277f522938a75e4ac79d578	
UploadFiles/UploadFiles/201903/2019031214411747.png	UploadFiles/UploadFiles/201903/2019031214411747.png	69549	c4fa6539b456bc96e992efd07933da1046ce919b252d57d7a8ff277446f4c020	c4fa6539b456bc96e992efd07933da1046ce919b252d57d7a8ff277446f4c020	
UploadFiles/UploadFiles/201903/2019031214411755.png	UploadFiles/UploadFiles/201903/2019031214411755.png	143519	e374b049e6f40fbb6b224092c315f4e0c2a1ca48c50d7e284d0c7f8ee4c07471	e374b049e6f40fbb6b224092c315f4e0c2a1ca48c50d7e284d0c7f8ee4c07471	
UploadFiles/UploadFiles/201903/2019031214413916.png	UploadFiles/UploadFiles/201903/2019031214413916.png	78551	f9fc90b0d9a08363c24529b6b7eea4f7f739c3e71a4623cdb3e58793cc247875	f9fc90b0d9a08363c24529b6b7eea4f7f739c3e71a4623cdb3e58793cc247875	
UploadFiles/UploadFiles/201903/2019031214413925.png	UploadFiles/UploadFiles/201903/2019031214413925.png	87284	b083337750fad90ac2daf7baf5fa23312e7fb93f8e18ae7c063bd2cec95ba97e	b083337750fad90ac2daf7baf5fa23312e7fb93f8e18ae7c063bd2cec95ba97e	
UploadFiles/UploadFiles/201903/2019031214413934.png	UploadFiles/UploadFiles/201903/2019031214413934.png	82367	90fb5a2b4fd574c987a2b160fcc7a055d686c84e635b080f22e530c8b02ccbf3	90fb5a2b4fd574c987a2b160fcc7a055d686c84e635b080f22e530c8b02ccbf3	
UploadFiles/UploadFiles/201903/2019031214413994.png	UploadFiles/UploadFiles/201903/2019031214413994.png	105446	540fb17bd66a0a621168cca1f6f4bd50c842fd5212e39775dc14bbe11c1c6eff	540fb17bd66a0a621168cca1f6f4bd50c842fd5212e39775dc14bbe11c1c6eff	
UploadFiles/UploadFiles/201903/2019031214425432.png	UploadFiles/UploadFiles/201903/2019031214425432.png	468312	0fc551072461f2b0bd1a06b05ac690b8a5210a73361648212d1e496c59b3ca2f	0fc551072461f2b0bd1a06b05ac690b8a5210a73361648212d1e496c59b3ca2f	
UploadFiles/UploadFiles/201903/2019031214441805.png	UploadFiles/UploadFiles/201903/2019031214441805.png	321508	53bebcb40445728eb4263ca3cca842660a1fe4dc47f0225962aa01449d1be872	53bebcb40445728eb4263ca3cca842660a1fe4dc47f0225962aa01449d1be872	
UploadFiles/UploadFiles/201903/2019031214441813.png	UploadFiles/UploadFiles/201903/2019031214441813.png	551581	8cc4ea9c0a75310fdb619b7f168809a6eda2c28c00805395c3b0893458dbf086	8cc4ea9c0a75310fdb619b7f168809a6eda2c28c00805395c3b0893458dbf086	
UploadFiles/UploadFiles/201903/2019031214444253.png	UploadFiles/UploadFiles/201903/2019031214444253.png	93940	f9938aff31a12ec6ba8c5bbbc2c4aee1e75ad6cbdc475392e05cb717406c876b	f9938aff31a12ec6ba8c5bbbc2c4aee1e75ad6cbdc475392e05cb717406c876b	
UploadFiles/UploadFiles/201903/2019031214450740.png	UploadFiles/UploadFiles/201903/2019031214450740.png	54002	dcca399d9ee4f3eb72202ab0229333ffc5fc0d6fd06c8b870e326840b39f5a59	dcca399d9ee4f3eb72202ab0229333ffc5fc0d6fd06c8b870e326840b39f5a59	
UploadFiles/UploadFiles/201903/2019031214450762.png	UploadFiles/UploadFiles/201903/2019031214450762.png	53106	5ff1f047ac86adf74eaf3953afa5b74754b8a6c82afafd782a7efac1922469db	5ff1f047ac86adf74eaf3953afa5b74754b8a6c82afafd782a7efac1922469db	
UploadFiles/UploadFiles/201903/2019031214450770.png	UploadFiles/UploadFiles/201903/2019031214450770.png	49305	8efe2f7c60185e03fae310c117a78ff626e960a800e6a8dfe4c6a384cc4646ab	8efe2f7c60185e03fae310c117a78ff626e960a800e6a8dfe4c6a384cc4646ab	
UploadFiles/UploadFiles/201903/2019031214451713.png	UploadFiles/UploadFiles/201903/2019031214451713.png	352438	530f6bd4be561fbc539ba380b2666779a288956a30b3893a2ed695fc1df3ec83	530f6bd4be561fbc539ba380b2666779a288956a30b3893a2ed695fc1df3ec83	
UploadFiles/UploadFiles/201903/2019031214453235.png	UploadFiles/UploadFiles/201903/2019031214453235.png	263299	8241ac100c0b5b2862a2db87982e95966efca9bd4450d89dcfb3423cc59a2ddf	8241ac100c0b5b2862a2db87982e95966efca9bd4450d89dcfb3423cc59a2ddf	
UploadFiles/UploadFiles/201903/2019031214453249.png	UploadFiles/UploadFiles/201903/2019031214453249.png	247474	52a0fa043da7e155d2fee573e6dd3e742be399de1cfe04a01e14e8959c33e07e	52a0fa043da7e155d2fee573e6dd3e742be399de1cfe04a01e14e8959c33e07e	
UploadFiles/UploadFiles/201903/2019031214455009.png	UploadFiles/UploadFiles/201903/2019031214455009.png	81126	10104de62a17e34dbed529d9eb08d22908cc17b3b0808a49dc755ddf84f20ec4	10104de62a17e34dbed529d9eb08d22908cc17b3b0808a49dc755ddf84f20ec4	
UploadFiles/UploadFiles/201903/2019031214460912.png	UploadFiles/UploadFiles/201903/2019031214460912.png	86045	ce940305b4d3ea75664834556af1c17790a51af3767d25487fc86593e067180e	ce940305b4d3ea75664834556af1c17790a51af3767d25487fc86593e067180e	
UploadFiles/UploadFiles/201903/2019031214460934.png	UploadFiles/UploadFiles/201903/2019031214460934.png	92374	a60260c43b4ce6c71d69a36b2b30b248f7f458956e0f1dbf4d40c51594314b07	a60260c43b4ce6c71d69a36b2b30b248f7f458956e0f1dbf4d40c51594314b07	
UploadFiles/UploadFiles/201903/2019031214460942.png	UploadFiles/UploadFiles/201903/2019031214460942.png	115801	4eec8dab62fefc3b44d6104f3e518ae8824437d0abcacdbd8fa5bb5123f2774a	4eec8dab62fefc3b44d6104f3e518ae8824437d0abcacdbd8fa5bb5123f2774a	
UploadFiles/UploadFiles/201903/2019031214463417.png	UploadFiles/UploadFiles/201903/2019031214463417.png	355080	21c6163ea1ae594515414ae2ac661106d0446c35bed90233bdb658d1cc9896e8	21c6163ea1ae594515414ae2ac661106d0446c35bed90233bdb658d1cc9896e8	
UploadFiles/UploadFiles/201903/2019031214463439.png	UploadFiles/UploadFiles/201903/2019031214463439.png	331800	c1860b55e1511ebaa4518a3d14afdb9f50dcb653604a5912937b9dca4ddc0dd6	c1860b55e1511ebaa4518a3d14afdb9f50dcb653604a5912937b9dca4ddc0dd6	
UploadFiles/UploadFiles/201903/2019031214463447.png	UploadFiles/UploadFiles/201903/2019031214463447.png	311105	892baee9fba4065e6202b6d5813c663c3b394014a4ca51cc78d4c2c47d621d87	892baee9fba4065e6202b6d5813c663c3b394014a4ca51cc78d4c2c47d621d87	
UploadFiles/UploadFiles/201903/2019031214463457.png	UploadFiles/UploadFiles/201903/2019031214463457.png	365846	cbdb2a55a032b6afda7d97d739408961da98a0cdbfd4f37913588b2a33f8e3ca	cbdb2a55a032b6afda7d97d739408961da98a0cdbfd4f37913588b2a33f8e3ca	
UploadFiles/UploadFiles/201903/2019031309234474.jpg	UploadFiles/UploadFiles/201903/2019031309234474.jpg	50734	ea31aa8c900bad1ccab0e344784b73576a1907c831e8eccddd760c9a59941c1c	ea31aa8c900bad1ccab0e344784b73576a1907c831e8eccddd760c9a59941c1c	
UploadFiles/UploadFiles/201903/2019031513393279.jpg	UploadFiles/UploadFiles/201903/2019031513393279.jpg	3013383	7b7aa6acf8b114522cdbcc3464916df0574e51283b2ed35b0b0ce7cef8a82e9f	7b7aa6acf8b114522cdbcc3464916df0574e51283b2ed35b0b0ce7cef8a82e9f	
UploadFiles/UploadFiles/201903/2019031513403301.jpg	UploadFiles/UploadFiles/201903/2019031513403301.jpg	174296	96e113b10f0b234e561d91097c918e3a8a0d45dcad7e407a5a27faa5a1383a93	96e113b10f0b234e561d91097c918e3a8a0d45dcad7e407a5a27faa5a1383a93	
UploadFiles/UploadFiles/201903/2019031516273729.jpg	UploadFiles/UploadFiles/201903/2019031516273729.jpg	99743	3a6a97a60ed913fffff130e15596bb17f672b6afa0a10311b5bfc4c680108f19	3a6a97a60ed913fffff130e15596bb17f672b6afa0a10311b5bfc4c680108f19	
UploadFiles/UploadFiles/201903/2019031516273749.jpg	UploadFiles/UploadFiles/201903/2019031516273749.jpg	124500	d433d6e2ba112e0f3e3ec2e6527cd3bf8aaa42778aa30bad486468eb4f330ba8	d433d6e2ba112e0f3e3ec2e6527cd3bf8aaa42778aa30bad486468eb4f330ba8	
UploadFiles/UploadFiles/201903/2019031516273757.jpg	UploadFiles/UploadFiles/201903/2019031516273757.jpg	110214	8eda07a311d11b0bf4b4ad653eb00b5cb22bd89697b0223ada810bc1303b1548	8eda07a311d11b0bf4b4ad653eb00b5cb22bd89697b0223ada810bc1303b1548	
UploadFiles/UploadFiles/201903/2019031516273765.jpg	UploadFiles/UploadFiles/201903/2019031516273765.jpg	122867	b5a79bba72accd4341486fc854cf5c3914ba144f9863dd2cbd11f6e7bf94134f	b5a79bba72accd4341486fc854cf5c3914ba144f9863dd2cbd11f6e7bf94134f	
UploadFiles/UploadFiles/201903/2019031516273768.jpg	UploadFiles/UploadFiles/201903/2019031516273768.jpg	111515	84d56b584215e3306abfbd909445b0473d35bfbe5ab451cb4fa4621c2612c6ae	84d56b584215e3306abfbd909445b0473d35bfbe5ab451cb4fa4621c2612c6ae	
UploadFiles/UploadFiles/201903/2019031516283325.jpg	UploadFiles/UploadFiles/201903/2019031516283325.jpg	125466	37dadb609409a24abc31aa6092dbde570d70ddea1e3c12da29b0010c056b54ac	37dadb609409a24abc31aa6092dbde570d70ddea1e3c12da29b0010c056b54ac	
UploadFiles/UploadFiles/201903/2019031516283328.jpg	UploadFiles/UploadFiles/201903/2019031516283328.jpg	115358	be2ba5ac500898910214d367e3f34c5a7b50bef27110a765c0ab6d9d1e3afa18	be2ba5ac500898910214d367e3f34c5a7b50bef27110a765c0ab6d9d1e3afa18	
UploadFiles/UploadFiles/201903/2019031516283346.jpg	UploadFiles/UploadFiles/201903/2019031516283346.jpg	136307	8bde9a42d36cc6fdc9a19010b3a3ad9f9d5f16715e8f4c65ee2655cedf79552d	8bde9a42d36cc6fdc9a19010b3a3ad9f9d5f16715e8f4c65ee2655cedf79552d	
UploadFiles/UploadFiles/201903/2019031516283347.jpg	UploadFiles/UploadFiles/201903/2019031516283347.jpg	120837	ca342b33b353278023176245bd9150ac4fad095dac3e131ae1f4a82bef58f448	ca342b33b353278023176245bd9150ac4fad095dac3e131ae1f4a82bef58f448	
UploadFiles/UploadFiles/201903/2019031516283355.jpg	UploadFiles/UploadFiles/201903/2019031516283355.jpg	96155	47e201c1dd459f3228350fb98cd4b43de21bdc9fd637bf705414fcceda0b3be2	47e201c1dd459f3228350fb98cd4b43de21bdc9fd637bf705414fcceda0b3be2	
UploadFiles/UploadFiles/201903/2019031516283364.jpg	UploadFiles/UploadFiles/201903/2019031516283364.jpg	108395	caffec5db83d8229e6417241451da59807c41ccd591369d0eaf850e00dd3c137	caffec5db83d8229e6417241451da59807c41ccd591369d0eaf850e00dd3c137	
UploadFiles/UploadFiles/201903/2019031516283375.jpg	UploadFiles/UploadFiles/201903/2019031516283375.jpg	120837	ca342b33b353278023176245bd9150ac4fad095dac3e131ae1f4a82bef58f448	ca342b33b353278023176245bd9150ac4fad095dac3e131ae1f4a82bef58f448	
UploadFiles/UploadFiles/201903/2019031516333922.jpg	UploadFiles/UploadFiles/201903/2019031516333922.jpg	103713	79d7f4aa69b3f8e64669a4d2b137f8a0e7b7336e57bef3cc8d251b36be199de8	79d7f4aa69b3f8e64669a4d2b137f8a0e7b7336e57bef3cc8d251b36be199de8	
UploadFiles/UploadFiles/201903/2019031516333938.jpg	UploadFiles/UploadFiles/201903/2019031516333938.jpg	95713	c4501267aae0f88ce9f5f961b9763869e8cbeaf835408443cbb7f12369ff9ebe	c4501267aae0f88ce9f5f961b9763869e8cbeaf835408443cbb7f12369ff9ebe	
UploadFiles/UploadFiles/201903/2019031516333946.jpg	UploadFiles/UploadFiles/201903/2019031516333946.jpg	94433	63cf9b34cbe76775bceeae5116ea568cfc5fc59379958c3d6b9daf85398ab522	63cf9b34cbe76775bceeae5116ea568cfc5fc59379958c3d6b9daf85398ab522	
UploadFiles/UploadFiles/201903/2019031613114267.jpg	UploadFiles/UploadFiles/201903/2019031613114267.jpg	2386116	f5ff437f8f409f6109a071fd1a3cd29c100dbcf0ce4a6e53b19209d3550e59cb	f5ff437f8f409f6109a071fd1a3cd29c100dbcf0ce4a6e53b19209d3550e59cb	
UploadFiles/UploadFiles/201903/2019031817092861.jpg	UploadFiles/UploadFiles/201903/2019031817092861.jpg	25902	1edf9cbc0575e2a9dab7f06cdf90bd9e2b86538d8f747869cc7ec7f6ced76529	1edf9cbc0575e2a9dab7f06cdf90bd9e2b86538d8f747869cc7ec7f6ced76529	
UploadFiles/UploadFiles/201903/2019031817185540.png	UploadFiles/UploadFiles/201903/2019031817185540.png	44228	e1df94ee453ec50c271d96ecea765f7e64ad749190504a17c168648a322f9e6e	e1df94ee453ec50c271d96ecea765f7e64ad749190504a17c168648a322f9e6e	
UploadFiles/UploadFiles/201903/2019031915584580.jpg	UploadFiles/UploadFiles/201903/2019031915584580.jpg	50067	c9e12d3eae043fd73fba19b552803297cf5168347f2f38dd94d3e8881981b3b0	c9e12d3eae043fd73fba19b552803297cf5168347f2f38dd94d3e8881981b3b0	
UploadFiles/UploadFiles/201903/2019032015474808.jpg	UploadFiles/UploadFiles/201903/2019032015474808.jpg	154065	e5a9c03fa4e896c150296cfabb805981600c5df0dd82435ac86ecc0f795a94c6	e5a9c03fa4e896c150296cfabb805981600c5df0dd82435ac86ecc0f795a94c6	
UploadFiles/UploadFiles/201903/2019032015474830.jpg	UploadFiles/UploadFiles/201903/2019032015474830.jpg	268437	efee590bbae20a994d737dc831c6b73126dcfa7152bb8bc8c4725128315c1317	efee590bbae20a994d737dc831c6b73126dcfa7152bb8bc8c4725128315c1317	
UploadFiles/UploadFiles/201903/2019032015474845.jpg	UploadFiles/UploadFiles/201903/2019032015474845.jpg	288441	06163c8085aca594b51cd1c446a71bcc8f2a0c67e703c850d87a69ac61140c7f	06163c8085aca594b51cd1c446a71bcc8f2a0c67e703c850d87a69ac61140c7f	
UploadFiles/UploadFiles/201903/2019032015474848.jpg	UploadFiles/UploadFiles/201903/2019032015474848.jpg	152706	80a307cff8124a6f16fc77ddafa4dc97b39e8bd87999e9df1aaa97a1997d13d5	80a307cff8124a6f16fc77ddafa4dc97b39e8bd87999e9df1aaa97a1997d13d5	
UploadFiles/UploadFiles/201903/2019032214052304.jpg	UploadFiles/UploadFiles/201903/2019032214052304.jpg	127205	f7279e4aaec1dab55daa0d64c4c6d8860f61d09ece68eaef74751184b02d5c7b	f7279e4aaec1dab55daa0d64c4c6d8860f61d09ece68eaef74751184b02d5c7b	
UploadFiles/UploadFiles/201903/2019032214052308.jpg	UploadFiles/UploadFiles/201903/2019032214052308.jpg	249170	cdc6f1cf504e35258c9cb689b4641e8b69b7b540f0d93719e7755febf78ffa87	cdc6f1cf504e35258c9cb689b4641e8b69b7b540f0d93719e7755febf78ffa87	
UploadFiles/UploadFiles/201903/2019032214052360.jpg	UploadFiles/UploadFiles/201903/2019032214052360.jpg	156535	3361d5b9bc8fc8b81d01a51f4a0b25ff42ad4d2bd8a132e0b56d04c55fe63a81	3361d5b9bc8fc8b81d01a51f4a0b25ff42ad4d2bd8a132e0b56d04c55fe63a81	
UploadFiles/UploadFiles/201903/2019032214052363.jpg	UploadFiles/UploadFiles/201903/2019032214052363.jpg	130122	775e4e2de19b8dcc9b49f59219d318cf3782a50aad0cddaddf519790f48fa8aa	775e4e2de19b8dcc9b49f59219d318cf3782a50aad0cddaddf519790f48fa8aa	
UploadFiles/UploadFiles/201903/2019032214052374.jpg	UploadFiles/UploadFiles/201903/2019032214052374.jpg	141120	c86799e865d070d155e6cc1b8131ad4f1463f9ea58539fd86630222ea310ed56	c86799e865d070d155e6cc1b8131ad4f1463f9ea58539fd86630222ea310ed56	
UploadFiles/UploadFiles/201903/2019032214052378.jpg	UploadFiles/UploadFiles/201903/2019032214052378.jpg	115385	785999a9174c8089a4c0285d152496d9b293347a4172f4eed60f716f919c176a	785999a9174c8089a4c0285d152496d9b293347a4172f4eed60f716f919c176a	
UploadFiles/UploadFiles/201903/2019032214052385.jpg	UploadFiles/UploadFiles/201903/2019032214052385.jpg	119291	9fe5f62afe9fa1e01e699b6f4856af3bc68ca0f9168bfbcfaa6451bc034ac7e0	9fe5f62afe9fa1e01e699b6f4856af3bc68ca0f9168bfbcfaa6451bc034ac7e0	
UploadFiles/UploadFiles/201903/2019032214052387.jpg	UploadFiles/UploadFiles/201903/2019032214052387.jpg	205743	c9f6d5f7d02a0fd5a240cfddf812c300dd81e7803412da6aeb627904a650e5f0	c9f6d5f7d02a0fd5a240cfddf812c300dd81e7803412da6aeb627904a650e5f0	
UploadFiles/UploadFiles/201903/2019032214052393.jpg	UploadFiles/UploadFiles/201903/2019032214052393.jpg	179030	2d61822373115ae4ed4c89283e3a3cde5af62e5f7054f462e9dd92ddfbf18c95	2d61822373115ae4ed4c89283e3a3cde5af62e5f7054f462e9dd92ddfbf18c95	
UploadFiles/UploadFiles/201903/2019032214060651.jpg	UploadFiles/UploadFiles/201903/2019032214060651.jpg	147218	84b7f903f64528b01e1248a4212138da94eb949d2754f608a26a39ec54a9df4f	84b7f903f64528b01e1248a4212138da94eb949d2754f608a26a39ec54a9df4f	
UploadFiles/UploadFiles/201903/2019032214060673.jpg	UploadFiles/UploadFiles/201903/2019032214060673.jpg	146078	6b970ea3bc3b123232508af7d1ef2a7d335960760c98c120147a6e22ecdc1f2a	6b970ea3bc3b123232508af7d1ef2a7d335960760c98c120147a6e22ecdc1f2a	
UploadFiles/UploadFiles/201903/2019032214060687.jpg	UploadFiles/UploadFiles/201903/2019032214060687.jpg	140754	6242ddb9f0b440dbc0a63fc437dab1ac9df682c94c06dc3f611746ccbd6f8544	6242ddb9f0b440dbc0a63fc437dab1ac9df682c94c06dc3f611746ccbd6f8544	
UploadFiles/UploadFiles/201903/2019032515322902.jpg	UploadFiles/UploadFiles/201903/2019032515322902.jpg	150475	da68dc1c4316a9f39637fa40035d06eaa0a84d1003c2c6fb95caf9355b9a6977	da68dc1c4316a9f39637fa40035d06eaa0a84d1003c2c6fb95caf9355b9a6977	
UploadFiles/UploadFiles/201903/2019032515322962.jpg	UploadFiles/UploadFiles/201903/2019032515322962.jpg	121670	4cde958c75b7960e4904519d6812dd2c8543ffc821d65dbebe3f78f354f507fa	4cde958c75b7960e4904519d6812dd2c8543ffc821d65dbebe3f78f354f507fa	
UploadFiles/UploadFiles/201903/2019032515322984.jpg	UploadFiles/UploadFiles/201903/2019032515322984.jpg	167672	ddef2a5ec6066e04cabbaa854eeb6a6ba672ee474cf13b127c9163481966e9f9	ddef2a5ec6066e04cabbaa854eeb6a6ba672ee474cf13b127c9163481966e9f9	
UploadFiles/UploadFiles/201903/2019032515322992.jpg	UploadFiles/UploadFiles/201903/2019032515322992.jpg	175768	e7a8460a44ca5d7d64ee8f37edcac49f07a0912895620ffae45c643df5a48a56	e7a8460a44ca5d7d64ee8f37edcac49f07a0912895620ffae45c643df5a48a56	
UploadFiles/UploadFiles/201903/2019032616161327.png	UploadFiles/UploadFiles/201903/2019032616161327.png	755054	3a113918aa87e6985c129fcd486e71068fb2c5ce35fefc1034476e758e7bf313	3a113918aa87e6985c129fcd486e71068fb2c5ce35fefc1034476e758e7bf313	
UploadFiles/UploadFiles/201903/2019032616165491.jpg	UploadFiles/UploadFiles/201903/2019032616165491.jpg	153611	fe62d0da224528253b42d3165f8ba84881bc772ad34b7a08f91227376eb33e13	fe62d0da224528253b42d3165f8ba84881bc772ad34b7a08f91227376eb33e13	
UploadFiles/UploadFiles/201903/2019032616165499.jpg	UploadFiles/UploadFiles/201903/2019032616165499.jpg	116607	27d99d1e2d824e903a4cd5e46d264305be67e99ac142ff07c77db8aa87d5e179	27d99d1e2d824e903a4cd5e46d264305be67e99ac142ff07c77db8aa87d5e179	
UploadFiles/UploadFiles/201903/2019032616171884.jpg	UploadFiles/UploadFiles/201903/2019032616171884.jpg	166245	6db147fee3a8399208cedadb31d5fef9bd4f636d2526bab4f7c0228eac9d18c5	6db147fee3a8399208cedadb31d5fef9bd4f636d2526bab4f7c0228eac9d18c5	
UploadFiles/UploadFiles/201903/2019032616171892.jpg	UploadFiles/UploadFiles/201903/2019032616171892.jpg	164766	a9ea78f3be9ba29b492e73537e17c750b8f473f4285e88ef65e35ad276416015	a9ea78f3be9ba29b492e73537e17c750b8f473f4285e88ef65e35ad276416015	
UploadFiles/UploadFiles/201904/2019040207493924.png	UploadFiles/UploadFiles/201904/2019040207493924.png	213547	7a72a87358cd0e3fa44bdce63290837a10afb56d3c8eefaab6c1c3a67fbe7570	7a72a87358cd0e3fa44bdce63290837a10afb56d3c8eefaab6c1c3a67fbe7570	
UploadFiles/UploadFiles/201904/2019040207493933.png	UploadFiles/UploadFiles/201904/2019040207493933.png	286965	2f1e7bfc9b47d5573638b1f06af501e5a1523b6bc78034d7e2ea2e193f2f0c87	2f1e7bfc9b47d5573638b1f06af501e5a1523b6bc78034d7e2ea2e193f2f0c87	
UploadFiles/UploadFiles/201904/2019040208400100.jpg	UploadFiles/UploadFiles/201904/2019040208400100.jpg	299471	41eec69f0af773b234305ff0d2dd82c3e9a9f7d427ff86491d397966ef07af3b	41eec69f0af773b234305ff0d2dd82c3e9a9f7d427ff86491d397966ef07af3b	
UploadFiles/UploadFiles/201904/2019040208400122.jpg	UploadFiles/UploadFiles/201904/2019040208400122.jpg	301162	2c9aa13f4d6bbbbca15d25e7eaf420d316e0cdf48c24562fb932a024b05c25bb	2c9aa13f4d6bbbbca15d25e7eaf420d316e0cdf48c24562fb932a024b05c25bb	
UploadFiles/UploadFiles/201904/2019040208400182.jpg	UploadFiles/UploadFiles/201904/2019040208400182.jpg	398929	b012b4ecd3e243ed8e43c79691461c06fd44a578a7506b659d326e1b20de3023	b012b4ecd3e243ed8e43c79691461c06fd44a578a7506b659d326e1b20de3023	
UploadFiles/UploadFiles/201904/2019040208400192.jpg	UploadFiles/UploadFiles/201904/2019040208400192.jpg	210714	e9fbbd0985b3589a578a1dd1fff137ee0d5cb567e6911a61bc91e1138c2bef27	e9fbbd0985b3589a578a1dd1fff137ee0d5cb567e6911a61bc91e1138c2bef27	
UploadFiles/UploadFiles/201904/2019040209154017.jpg	UploadFiles/UploadFiles/201904/2019040209154017.jpg	137862	874f14ca750f4389c07c3a8c032182429b7e37ab3708cb75a06101a63ec87e6c	874f14ca750f4389c07c3a8c032182429b7e37ab3708cb75a06101a63ec87e6c	
UploadFiles/UploadFiles/201904/2019040209160350.jpg	UploadFiles/UploadFiles/201904/2019040209160350.jpg	70790	ec61de1053b57fdb7d29c21d8aa1ccc7d60c63f84d8166d112f2895a074839b5	ec61de1053b57fdb7d29c21d8aa1ccc7d60c63f84d8166d112f2895a074839b5	
UploadFiles/UploadFiles/201904/2019040209162993.jpg	UploadFiles/UploadFiles/201904/2019040209162993.jpg	56489	120b7fc4588f46dbdf34b5580a9ef0e9d3f5dba9ae1d77b8d5f50b002d77cae3	120b7fc4588f46dbdf34b5580a9ef0e9d3f5dba9ae1d77b8d5f50b002d77cae3	
UploadFiles/UploadFiles/201904/2019040209164378.jpg	UploadFiles/UploadFiles/201904/2019040209164378.jpg	18165	d4157987a80a28f83368436e96b6c584278bcd7bf275913d8942cc1059cc1533	d4157987a80a28f83368436e96b6c584278bcd7bf275913d8942cc1059cc1533	
UploadFiles/UploadFiles/201904/2019040209170060.jpg	UploadFiles/UploadFiles/201904/2019040209170060.jpg	71559	aec4a17e7c6f4a6280f839c070acc0ad281217915a926660008290a7c08b0d4e	aec4a17e7c6f4a6280f839c070acc0ad281217915a926660008290a7c08b0d4e	
UploadFiles/UploadFiles/201904/2019040209171933.jpg	UploadFiles/UploadFiles/201904/2019040209171933.jpg	93161	24e3b353ae4b93350209a294d7ceeb3b38d5406bca16df264b3ec24abaf09826	24e3b353ae4b93350209a294d7ceeb3b38d5406bca16df264b3ec24abaf09826	
UploadFiles/UploadFiles/201904/2019040214080831.jpg	UploadFiles/UploadFiles/201904/2019040214080831.jpg	419927	d344da3bfbab0ec951b87f2bcd2f90362b88b93c8f81ee088652b6224f6b91f1	d344da3bfbab0ec951b87f2bcd2f90362b88b93c8f81ee088652b6224f6b91f1	
UploadFiles/UploadFiles/201904/2019040214190467.jpg	UploadFiles/UploadFiles/201904/2019040214190467.jpg	430288	1e4537322ca0bfabf335db83ce221fe87a697b86cf2f4997a4249fb9396281de	1e4537322ca0bfabf335db83ce221fe87a697b86cf2f4997a4249fb9396281de	
UploadFiles/UploadFiles/201904/2019040214302062.jpg	UploadFiles/UploadFiles/201904/2019040214302062.jpg	419927	d344da3bfbab0ec951b87f2bcd2f90362b88b93c8f81ee088652b6224f6b91f1	d344da3bfbab0ec951b87f2bcd2f90362b88b93c8f81ee088652b6224f6b91f1	
UploadFiles/UploadFiles/201904/2019040316235142.jpg	UploadFiles/UploadFiles/201904/2019040316235142.jpg	1735485	8fb26b97249fbbff624ca412a372a78822271b1ef8bcf747bea8d0a755a440a8	8fb26b97249fbbff624ca412a372a78822271b1ef8bcf747bea8d0a755a440a8	
UploadFiles/UploadFiles/201904/2019040316241595.jpg	UploadFiles/UploadFiles/201904/2019040316241595.jpg	178483	2ca076830a0caf86de830ca7ca52f0b364380a45980524de4c6a982278fd4e9e	2ca076830a0caf86de830ca7ca52f0b364380a45980524de4c6a982278fd4e9e	
UploadFiles/UploadFiles/201904/2019040316243277.jpg	UploadFiles/UploadFiles/201904/2019040316243277.jpg	130091	7a0377a6340fc05fb75cd131f68db31a53acb90081db7c100f02ac2010c726f0	7a0377a6340fc05fb75cd131f68db31a53acb90081db7c100f02ac2010c726f0	
UploadFiles/UploadFiles/201904/2019040408061616.jpg	UploadFiles/UploadFiles/201904/2019040408061616.jpg	192191	37b2c43299e1d2e897fbcc489b880fbb93f852de18a27423ecdf1bf7d2b31a95	37b2c43299e1d2e897fbcc489b880fbb93f852de18a27423ecdf1bf7d2b31a95	
UploadFiles/UploadFiles/201904/2019040814433473.jpg	UploadFiles/UploadFiles/201904/2019040814433473.jpg	4782171	3824fb4b619ad99bc279508f00d2682f963489e7b06230fb5c4f58d2aff8b121	3824fb4b619ad99bc279508f00d2682f963489e7b06230fb5c4f58d2aff8b121	
UploadFiles/UploadFiles/201904/2019040815280539.jpg	UploadFiles/UploadFiles/201904/2019040815280539.jpg	81696	de4da6f922f42a28a13ec73ed4244346340a8bba4853e4a0cee5f869b5161f00	de4da6f922f42a28a13ec73ed4244346340a8bba4853e4a0cee5f869b5161f00	
UploadFiles/UploadFiles/201904/2019040815281467.jpg	UploadFiles/UploadFiles/201904/2019040815281467.jpg	7490179	eb679a61572274e2488fea18aa4816862e035fd4f3121a3b3093927f573adcd4	eb679a61572274e2488fea18aa4816862e035fd4f3121a3b3093927f573adcd4	
UploadFiles/UploadFiles/201904/2019040917465588.jpg	UploadFiles/UploadFiles/201904/2019040917465588.jpg	3814016	565b772b8ad87334f813e420ab537fc31775902c6a80b0a8cf753b4f60382317	565b772b8ad87334f813e420ab537fc31775902c6a80b0a8cf753b4f60382317	
UploadFiles/UploadFiles/201904/2019040917471960.jpg	UploadFiles/UploadFiles/201904/2019040917471960.jpg	3814016	565b772b8ad87334f813e420ab537fc31775902c6a80b0a8cf753b4f60382317	565b772b8ad87334f813e420ab537fc31775902c6a80b0a8cf753b4f60382317	
UploadFiles/UploadFiles/201904/2019041110295658.png	UploadFiles/UploadFiles/201904/2019041110295658.png	20136	7af0e26190a05155edc021b4fd0e203c1450b3894f4b789aefc561fba2f4541b	7af0e26190a05155edc021b4fd0e203c1450b3894f4b789aefc561fba2f4541b	
UploadFiles/UploadFiles/201904/2019041110303011.png	UploadFiles/UploadFiles/201904/2019041110303011.png	27398	ba1d3ef3a7f4c2a9ff5884fe7358911de15f55d8c8bf68bfbd37427971d6f8e9	ba1d3ef3a7f4c2a9ff5884fe7358911de15f55d8c8bf68bfbd37427971d6f8e9	
UploadFiles/UploadFiles/201904/2019041110304029.png	UploadFiles/UploadFiles/201904/2019041110304029.png	26181	2dd1ae98f0015c30f0c9eedc67803d165b02f15c036f5cddbadbd6b85f3da760	2dd1ae98f0015c30f0c9eedc67803d165b02f15c036f5cddbadbd6b85f3da760	
UploadFiles/UploadFiles/201904/2019041110304970.png	UploadFiles/UploadFiles/201904/2019041110304970.png	91259	6b8eabd3a4de392fc7dbfbad4c076bf8679777be353108b215236da224db62f9	6b8eabd3a4de392fc7dbfbad4c076bf8679777be353108b215236da224db62f9	
UploadFiles/UploadFiles/201904/2019041110310123.png	UploadFiles/UploadFiles/201904/2019041110310123.png	53322	08a66f69f1aaed21bd3e9d27782864d0e186bc18759f2572849bd10222e53820	08a66f69f1aaed21bd3e9d27782864d0e186bc18759f2572849bd10222e53820	
UploadFiles/UploadFiles/201904/2019041110311380.png	UploadFiles/UploadFiles/201904/2019041110311380.png	9550	6dacd317e7e8883735ec336457afb2e934467860c8840acc9f4ccf20fe039cbf	6dacd317e7e8883735ec336457afb2e934467860c8840acc9f4ccf20fe039cbf	
UploadFiles/UploadFiles/201904/2019041219223412.jpg	UploadFiles/UploadFiles/201904/2019041219223412.jpg	3782391	579dd8a83ed6ed05a3d66f51376d9e33a9a8f6909fcc1e310630b57562c70cb9	579dd8a83ed6ed05a3d66f51376d9e33a9a8f6909fcc1e310630b57562c70cb9	
UploadFiles/UploadFiles/201904/2019041609261122.png	UploadFiles/UploadFiles/201904/2019041609261122.png	53005	a01f46213f7782820c87b64c4c7c65bf8d197ef2b3851491461c2764e1f30bef	a01f46213f7782820c87b64c4c7c65bf8d197ef2b3851491461c2764e1f30bef	
UploadFiles/UploadFiles/201904/2019041615061836.jpg	UploadFiles/UploadFiles/201904/2019041615061836.jpg	1674509	a976ae9ff4efffc1b86faa2091303961aa1589fb3d04742e8309ba9a320cbbb9	a976ae9ff4efffc1b86faa2091303961aa1589fb3d04742e8309ba9a320cbbb9	
UploadFiles/UploadFiles/201904/2019041615103797.png	UploadFiles/UploadFiles/201904/2019041615103797.png	554430	25883ae43bd9ae26f37561637e45f03c7f5af8ee3cb1b3d4d1944e7e5bc4e812	25883ae43bd9ae26f37561637e45f03c7f5af8ee3cb1b3d4d1944e7e5bc4e812	
UploadFiles/UploadFiles/201904/2019041615105220.png	UploadFiles/UploadFiles/201904/2019041615105220.png	1190512	f075452394e356cdc2e261c73349fd68e2caaba76c1d0f117a7cceb044e427f0	f075452394e356cdc2e261c73349fd68e2caaba76c1d0f117a7cceb044e427f0	
UploadFiles/UploadFiles/201904/2019041615105228.png	UploadFiles/UploadFiles/201904/2019041615105228.png	458122	777861b466c908ad95b764a63c43f3789dfe552d783b31587b2befbe5c609e12	777861b466c908ad95b764a63c43f3789dfe552d783b31587b2befbe5c609e12	
UploadFiles/UploadFiles/201904/2019041615115533.jpg	UploadFiles/UploadFiles/201904/2019041615115533.jpg	147141	6c491aa9d148fcb32cd93503f872724d20acfb6004a1f0ddd2b9515933a87ba5	6c491aa9d148fcb32cd93503f872724d20acfb6004a1f0ddd2b9515933a87ba5	
UploadFiles/UploadFiles/201904/2019041615202819.jpg	UploadFiles/UploadFiles/201904/2019041615202819.jpg	140404	85c701b80650e35c66e9fcff293d4a28c77b1fb65b7f6b1a66aeff7f7af3569e	85c701b80650e35c66e9fcff293d4a28c77b1fb65b7f6b1a66aeff7f7af3569e	
UploadFiles/UploadFiles/201904/2019041615212649.jpg	UploadFiles/UploadFiles/201904/2019041615212649.jpg	83709	734f320aedfc73f3dd32461be4123c8b96706f3884756ad9f86ff789a338097a	734f320aedfc73f3dd32461be4123c8b96706f3884756ad9f86ff789a338097a	
UploadFiles/UploadFiles/201904/2019041615212671.jpg	UploadFiles/UploadFiles/201904/2019041615212671.jpg	132781	1fc5f5c056a41f8e9125607a14338ab106dbf224d80b9ba7cdbe81c1023e394d	1fc5f5c056a41f8e9125607a14338ab106dbf224d80b9ba7cdbe81c1023e394d	
UploadFiles/UploadFiles/201904/2019041615212679.jpg	UploadFiles/UploadFiles/201904/2019041615212679.jpg	179407	feaf8f439b7d3d4d3c7a6a42d2ab9260aedc2fc2f14d71d966fa6798d037f570	feaf8f439b7d3d4d3c7a6a42d2ab9260aedc2fc2f14d71d966fa6798d037f570	
UploadFiles/UploadFiles/201904/2019041615212689.jpg	UploadFiles/UploadFiles/201904/2019041615212689.jpg	89967	c33380b50ae1f802a2b94fd8304c4308878dc991137afe9f91ee3d77a9db30ad	c33380b50ae1f802a2b94fd8304c4308878dc991137afe9f91ee3d77a9db30ad	
UploadFiles/UploadFiles/201904/2019041615215468.jpg	UploadFiles/UploadFiles/201904/2019041615215468.jpg	89375	db96b8247588364d9d9006f79613e6121a0e6bb34bad08bd051be4a8a4756447	db96b8247588364d9d9006f79613e6121a0e6bb34bad08bd051be4a8a4756447	
UploadFiles/UploadFiles/201904/2019041615215495.jpg	UploadFiles/UploadFiles/201904/2019041615215495.jpg	93568	582100a3bbfa6039450ec98b9e6763fc822f0ce1b4cf49d0148c76c19e906814	582100a3bbfa6039450ec98b9e6763fc822f0ce1b4cf49d0148c76c19e906814	
UploadFiles/UploadFiles/201904/2019041810063409.jpg	UploadFiles/UploadFiles/201904/2019041810063409.jpg	3481067	6fc1e89bc298bc322c92e44a6aa9c1380fb607420487a6bcb0a98960442d2caf	6fc1e89bc298bc322c92e44a6aa9c1380fb607420487a6bcb0a98960442d2caf	
UploadFiles/UploadFiles/201904/2019041810071354.jpg	UploadFiles/UploadFiles/201904/2019041810071354.jpg	5439886	8df55f8e08f55d0160a6a4f5781f0370cfe10cfb5147176b6ad28c0f8ebb08ab	8df55f8e08f55d0160a6a4f5781f0370cfe10cfb5147176b6ad28c0f8ebb08ab	
UploadFiles/UploadFiles/201904/2019042011262308.jpg	UploadFiles/UploadFiles/201904/2019042011262308.jpg	691808	9ef8ab8125744124500a673c86effba55a74f7ac9644c60a7c8032611ff40273	9ef8ab8125744124500a673c86effba55a74f7ac9644c60a7c8032611ff40273	
UploadFiles/UploadFiles/201904/2019042011262309.jpg	UploadFiles/UploadFiles/201904/2019042011262309.jpg	707296	414b5e875722115836c8ea321acafbfbf846915cf57d66c74d559a17a3f0b379	414b5e875722115836c8ea321acafbfbf846915cf57d66c74d559a17a3f0b379	
UploadFiles/UploadFiles/201904/2019042011262317.jpg	UploadFiles/UploadFiles/201904/2019042011262317.jpg	612940	d5d53e1460dcb88e5d59642ded1384ea1dd3606cce4f147213fe1bf329f9de01	d5d53e1460dcb88e5d59642ded1384ea1dd3606cce4f147213fe1bf329f9de01	
UploadFiles/UploadFiles/201904/2019042011262326.jpg	UploadFiles/UploadFiles/201904/2019042011262326.jpg	711066	bde454e1f013d255166fbb16f058c03533f97ca008e12b74eed942ac84bf3cb9	bde454e1f013d255166fbb16f058c03533f97ca008e12b74eed942ac84bf3cb9	
UploadFiles/UploadFiles/201904/2019042011262386.jpg	UploadFiles/UploadFiles/201904/2019042011262386.jpg	597665	591b206632dfac9224b138f012962ea4e26cbd788c24e44ddf7bd3fed951a59c	591b206632dfac9224b138f012962ea4e26cbd788c24e44ddf7bd3fed951a59c	
UploadFiles/UploadFiles/201904/2019042309085494.jpg	UploadFiles/UploadFiles/201904/2019042309085494.jpg	7781	67ada4ad3b5d485a6a8df1daf74ce8c9800327203107176a9343f5e3f8e972d7	67ada4ad3b5d485a6a8df1daf74ce8c9800327203107176a9343f5e3f8e972d7	
UploadFiles/UploadFiles/201904/2019042309091051.jpg	UploadFiles/UploadFiles/201904/2019042309091051.jpg	28727	bc9922cadd2c8fdc61ffd74f1f1d3a83ae69164c1701b37f50585f275ca95313	bc9922cadd2c8fdc61ffd74f1f1d3a83ae69164c1701b37f50585f275ca95313	
UploadFiles/UploadFiles/201904/2019042309092429.jpg	UploadFiles/UploadFiles/201904/2019042309092429.jpg	156278	98d34508eb7c8997d5e253824ee042052537eeb97115f1dafe02327e99b134dd	98d34508eb7c8997d5e253824ee042052537eeb97115f1dafe02327e99b134dd	
UploadFiles/UploadFiles/201904/2019042309094511.jpg	UploadFiles/UploadFiles/201904/2019042309094511.jpg	132365	dcffe3a372ca6308df2afea7b1350944c9f0545de6a5378653ef01d139122501	dcffe3a372ca6308df2afea7b1350944c9f0545de6a5378653ef01d139122501	
UploadFiles/UploadFiles/201904/2019042309100123.jpg	UploadFiles/UploadFiles/201904/2019042309100123.jpg	121062	75d0edb1e18961832481dd2bc53071e63af8d741c0064f779301b8c6b441b4f9	75d0edb1e18961832481dd2bc53071e63af8d741c0064f779301b8c6b441b4f9	
UploadFiles/UploadFiles/201904/2019042309101900.jpg	UploadFiles/UploadFiles/201904/2019042309101900.jpg	23904	82647c6eb7961cc988917193d318bdc42b041a8944c56642c02a7ea9c35f3a0a	82647c6eb7961cc988917193d318bdc42b041a8944c56642c02a7ea9c35f3a0a	
UploadFiles/UploadFiles/201904/2019042309103278.jpg	UploadFiles/UploadFiles/201904/2019042309103278.jpg	154869	406ad6ab302bfa5d38576a06789eb1eeae633009bb381c96731f9c550d5094ec	406ad6ab302bfa5d38576a06789eb1eeae633009bb381c96731f9c550d5094ec	
UploadFiles/UploadFiles/201904/2019042309104892.jpg	UploadFiles/UploadFiles/201904/2019042309104892.jpg	59054	3c83e5bfecaa9b95a752fd4fd177b7866a50e526eaf42cc11ed7e5cfef94b34d	3c83e5bfecaa9b95a752fd4fd177b7866a50e526eaf42cc11ed7e5cfef94b34d	
UploadFiles/UploadFiles/201904/2019042309110396.jpg	UploadFiles/UploadFiles/201904/2019042309110396.jpg	77073	22b60cd24af4c29e2c8414a39a77e963dc42f195697d986a18293401a2f20e41	22b60cd24af4c29e2c8414a39a77e963dc42f195697d986a18293401a2f20e41	
UploadFiles/UploadFiles/201904/2019042309111858.jpg	UploadFiles/UploadFiles/201904/2019042309111858.jpg	30547	33df694f574541bc927184de8c6a03eaef96d659c0a91294bbd084b246b5e9be	33df694f574541bc927184de8c6a03eaef96d659c0a91294bbd084b246b5e9be	
UploadFiles/UploadFiles/201904/2019042310185320.jpg	UploadFiles/UploadFiles/201904/2019042310185320.jpg	2211150	f3489c80df92f7aa3eba4ce749f6a9d97545dd651be2307553e65c2d7177f172	f3489c80df92f7aa3eba4ce749f6a9d97545dd651be2307553e65c2d7177f172	
UploadFiles/UploadFiles/201904/2019042310185329.jpg	UploadFiles/UploadFiles/201904/2019042310185329.jpg	1820043	183d45fc60b7324cb2b727d610039785b4ac0af8301e43dab9c0ddf1adb6590c	183d45fc60b7324cb2b727d610039785b4ac0af8301e43dab9c0ddf1adb6590c	
UploadFiles/UploadFiles/201904/2019042310192293.jpg	UploadFiles/UploadFiles/201904/2019042310192293.jpg	3117242	267e3e62a4a54553e44d2d57771210ed04ba4eec470709f2fc2b3ef27abfa4d9	267e3e62a4a54553e44d2d57771210ed04ba4eec470709f2fc2b3ef27abfa4d9	
UploadFiles/UploadFiles/201904/2019042310195682.png	UploadFiles/UploadFiles/201904/2019042310195682.png	329349	8bd5a840445a5a6ac18d702dae5c125a8767c60cdc59cbf85fbce70a9481b3f1	8bd5a840445a5a6ac18d702dae5c125a8767c60cdc59cbf85fbce70a9481b3f1	
UploadFiles/UploadFiles/201904/2019042310195690.png	UploadFiles/UploadFiles/201904/2019042310195690.png	437984	24196757da871b1174beae6de726ebc63191084929a28b6c79fc2b4bdead269f	24196757da871b1174beae6de726ebc63191084929a28b6c79fc2b4bdead269f	
UploadFiles/UploadFiles/201904/2019042310201162.png	UploadFiles/UploadFiles/201904/2019042310201162.png	272867	0d71b9363d297bddbd8067f497751fe7de318d0eda160cd0ad7261eeef1e94e9	0d71b9363d297bddbd8067f497751fe7de318d0eda160cd0ad7261eeef1e94e9	
UploadFiles/UploadFiles/201904/2019042310201170.jpg	UploadFiles/UploadFiles/201904/2019042310201170.jpg	1494792	dc1400a78a62ccf7eed81bdbcea66cb9b398041ecacc09180d4f3e777218ea42	dc1400a78a62ccf7eed81bdbcea66cb9b398041ecacc09180d4f3e777218ea42	
UploadFiles/UploadFiles/201904/2019042310203366.jpg	UploadFiles/UploadFiles/201904/2019042310203366.jpg	3471249	ed23767389a32973afe9800c82b2a0d5ebd5cb9945fbb08d5b77f4b9d68134af	ed23767389a32973afe9800c82b2a0d5ebd5cb9945fbb08d5b77f4b9d68134af	
UploadFiles/UploadFiles/201904/2019042310203387.jpg	UploadFiles/UploadFiles/201904/2019042310203387.jpg	153318	3806da295348f1a5a21f6128817befa009c57289e50d45ebec232e02bf61fc04	3806da295348f1a5a21f6128817befa009c57289e50d45ebec232e02bf61fc04	
UploadFiles/UploadFiles/201904/2019042310203396.jpg	UploadFiles/UploadFiles/201904/2019042310203396.jpg	1668016	df25abe22bee71bb003d75fab6aeed102821df44f9fbba071d83917d2d31c444	df25abe22bee71bb003d75fab6aeed102821df44f9fbba071d83917d2d31c444	
UploadFiles/UploadFiles/201904/2019042310210507.jpg	UploadFiles/UploadFiles/201904/2019042310210507.jpg	1198306	dac14d0d89cf0ca148a77b1646cda31142d6db46162842c0a2ef548128eef280	dac14d0d89cf0ca148a77b1646cda31142d6db46162842c0a2ef548128eef280	
UploadFiles/UploadFiles/201904/2019042310210509.jpg	UploadFiles/UploadFiles/201904/2019042310210509.jpg	1039602	71032526622a7012de50368ef47b20e2068ade1bd6c03dba99aaba4366fef1fe	71032526622a7012de50368ef47b20e2068ade1bd6c03dba99aaba4366fef1fe	
UploadFiles/UploadFiles/201904/2019042310210530.jpg	UploadFiles/UploadFiles/201904/2019042310210530.jpg	2574818	b46590fe47b57491615a24d61485f83a5eb84c4625f712eaf092f9fa04b246e1	b46590fe47b57491615a24d61485f83a5eb84c4625f712eaf092f9fa04b246e1	
UploadFiles/UploadFiles/201904/2019042310210590.jpg	UploadFiles/UploadFiles/201904/2019042310210590.jpg	1206759	baaa50251aaa60b9dcfc6ca95712e79df7adb28a1e1ca4cce5982770c0d3931f	baaa50251aaa60b9dcfc6ca95712e79df7adb28a1e1ca4cce5982770c0d3931f	
UploadFiles/UploadFiles/201904/2019042310363220.jpg	UploadFiles/UploadFiles/201904/2019042310363220.jpg	143892	6de7879f2b9316a26995d581fe59153dfd0c628f4d92890653f1585172c9a5e8	6de7879f2b9316a26995d581fe59153dfd0c628f4d92890653f1585172c9a5e8	
UploadFiles/UploadFiles/201904/2019042310372207.jpg	UploadFiles/UploadFiles/201904/2019042310372207.jpg	122166	41f809563629ecdc2f53c03f35d23cdeb225d2546899d804ef25f4a5a310f8ae	41f809563629ecdc2f53c03f35d23cdeb225d2546899d804ef25f4a5a310f8ae	
UploadFiles/UploadFiles/201904/2019042310372267.jpg	UploadFiles/UploadFiles/201904/2019042310372267.jpg	114159	81fd08e25c55dcc762e88df78d88894e7994ac30c7579810f61523603240b123	81fd08e25c55dcc762e88df78d88894e7994ac30c7579810f61523603240b123	
UploadFiles/UploadFiles/201904/2019042310372289.jpg	UploadFiles/UploadFiles/201904/2019042310372289.jpg	173512	6aba0d4d0e2ba41ae9b609d34fd3d06344739008cbaf5df68bbc29ae839e2073	6aba0d4d0e2ba41ae9b609d34fd3d06344739008cbaf5df68bbc29ae839e2073	
UploadFiles/UploadFiles/201904/2019042310372297.jpg	UploadFiles/UploadFiles/201904/2019042310372297.jpg	135545	20f3714c5377900770f083d2f68d399d76e17f2d23cc0504c5d4a015af247c33	20f3714c5377900770f083d2f68d399d76e17f2d23cc0504c5d4a015af247c33	
UploadFiles/UploadFiles/201904/2019042310382344.jpg	UploadFiles/UploadFiles/201904/2019042310382344.jpg	207405	92a1d1aa791f72016da4f6b71c6cc5cca76b4e9a46105679eda0c7cb10cef531	92a1d1aa791f72016da4f6b71c6cc5cca76b4e9a46105679eda0c7cb10cef531	
UploadFiles/UploadFiles/201904/2019042310382365.jpg	UploadFiles/UploadFiles/201904/2019042310382365.jpg	199177	4fc524d72e513387c7279b3caee78990322efaf6a10a9b7a8cc3c5a7ec833503	4fc524d72e513387c7279b3caee78990322efaf6a10a9b7a8cc3c5a7ec833503	
UploadFiles/UploadFiles/201904/2019042310382366.jpg	UploadFiles/UploadFiles/201904/2019042310382366.jpg	194470	dcd4aaf6a8781c0b130bebdea53b491191acd153800975cc964ad7237b0d412f	dcd4aaf6a8781c0b130bebdea53b491191acd153800975cc964ad7237b0d412f	
UploadFiles/UploadFiles/201904/2019042310382374.jpg	UploadFiles/UploadFiles/201904/2019042310382374.jpg	158516	8077be9e3d93f0f8d70fa7c8ccc1dd66932c31eea43e18471c02cea6a4f7be62	8077be9e3d93f0f8d70fa7c8ccc1dd66932c31eea43e18471c02cea6a4f7be62	
UploadFiles/UploadFiles/201904/2019042310382383.jpg	UploadFiles/UploadFiles/201904/2019042310382383.jpg	192646	4918a04e69abba4239853853a087525235c3d2b84add182f6d662125dde2c089	4918a04e69abba4239853853a087525235c3d2b84add182f6d662125dde2c089	
UploadFiles/UploadFiles/201904/2019042310384986.jpg	UploadFiles/UploadFiles/201904/2019042310384986.jpg	209010	fcf38b6a5b16033d7860093db1c6c34182ee826ee5342802b985e98be8ea8076	fcf38b6a5b16033d7860093db1c6c34182ee826ee5342802b985e98be8ea8076	
UploadFiles/UploadFiles/201904/2019042615215768.jpg	UploadFiles/UploadFiles/201904/2019042615215768.jpg	154339	326f499acbec6fd1916ae4962b487268407f1af9b1e82c45686c7c40154cb1aa	326f499acbec6fd1916ae4962b487268407f1af9b1e82c45686c7c40154cb1aa	
UploadFiles/UploadFiles/201904/2019042615221608.jpg	UploadFiles/UploadFiles/201904/2019042615221608.jpg	127841	e7aed5d5c029e9183cb0bd70b9fdab2fed780a27c9f538611f2d0592e27bb8e8	e7aed5d5c029e9183cb0bd70b9fdab2fed780a27c9f538611f2d0592e27bb8e8	
UploadFiles/UploadFiles/201904/2019042615221616.jpg	UploadFiles/UploadFiles/201904/2019042615221616.jpg	125426	f724a85d981f3b25520431c8e8dddf4096b2848140ff89ee691bd59c295062e6	f724a85d981f3b25520431c8e8dddf4096b2848140ff89ee691bd59c295062e6	
UploadFiles/UploadFiles/201904/2019042615230304.jpg	UploadFiles/UploadFiles/201904/2019042615230304.jpg	110455	16c87047dfba3787fb635772721e9aba8923da5b8e233cad79ad4238f9504730	16c87047dfba3787fb635772721e9aba8923da5b8e233cad79ad4238f9504730	
UploadFiles/UploadFiles/201904/2019042615230306.jpg	UploadFiles/UploadFiles/201904/2019042615230306.jpg	89899	88e0c4793cbda96b71ac97cfd99f033bb7b1d3b4dbe17393b8e500da4c3b6366	88e0c4793cbda96b71ac97cfd99f033bb7b1d3b4dbe17393b8e500da4c3b6366	
UploadFiles/UploadFiles/201904/2019042615230314.jpg	UploadFiles/UploadFiles/201904/2019042615230314.jpg	119740	a3becd6c24185780f940529482974a2a5c2c9f4cb6f4f1c07f61c12818dcb28c	a3becd6c24185780f940529482974a2a5c2c9f4cb6f4f1c07f61c12818dcb28c	
UploadFiles/UploadFiles/201904/2019042615230323.jpg	UploadFiles/UploadFiles/201904/2019042615230323.jpg	100905	291805b83e803885eba70922f93d6ba68a0966cbc614dc5f4e60fa90559fd2c1	291805b83e803885eba70922f93d6ba68a0966cbc614dc5f4e60fa90559fd2c1	
UploadFiles/UploadFiles/201904/2019042615230383.jpg	UploadFiles/UploadFiles/201904/2019042615230383.jpg	118863	fbb6a1f6946fb074ebf6827ed2c19416a7cb6c49c6aebe4cdcec13a850d2d96e	fbb6a1f6946fb074ebf6827ed2c19416a7cb6c49c6aebe4cdcec13a850d2d96e	
UploadFiles/UploadFiles/201904/2019042615232684.jpg	UploadFiles/UploadFiles/201904/2019042615232684.jpg	142118	d46f348082342709b5b6061df5cd9dbf091cead4bb9ce3a89af0ae53561c1544	d46f348082342709b5b6061df5cd9dbf091cead4bb9ce3a89af0ae53561c1544	
UploadFiles/UploadFiles/201904/2019042615240530.jpg	UploadFiles/UploadFiles/201904/2019042615240530.jpg	207416	c3cbf5230ea883b27e2ee97d45c3b601e89b41d828f91130f1b675f3e956633f	c3cbf5230ea883b27e2ee97d45c3b601e89b41d828f91130f1b675f3e956633f	
UploadFiles/UploadFiles/201904/2019042714013512.jpg	UploadFiles/UploadFiles/201904/2019042714013512.jpg	461214	80b743acc1ef23d31a77e80f47aa946b525b9a32da9108688d5d22a9820335dd	80b743acc1ef23d31a77e80f47aa946b525b9a32da9108688d5d22a9820335dd	
UploadFiles/UploadFiles/201904/2019042714044991.png	UploadFiles/UploadFiles/201904/2019042714044991.png	32485	b4d7b7e7db0248f98201c540a4c08c6db434060284055be8163fd6fc1b2ecd61	b4d7b7e7db0248f98201c540a4c08c6db434060284055be8163fd6fc1b2ecd61	
UploadFiles/UploadFiles/201904/2019042913591813.png	UploadFiles/UploadFiles/201904/2019042913591813.png	308174	79002e10853489bbb66210890a4929fc9af93a9f2d6ada0afa6fbbe8f9ba3d35	79002e10853489bbb66210890a4929fc9af93a9f2d6ada0afa6fbbe8f9ba3d35	
UploadFiles/UploadFiles/201904/2019042914010053.jpg	UploadFiles/UploadFiles/201904/2019042914010053.jpg	1544059	f4f6b7b7f5e5cd5dfbc53845afef2c2c95a82d9e6cf3de621bbf74e718f338d5	f4f6b7b7f5e5cd5dfbc53845afef2c2c95a82d9e6cf3de621bbf74e718f338d5	
UploadFiles/UploadFiles/201904/2019042914010081.jpg	UploadFiles/UploadFiles/201904/2019042914010081.jpg	1900230	f70b060addc86919976a438935e808448d8f8f2e900f8fe84b7576d1d6f2e266	f70b060addc86919976a438935e808448d8f8f2e900f8fe84b7576d1d6f2e266	
UploadFiles/UploadFiles/201904/2019042914010090.png	UploadFiles/UploadFiles/201904/2019042914010090.png	232376	a332bcefed8586eb008afe093d12421c3438085b4813f011c2e2d8e762037358	a332bcefed8586eb008afe093d12421c3438085b4813f011c2e2d8e762037358	
UploadFiles/UploadFiles/201904/2019042914010093.jpg	UploadFiles/UploadFiles/201904/2019042914010093.jpg	1468030	0a9d849888c7699d9436ae8db43848e8b928f159a421d807e5a59ed714a6ee93	0a9d849888c7699d9436ae8db43848e8b928f159a421d807e5a59ed714a6ee93	
UploadFiles/UploadFiles/201904/2019042914015321.jpg	UploadFiles/UploadFiles/201904/2019042914015321.jpg	1293909	ea5c4b28c9b739d6bdc62a5a805c9b3f8845c97d64dafc0a5b34f2e3a1a76149	ea5c4b28c9b739d6bdc62a5a805c9b3f8845c97d64dafc0a5b34f2e3a1a76149	
UploadFiles/UploadFiles/201904/2019042914073864.png	UploadFiles/UploadFiles/201904/2019042914073864.png	704240	9d30a4b34eb2ff59b350e351abf972308b40a7e539115702be76cff0d19645e1	9d30a4b34eb2ff59b350e351abf972308b40a7e539115702be76cff0d19645e1	
UploadFiles/UploadFiles/201904/2019042914081652.png	UploadFiles/UploadFiles/201904/2019042914081652.png	426349	f5b3d6dc01d1c62d0b519e36184fe69af29fa4748962c609930696cee8266204	f5b3d6dc01d1c62d0b519e36184fe69af29fa4748962c609930696cee8266204	
UploadFiles/UploadFiles/201904/2019042914105850.png	UploadFiles/UploadFiles/201904/2019042914105850.png	899479	cced802d05d9be24994ddb1a6d3b662854af5c6f4cd60e132d817b928db7774d	cced802d05d9be24994ddb1a6d3b662854af5c6f4cd60e132d817b928db7774d	
UploadFiles/UploadFiles/201904/2019042914162661.jpg	UploadFiles/UploadFiles/201904/2019042914162661.jpg	863870	df0e251caf9411f71e0f519ee2f5c4326959e062fea97c46d17433a9ff4fb867	df0e251caf9411f71e0f519ee2f5c4326959e062fea97c46d17433a9ff4fb867	
UploadFiles/UploadFiles/201904/2019042914165260.jpg	UploadFiles/UploadFiles/201904/2019042914165260.jpg	726420	9a09e73afb919288b70728d77b114fcc6b5c70c67921e50a943123bcb936bc77	9a09e73afb919288b70728d77b114fcc6b5c70c67921e50a943123bcb936bc77	
UploadFiles/UploadFiles/201905/2019050518360506.jpg	UploadFiles/UploadFiles/201905/2019050518360506.jpg	3757467	c812b7b6efa0ccc87735ec6435212c74c21cab4757e76f093fd0457ec54b6bdc	c812b7b6efa0ccc87735ec6435212c74c21cab4757e76f093fd0457ec54b6bdc	
UploadFiles/UploadFiles/201905/2019050609594289.jpg	UploadFiles/UploadFiles/201905/2019050609594289.jpg	351589	795e9b28cf6ee293081094483ffe145833f17667ffaa53124ea70d8455df1b05	795e9b28cf6ee293081094483ffe145833f17667ffaa53124ea70d8455df1b05	
UploadFiles/UploadFiles/201905/2019050609594297.jpg	UploadFiles/UploadFiles/201905/2019050609594297.jpg	303245	7758b1fb15e067c0bfaa78c098d611dcc43f1f4261f1f51d7247221babaaa090	7758b1fb15e067c0bfaa78c098d611dcc43f1f4261f1f51d7247221babaaa090	
UploadFiles/UploadFiles/201905/2019050610002447.jpg	UploadFiles/UploadFiles/201905/2019050610002447.jpg	295582	5a4b7fb709b365ff37c91560ac249ff55e3bea3cca96c9669ce9af9201dfe327	5a4b7fb709b365ff37c91560ac249ff55e3bea3cca96c9669ce9af9201dfe327	
UploadFiles/UploadFiles/201905/2019050610005962.jpg	UploadFiles/UploadFiles/201905/2019050610005962.jpg	288602	0a1758b052dc6054eb44acd86bb304b1a7d3ccce4ac25af9b3eb0ab157775360	0a1758b052dc6054eb44acd86bb304b1a7d3ccce4ac25af9b3eb0ab157775360	
UploadFiles/UploadFiles/201905/2019050610013930.jpg	UploadFiles/UploadFiles/201905/2019050610013930.jpg	256456	b792a8879386611aea4dca39d96484c031ceb258d33d661ce4ca170bb9484291	b792a8879386611aea4dca39d96484c031ceb258d33d661ce4ca170bb9484291	
UploadFiles/UploadFiles/201905/2019050610021330.jpg	UploadFiles/UploadFiles/201905/2019050610021330.jpg	231759	0bd5e8a3566a54743f0ca36640c34905e38a405288f20310cac430ef8480afd1	0bd5e8a3566a54743f0ca36640c34905e38a405288f20310cac430ef8480afd1	
UploadFiles/UploadFiles/201905/2019050610021338.jpg	UploadFiles/UploadFiles/201905/2019050610021338.jpg	208513	c716b32660bead823691b58531533fd6c80a17c5ba3e95863d21ad842034807c	c716b32660bead823691b58531533fd6c80a17c5ba3e95863d21ad842034807c	
UploadFiles/UploadFiles/201905/2019050610030328.jpg	UploadFiles/UploadFiles/201905/2019050610030328.jpg	229423	4b9ce82ec11e7390479f230d5fc317ee1db76ca7a09304f073c20f58a4761eba	4b9ce82ec11e7390479f230d5fc317ee1db76ca7a09304f073c20f58a4761eba	
UploadFiles/UploadFiles/201905/2019050610035855.jpg	UploadFiles/UploadFiles/201905/2019050610035855.jpg	237860	bf367664224193924fb52baa28c91ed0783286a6cf53791554768d1a175ce2cb	bf367664224193924fb52baa28c91ed0783286a6cf53791554768d1a175ce2cb	
UploadFiles/UploadFiles/201905/2019050610041853.jpg	UploadFiles/UploadFiles/201905/2019050610041853.jpg	256697	5f3cb103140fb1f196bc98b8aeccf6da1cf04247e97d2b002613770bae0efce6	5f3cb103140fb1f196bc98b8aeccf6da1cf04247e97d2b002613770bae0efce6	
UploadFiles/UploadFiles/201905/2019050610043485.jpg	UploadFiles/UploadFiles/201905/2019050610043485.jpg	192048	92ab6775959ffc7b0543ad59018a5d6baf0713277d19ada6d0c05925c4c953bb	92ab6775959ffc7b0543ad59018a5d6baf0713277d19ada6d0c05925c4c953bb	
UploadFiles/UploadFiles/201905/2019050610044995.jpg	UploadFiles/UploadFiles/201905/2019050610044995.jpg	212526	02683a98ce869995a6e23acc8c21b217b2ad640105a882834a95a9f37cd284ff	02683a98ce869995a6e23acc8c21b217b2ad640105a882834a95a9f37cd284ff	
UploadFiles/UploadFiles/201905/2019050610060050.jpg	UploadFiles/UploadFiles/201905/2019050610060050.jpg	163262	ba1b3c715b8aabdce9cf98415574da4d57e440705e9fd39e83d46a7b1344a7f5	ba1b3c715b8aabdce9cf98415574da4d57e440705e9fd39e83d46a7b1344a7f5	
UploadFiles/UploadFiles/201905/2019050610062082.jpg	UploadFiles/UploadFiles/201905/2019050610062082.jpg	365678	937c2def44792ef971130cff84af1c4b72488cf3662a39218997db29aee82122	937c2def44792ef971130cff84af1c4b72488cf3662a39218997db29aee82122	
UploadFiles/UploadFiles/201905/2019050610062091.jpg	UploadFiles/UploadFiles/201905/2019050610062091.jpg	257338	8ed5d3505d24a45b46dc08b16b0abb86b5f11cac7bac6cc721045b1ce0c53d47	8ed5d3505d24a45b46dc08b16b0abb86b5f11cac7bac6cc721045b1ce0c53d47	
UploadFiles/UploadFiles/201905/2019050610124940.jpg	UploadFiles/UploadFiles/201905/2019050610124940.jpg	479839	d5647458f3fd32f8ff9ecfeed3e5f8d36b7d92447bd60fe4ca33c8e8de77466c	d5647458f3fd32f8ff9ecfeed3e5f8d36b7d92447bd60fe4ca33c8e8de77466c	
UploadFiles/UploadFiles/201905/2019050610124949.jpg	UploadFiles/UploadFiles/201905/2019050610124949.jpg	1198623	4da63e84e4cbe6600692d7146d2246a695ab359fcf05c56e4aa3536941b4afe0	4da63e84e4cbe6600692d7146d2246a695ab359fcf05c56e4aa3536941b4afe0	
UploadFiles/UploadFiles/201905/2019050610132547.jpg	UploadFiles/UploadFiles/201905/2019050610132547.jpg	413475	773e9360c5952019172bbfbf61f8b6e26a6e2e411131aaab4c41a5d102688cc0	773e9360c5952019172bbfbf61f8b6e26a6e2e411131aaab4c41a5d102688cc0	
UploadFiles/UploadFiles/201905/2019050610184891.jpg	UploadFiles/UploadFiles/201905/2019050610184891.jpg	480739	dd8046c2f255c5eed6d66cb5fc41a00af233f517132709c62345d6ed24f80161	dd8046c2f255c5eed6d66cb5fc41a00af233f517132709c62345d6ed24f80161	
UploadFiles/UploadFiles/201905/2019050610190736.jpg	UploadFiles/UploadFiles/201905/2019050610190736.jpg	1165739	a31bb131bf3475b350f2e60f41a4c40fbdc21414bdfdc4ae7160a2ca9d546a09	a31bb131bf3475b350f2e60f41a4c40fbdc21414bdfdc4ae7160a2ca9d546a09	
UploadFiles/UploadFiles/201905/2019050610190745.jpg	UploadFiles/UploadFiles/201905/2019050610190745.jpg	431929	50ada18f572be0571b5bad8ecd9f2aba21fd9cbe4fa9bfe1b23c94dc5ddc2a79	50ada18f572be0571b5bad8ecd9f2aba21fd9cbe4fa9bfe1b23c94dc5ddc2a79	
UploadFiles/UploadFiles/201905/2019050610194029.jpg	UploadFiles/UploadFiles/201905/2019050610194029.jpg	372239	a33360dbb0f24049a6481429f52d891b7f2b6595b0c28f1e94486bbff77d21a2	a33360dbb0f24049a6481429f52d891b7f2b6595b0c28f1e94486bbff77d21a2	
UploadFiles/UploadFiles/201905/2019050610194051.jpg	UploadFiles/UploadFiles/201905/2019050610194051.jpg	389677	eada7a9822f5f7e214b60789689f2fb675aabf569eb42f0ac0eb57a25748144a	eada7a9822f5f7e214b60789689f2fb675aabf569eb42f0ac0eb57a25748144a	
UploadFiles/UploadFiles/201905/2019050610194059.jpg	UploadFiles/UploadFiles/201905/2019050610194059.jpg	465463	3a865e01e8dd88f6e4d56aaec2bc66668416b59ebbdf80ea909b9d2d75a31536	3a865e01e8dd88f6e4d56aaec2bc66668416b59ebbdf80ea909b9d2d75a31536	
UploadFiles/UploadFiles/201905/2019050610201706.jpg	UploadFiles/UploadFiles/201905/2019050610201706.jpg	386697	8da18a9e55faf098e5dde04d076eb48e9a6eb285914ac82ef838d9fdbc7fa752	8da18a9e55faf098e5dde04d076eb48e9a6eb285914ac82ef838d9fdbc7fa752	
UploadFiles/UploadFiles/201905/2019050610201766.jpg	UploadFiles/UploadFiles/201905/2019050610201766.jpg	360533	ebdcecedcd144c5536c4ab4cb568cb70dbd218c8f4be80ac4a1858461cc1c072	ebdcecedcd144c5536c4ab4cb568cb70dbd218c8f4be80ac4a1858461cc1c072	
UploadFiles/UploadFiles/201905/2019050610201788.jpg	UploadFiles/UploadFiles/201905/2019050610201788.jpg	428163	12fe8f45fd30e74a1124fe432ed209655d0a72044aee438aec2f6f201088d119	12fe8f45fd30e74a1124fe432ed209655d0a72044aee438aec2f6f201088d119	
UploadFiles/UploadFiles/201905/2019050610201796.jpg	UploadFiles/UploadFiles/201905/2019050610201796.jpg	344883	3fec70afccc924e27d6453ddfc6dd674c34d50d78643157a69dab7972bb4a938	3fec70afccc924e27d6453ddfc6dd674c34d50d78643157a69dab7972bb4a938	
UploadFiles/UploadFiles/201905/2019050610204192.jpg	UploadFiles/UploadFiles/201905/2019050610204192.jpg	485840	2cdde4862baf5ad60633c1e524ead69f2952d84705a9bfd288726d7173dcdcb5	2cdde4862baf5ad60633c1e524ead69f2952d84705a9bfd288726d7173dcdcb5	
UploadFiles/UploadFiles/201905/2019050610251388.jpg	UploadFiles/UploadFiles/201905/2019050610251388.jpg	221442	e3501b0225c1f10089268b3bae0a7f1e570b207b264251a49596bd6435c63876	e3501b0225c1f10089268b3bae0a7f1e570b207b264251a49596bd6435c63876	
UploadFiles/UploadFiles/201905/2019050610252950.jpg	UploadFiles/UploadFiles/201905/2019050610252950.jpg	160948	17baade10cc427e868c2249a0f006cf3f84f726d41a9dff9bd67b995e839007f	17baade10cc427e868c2249a0f006cf3f84f726d41a9dff9bd67b995e839007f	
UploadFiles/UploadFiles/201905/2019050610254519.jpg	UploadFiles/UploadFiles/201905/2019050610254519.jpg	198265	eeb4f3d24454c734f93517913ca9b6fd817b28179b4e0b181a1d03bed2f93904	eeb4f3d24454c734f93517913ca9b6fd817b28179b4e0b181a1d03bed2f93904	
UploadFiles/UploadFiles/201905/2019050610263200.jpg	UploadFiles/UploadFiles/201905/2019050610263200.jpg	276760	e0d9b379338a99e99ed580a0d9aebf7e7e9d8f5dc77d5c1416b7db1e9f82f447	e0d9b379338a99e99ed580a0d9aebf7e7e9d8f5dc77d5c1416b7db1e9f82f447	
UploadFiles/UploadFiles/201905/2019050610263222.jpg	UploadFiles/UploadFiles/201905/2019050610263222.jpg	184130	5ccb541cd722a69142875ee90c1eb971836b48e868c220efbf6e0a8a4904f178	5ccb541cd722a69142875ee90c1eb971836b48e868c220efbf6e0a8a4904f178	
UploadFiles/UploadFiles/201905/2019050610263227.jpg	UploadFiles/UploadFiles/201905/2019050610263227.jpg	224815	990cf1015de2173f6c9a9d03eb4d791d26a1d0359643e087dffeccd15356d670	990cf1015de2173f6c9a9d03eb4d791d26a1d0359643e087dffeccd15356d670	
UploadFiles/UploadFiles/201905/2019050610263231.jpg	UploadFiles/UploadFiles/201905/2019050610263231.jpg	219244	253df89436bef28511c1a32c292c90023cb4910d01cae870e1a2792b9cae87f5	253df89436bef28511c1a32c292c90023cb4910d01cae870e1a2792b9cae87f5	
UploadFiles/UploadFiles/201905/2019050610263246.jpg	UploadFiles/UploadFiles/201905/2019050610263246.jpg	193330	db016d76be96655c98432e334931c5e20ea70c59fea2dca37b9bfca4edcbb92f	db016d76be96655c98432e334931c5e20ea70c59fea2dca37b9bfca4edcbb92f	
UploadFiles/UploadFiles/201905/2019050610312361.jpg	UploadFiles/UploadFiles/201905/2019050610312361.jpg	1103005	9e9d629f80ab24fddb890da94708907978f3368dc84e9832c50b5b22dc565c97	9e9d629f80ab24fddb890da94708907978f3368dc84e9832c50b5b22dc565c97	
UploadFiles/UploadFiles/201905/2019050610321711.jpg	UploadFiles/UploadFiles/201905/2019050610321711.jpg	126072	63e328ee246df5e67f9001d8c02d4ec5e517c0205a3bb5c4631fcb3f20f4a19b	63e328ee246df5e67f9001d8c02d4ec5e517c0205a3bb5c4631fcb3f20f4a19b	
UploadFiles/UploadFiles/201905/2019050610321751.jpg	UploadFiles/UploadFiles/201905/2019050610321751.jpg	120391	0d463061cf6fb285d6dabe05b8913154c387094543756dbb392aedc6b59eb19b	0d463061cf6fb285d6dabe05b8913154c387094543756dbb392aedc6b59eb19b	
UploadFiles/UploadFiles/201905/2019050610354402.jpg	UploadFiles/UploadFiles/201905/2019050610354402.jpg	126142	d329666b49158222093965dd915469991794c2ab433ec893db573758b710ec77	d329666b49158222093965dd915469991794c2ab433ec893db573758b710ec77	
UploadFiles/UploadFiles/201905/2019050610354424.jpg	UploadFiles/UploadFiles/201905/2019050610354424.jpg	217876	01f0defd9c24175ef9504f40d4f1c10199485c2cfc81cc12b5d9d999ca92185d	01f0defd9c24175ef9504f40d4f1c10199485c2cfc81cc12b5d9d999ca92185d	
UploadFiles/UploadFiles/201905/2019050610354432.jpg	UploadFiles/UploadFiles/201905/2019050610354432.jpg	295859	ed5ade38cd7e01e94ddb9b705828e9906ba2705ba62de65c903ad09378918107	ed5ade38cd7e01e94ddb9b705828e9906ba2705ba62de65c903ad09378918107	
UploadFiles/UploadFiles/201905/2019050610405156.jpg	UploadFiles/UploadFiles/201905/2019050610405156.jpg	134434	db712b1e21cf49de67b6b6e19ddef446fe108d782744ee76b110337d84f694f9	db712b1e21cf49de67b6b6e19ddef446fe108d782744ee76b110337d84f694f9	
UploadFiles/UploadFiles/201905/2019050610414088.jpg	UploadFiles/UploadFiles/201905/2019050610414088.jpg	2506220	d8bdc65affc4ed10de9ed1e678685e4ac237e3701bfc37095a75a787dbb9f584	d8bdc65affc4ed10de9ed1e678685e4ac237e3701bfc37095a75a787dbb9f584	
UploadFiles/UploadFiles/201905/2019050610414098.jpg	UploadFiles/UploadFiles/201905/2019050610414098.jpg	101358	48f95e380a4c5c5d6c3ecd5ef29f441a7981b8e34ead8805bac701469dd13cc9	48f95e380a4c5c5d6c3ecd5ef29f441a7981b8e34ead8805bac701469dd13cc9	
UploadFiles/UploadFiles/201905/2019050810491442.jpg	UploadFiles/UploadFiles/201905/2019050810491442.jpg	77695	13a31c1005abd9a71830ff52ecd0f31881dbfaf6bf5ea33e35759400746dcf5f	13a31c1005abd9a71830ff52ecd0f31881dbfaf6bf5ea33e35759400746dcf5f	
UploadFiles/UploadFiles/201905/2019050908552739.jpg	UploadFiles/UploadFiles/201905/2019050908552739.jpg	2491726	be57ec53bf3274a6619dbd60f024820e10d3190782cc84399a0cc407cd6681bb	be57ec53bf3274a6619dbd60f024820e10d3190782cc84399a0cc407cd6681bb	
UploadFiles/UploadFiles/201905/2019051310020201.jpg	UploadFiles/UploadFiles/201905/2019051310020201.jpg	193600	f17849e8571d2c5a726aa8bdbb5a1e4dbf039766db886023038883be3b9a9358	f17849e8571d2c5a726aa8bdbb5a1e4dbf039766db886023038883be3b9a9358	
UploadFiles/UploadFiles/201905/2019051310322983.jpg	UploadFiles/UploadFiles/201905/2019051310322983.jpg	188736	18f0434cca06324da6c4062475381693d3bdccdce52571e4d4faf8f762922608	18f0434cca06324da6c4062475381693d3bdccdce52571e4d4faf8f762922608	
UploadFiles/UploadFiles/201905/2019051310344322.jpg	UploadFiles/UploadFiles/201905/2019051310344322.jpg	696395	c14ea2ec2a2cda50e970871445c572d8f0d0f49c473457dec8138dc2c07c8a80	c14ea2ec2a2cda50e970871445c572d8f0d0f49c473457dec8138dc2c07c8a80	
UploadFiles/UploadFiles/201905/2019051314544045.jpg	UploadFiles/UploadFiles/201905/2019051314544045.jpg	243505	3d773dc066a91508d9bc9c21f57a1700cadedb63dbc6ce2684131795a3ec262d	3d773dc066a91508d9bc9c21f57a1700cadedb63dbc6ce2684131795a3ec262d	
UploadFiles/UploadFiles/201905/2019051314545587.jpg	UploadFiles/UploadFiles/201905/2019051314545587.jpg	174126	2b507088b03261604b948ca71cffe3d27dee04b8fe7493ef28820b8019e7d789	2b507088b03261604b948ca71cffe3d27dee04b8fe7493ef28820b8019e7d789	
UploadFiles/UploadFiles/201905/2019051314551814.jpg	UploadFiles/UploadFiles/201905/2019051314551814.jpg	330156	5b7cfbe33ca23ca7db2942ad4bc968a337e1b87d69dd79ee5eead4bd05adfc6a	5b7cfbe33ca23ca7db2942ad4bc968a337e1b87d69dd79ee5eead4bd05adfc6a	
UploadFiles/UploadFiles/201905/2019051315064194.jpg	UploadFiles/UploadFiles/201905/2019051315064194.jpg	279515	7643f9994c639dbc1df453a8466b5a90374ac6269dd348521d4b11ace51c733c	7643f9994c639dbc1df453a8466b5a90374ac6269dd348521d4b11ace51c733c	
UploadFiles/UploadFiles/201905/2019051315065788.jpg	UploadFiles/UploadFiles/201905/2019051315065788.jpg	289331	0ccecce77c4ce5760f79fb1054508f1fef267af2d5ecd43f6c1d8eaa78f70364	0ccecce77c4ce5760f79fb1054508f1fef267af2d5ecd43f6c1d8eaa78f70364	
UploadFiles/UploadFiles/201905/2019051514081413.jpg	UploadFiles/UploadFiles/201905/2019051514081413.jpg	500249	8c0565fe13413110abb52045358c2dbfae3c30e7f3a4f05027347b3ea99b38ae	8c0565fe13413110abb52045358c2dbfae3c30e7f3a4f05027347b3ea99b38ae	
UploadFiles/UploadFiles/201905/2019051514140746.jpg	UploadFiles/UploadFiles/201905/2019051514140746.jpg	230214	3fc7e5607c3d45f861559d660f4bc8e1577f0127663815d49da0526badf16655	3fc7e5607c3d45f861559d660f4bc8e1577f0127663815d49da0526badf16655	
UploadFiles/UploadFiles/201905/2019051514140773.jpg	UploadFiles/UploadFiles/201905/2019051514140773.jpg	587245	a88b8f2a2cede845e857301687ff0eb94ef1ae7b8ca2dc7b7c2b6cbe31ae66d3	a88b8f2a2cede845e857301687ff0eb94ef1ae7b8ca2dc7b7c2b6cbe31ae66d3	
UploadFiles/UploadFiles/201905/2019051517475030.jpg	UploadFiles/UploadFiles/201905/2019051517475030.jpg	34032	b3573b480d353908547a7800ab2d07e9e53e4806e6321ab41fb32763f7166eb8	b3573b480d353908547a7800ab2d07e9e53e4806e6321ab41fb32763f7166eb8	
UploadFiles/UploadFiles/201905/2019051517475051.jpg	UploadFiles/UploadFiles/201905/2019051517475051.jpg	23336	79b6081f95802bcb7405197be852b7c695dd6887a219e41e6162b15d6eae7008	79b6081f95802bcb7405197be852b7c695dd6887a219e41e6162b15d6eae7008	
UploadFiles/UploadFiles/201905/2019051517475052.jpg	UploadFiles/UploadFiles/201905/2019051517475052.jpg	5379	5440bdd296de41f94e1ad6359734241d9a98f2498db5e94bc975b094f098ec6a	5440bdd296de41f94e1ad6359734241d9a98f2498db5e94bc975b094f098ec6a	
UploadFiles/UploadFiles/201905/2019051517475060.jpg	UploadFiles/UploadFiles/201905/2019051517475060.jpg	25303	7c2ace5090b6d4bbb0f1da197d39f1ab7a3bae2df1d72673545d1893b9b6e74d	7c2ace5090b6d4bbb0f1da197d39f1ab7a3bae2df1d72673545d1893b9b6e74d	
UploadFiles/UploadFiles/201905/2019051517475069.jpg	UploadFiles/UploadFiles/201905/2019051517475069.jpg	44343	3718a4b5b463c9cd59d29a3313150709d4079dc468f4da1666cf1bbefbd7aafb	3718a4b5b463c9cd59d29a3313150709d4079dc468f4da1666cf1bbefbd7aafb	
UploadFiles/UploadFiles/201905/2019051609163412.jpg	UploadFiles/UploadFiles/201905/2019051609163412.jpg	46270	53e6b408a668f98c43f3f73b8d75aa1bc3e4b4ff64b3bc224a3b8563e1013f15	53e6b408a668f98c43f3f73b8d75aa1bc3e4b4ff64b3bc224a3b8563e1013f15	
UploadFiles/UploadFiles/201905/2019051708212233.jpg	UploadFiles/UploadFiles/201905/2019051708212233.jpg	389253	0b62ee32bb0d5120ef766ca068f0d4a54a19f499d46febc7c8b86b99670c1113	0b62ee32bb0d5120ef766ca068f0d4a54a19f499d46febc7c8b86b99670c1113	
UploadFiles/UploadFiles/201905/2019051708212241.jpg	UploadFiles/UploadFiles/201905/2019051708212241.jpg	442940	5c608c8059dc67bf2d63764e3ec6c9990b997389e75b095116c7aea7bce638cc	5c608c8059dc67bf2d63764e3ec6c9990b997389e75b095116c7aea7bce638cc	
UploadFiles/UploadFiles/201905/2019051708220314.png	UploadFiles/UploadFiles/201905/2019051708220314.png	729792	fc72b7578cea9275cfc4ebc28c43daf43fa8093fa7ed855897e939371391e547	fc72b7578cea9275cfc4ebc28c43daf43fa8093fa7ed855897e939371391e547	
UploadFiles/UploadFiles/201905/2019051708220332.png	UploadFiles/UploadFiles/201905/2019051708220332.png	133519	fc32c3c4d3f9850e37ae6b2abb2eea63645e8e385d973cdcb685f5243ef8b598	fc32c3c4d3f9850e37ae6b2abb2eea63645e8e385d973cdcb685f5243ef8b598	
UploadFiles/UploadFiles/201905/2019051708220355.png	UploadFiles/UploadFiles/201905/2019051708220355.png	2003388	734cc22799f11174f63a84e55d47f32c6b0f827143a2dddeac735cf826caae6b	734cc22799f11174f63a84e55d47f32c6b0f827143a2dddeac735cf826caae6b	
UploadFiles/UploadFiles/201905/2019051708220377.png	UploadFiles/UploadFiles/201905/2019051708220377.png	171436	234e28d23300ce54406d8f1aec19fe0109ccf3c645672b8cc632fb3e9fa7a311	234e28d23300ce54406d8f1aec19fe0109ccf3c645672b8cc632fb3e9fa7a311	
UploadFiles/UploadFiles/201905/2019051708220385.png	UploadFiles/UploadFiles/201905/2019051708220385.png	138203	2facb4c2cf6d3b51b70ea13054be6a5603a4af3e680886d61f9f50aa57eeb72e	2facb4c2cf6d3b51b70ea13054be6a5603a4af3e680886d61f9f50aa57eeb72e	
UploadFiles/UploadFiles/201905/2019051708223496.jpg	UploadFiles/UploadFiles/201905/2019051708223496.jpg	341075	0918263ecda9dc3b6874467beaaaf756d0d137b507bf88bd774500209bf23c6a	0918263ecda9dc3b6874467beaaaf756d0d137b507bf88bd774500209bf23c6a	
UploadFiles/UploadFiles/201905/2019051708230659.jpg	UploadFiles/UploadFiles/201905/2019051708230659.jpg	328699	0909c51ea9c8417918215672b2720b2be09072e7ed38fad3c7db5c357ff5bcbc	0909c51ea9c8417918215672b2720b2be09072e7ed38fad3c7db5c357ff5bcbc	
UploadFiles/UploadFiles/201905/2019051708232678.jpg	UploadFiles/UploadFiles/201905/2019051708232678.jpg	381420	72897408fff78b1f3e8e9c9bcdafd40ebc18e530e39266f696b367dfade14724	72897408fff78b1f3e8e9c9bcdafd40ebc18e530e39266f696b367dfade14724	
UploadFiles/UploadFiles/201905/2019051708232698.jpg	UploadFiles/UploadFiles/201905/2019051708232698.jpg	341310	43cc04a813a9c06044f6425bc1f93d194f7533e0001424295d7c00d5161f5d5f	43cc04a813a9c06044f6425bc1f93d194f7533e0001424295d7c00d5161f5d5f	
UploadFiles/UploadFiles/201905/2019051708234605.jpg	UploadFiles/UploadFiles/201905/2019051708234605.jpg	483155	fbf3316a67aa2fe7b8609284832ea2a86ed3705d87b9b65793fd87230ebd1c88	fbf3316a67aa2fe7b8609284832ea2a86ed3705d87b9b65793fd87230ebd1c88	
UploadFiles/UploadFiles/201905/2019051708243006.jpg	UploadFiles/UploadFiles/201905/2019051708243006.jpg	1426311	4c97b095e863c81505b982d661617d4908b394ccaa03c59b254e06248bd52227	4c97b095e863c81505b982d661617d4908b394ccaa03c59b254e06248bd52227	
UploadFiles/UploadFiles/201905/2019051708243019.png	UploadFiles/UploadFiles/201905/2019051708243019.png	18743	be0f2a32dc1b8356104cf06a31082d8e5014a413e54d8d832a611cdaf2f8a440	be0f2a32dc1b8356104cf06a31082d8e5014a413e54d8d832a611cdaf2f8a440	
UploadFiles/UploadFiles/201905/2019051708243024.png	UploadFiles/UploadFiles/201905/2019051708243024.png	163938	a9216014a1ded11e47cb832ace527b38a762e0040f868fbbbf2a5832abb8adbd	a9216014a1ded11e47cb832ace527b38a762e0040f868fbbbf2a5832abb8adbd	
UploadFiles/UploadFiles/201905/2019051708243028.jpg	UploadFiles/UploadFiles/201905/2019051708243028.jpg	1063136	2b3d267f5194ca43109fabfc3f5be26ee597cbce58b84e4589e0502a2dec48c1	2b3d267f5194ca43109fabfc3f5be26ee597cbce58b84e4589e0502a2dec48c1	
UploadFiles/UploadFiles/201905/2019051708243084.jpg	UploadFiles/UploadFiles/201905/2019051708243084.jpg	142943	cdee08bdbae6d1e85be90c49473d0cdbe40e660c89798fe53af3e0051ed77fa2	cdee08bdbae6d1e85be90c49473d0cdbe40e660c89798fe53af3e0051ed77fa2	
UploadFiles/UploadFiles/201905/2019051708294405.jpg	UploadFiles/UploadFiles/201905/2019051708294405.jpg	168417	e0bcb59b848c88396fc852e8fc8784f8c622894f83398885ca5600ed67856ed0	e0bcb59b848c88396fc852e8fc8784f8c622894f83398885ca5600ed67856ed0	
UploadFiles/UploadFiles/201905/2019051708294409.jpg	UploadFiles/UploadFiles/201905/2019051708294409.jpg	120249	b1bb3bc23795c8c46e08ea9110ce2306e446cce4b500775ce10bf3fbbf1f7f8f	b1bb3bc23795c8c46e08ea9110ce2306e446cce4b500775ce10bf3fbbf1f7f8f	
UploadFiles/UploadFiles/201905/2019051708294465.jpg	UploadFiles/UploadFiles/201905/2019051708294465.jpg	170149	3ed6c5d2d65938c963c19f45e3e9bf4335cdc68ce58c426dc1c49834bb2efa27	3ed6c5d2d65938c963c19f45e3e9bf4335cdc68ce58c426dc1c49834bb2efa27	
UploadFiles/UploadFiles/201905/2019051708294486.jpg	UploadFiles/UploadFiles/201905/2019051708294486.jpg	159961	da83488d1b80decdd6289a2c55a3d6acc25fad608dfc237a1b3692c62eb9fe92	da83488d1b80decdd6289a2c55a3d6acc25fad608dfc237a1b3692c62eb9fe92	
UploadFiles/UploadFiles/201905/2019051708294487.jpg	UploadFiles/UploadFiles/201905/2019051708294487.jpg	132104	444c394203dba426b302318fd9606bf191d753698b8ea77202b1085cfb3c41ac	444c394203dba426b302318fd9606bf191d753698b8ea77202b1085cfb3c41ac	
UploadFiles/UploadFiles/201905/2019051708314635.jpg	UploadFiles/UploadFiles/201905/2019051708314635.jpg	476547	3f742dfe3804caec27ff0979b09b8cc9db3b82a8072824cd8de71a8b86a90db6	3f742dfe3804caec27ff0979b09b8cc9db3b82a8072824cd8de71a8b86a90db6	
UploadFiles/UploadFiles/201905/2019051708320007.png	UploadFiles/UploadFiles/201905/2019051708320007.png	228600	b8cbdbe6cf7799125c35c4d18e06e530dbff9726217c1d50b09bc54f68312568	b8cbdbe6cf7799125c35c4d18e06e530dbff9726217c1d50b09bc54f68312568	
UploadFiles/UploadFiles/201905/2019051708320098.jpg	UploadFiles/UploadFiles/201905/2019051708320098.jpg	430678	331dff774bec3760ed37199572e0df42109ffbb79486438f8376e1c7c41ce426	331dff774bec3760ed37199572e0df42109ffbb79486438f8376e1c7c41ce426	
UploadFiles/UploadFiles/201905/2019051708324358.png	UploadFiles/UploadFiles/201905/2019051708324358.png	3665974	fc1e6e0997dbda316048b8b86c3835f6423d4b47221c53ebe2cb827259ac6c21	fc1e6e0997dbda316048b8b86c3835f6423d4b47221c53ebe2cb827259ac6c21	
UploadFiles/UploadFiles/201905/2019051708324362.jpg	UploadFiles/UploadFiles/201905/2019051708324362.jpg	526530	370e507a31989c8873daa336f24ecec1d84f76fd7e5a64a87e36da211af7fd72	370e507a31989c8873daa336f24ecec1d84f76fd7e5a64a87e36da211af7fd72	
UploadFiles/UploadFiles/201905/2019051708331972.jpg	UploadFiles/UploadFiles/201905/2019051708331972.jpg	290124	548f79eb62fb501b2a1ced004d8191c3d8ddd92e97a23e5a05ba5685e9261878	548f79eb62fb501b2a1ced004d8191c3d8ddd92e97a23e5a05ba5685e9261878	
UploadFiles/UploadFiles/201905/2019051708332977.jpg	UploadFiles/UploadFiles/201905/2019051708332977.jpg	310505	2fd05fb081be806db89b313c9791415ebb1badc28c948f60d75acd9afad1b7e8	2fd05fb081be806db89b313c9791415ebb1badc28c948f60d75acd9afad1b7e8	
UploadFiles/UploadFiles/201905/2019051708335833.jpg	UploadFiles/UploadFiles/201905/2019051708335833.jpg	332502	decc912f616b75adda55503773df4834270afc69224aba26d9c8eae222907c14	decc912f616b75adda55503773df4834270afc69224aba26d9c8eae222907c14	
UploadFiles/UploadFiles/201905/2019051708335851.jpg	UploadFiles/UploadFiles/201905/2019051708335851.jpg	347711	56fb201cd05876dfb236c0f9e000aa3a8d197b8cb7dc949fce032c436fac08e4	56fb201cd05876dfb236c0f9e000aa3a8d197b8cb7dc949fce032c436fac08e4	
UploadFiles/UploadFiles/201905/2019051708335855.jpg	UploadFiles/UploadFiles/201905/2019051708335855.jpg	341270	29d94072f0a19396ee8b167c32dab6efd3b4a079fb1f66cc3cb00242b4c3891b	29d94072f0a19396ee8b167c32dab6efd3b4a079fb1f66cc3cb00242b4c3891b	
UploadFiles/UploadFiles/201905/2019051708342387.png	UploadFiles/UploadFiles/201905/2019051708342387.png	514949	fc00e55cb7009599ee730a735443c614b1e0bd7bc0bb19c7be0bde4b92cd04b1	fc00e55cb7009599ee730a735443c614b1e0bd7bc0bb19c7be0bde4b92cd04b1	
UploadFiles/UploadFiles/201905/2019051708351416.jpg	UploadFiles/UploadFiles/201905/2019051708351416.jpg	294800	94d312e243e1177a3f4760016a73393a39c0ffb9b24d2c620a0dab4b11326d87	94d312e243e1177a3f4760016a73393a39c0ffb9b24d2c620a0dab4b11326d87	
UploadFiles/UploadFiles/201905/2019051708351417.jpg	UploadFiles/UploadFiles/201905/2019051708351417.jpg	369020	bf2d8720933d1e34268a8a88f819eacbbc5345f034c7013bea5da38e33a55dae	bf2d8720933d1e34268a8a88f819eacbbc5345f034c7013bea5da38e33a55dae	
UploadFiles/UploadFiles/201905/2019051708351425.jpg	UploadFiles/UploadFiles/201905/2019051708351425.jpg	378648	61e7953365e03cde29ad1dd69c8287683629d83e397777f9a1d95481d8a5a6ef	61e7953365e03cde29ad1dd69c8287683629d83e397777f9a1d95481d8a5a6ef	
UploadFiles/UploadFiles/201905/2019051708351434.jpg	UploadFiles/UploadFiles/201905/2019051708351434.jpg	333331	a9ddc5d7876a4be14d12f3ab9eda41fd6891836e61825d30786c459817d87546	a9ddc5d7876a4be14d12f3ab9eda41fd6891836e61825d30786c459817d87546	
UploadFiles/UploadFiles/201905/2019051708351437.png	UploadFiles/UploadFiles/201905/2019051708351437.png	237464	5c2c5e686ce9d0677ef355a422a923fbe05bed0d358abbe8c9cd2e1daabb1da7	5c2c5e686ce9d0677ef355a422a923fbe05bed0d358abbe8c9cd2e1daabb1da7	
UploadFiles/UploadFiles/201905/2019051708351494.jpg	UploadFiles/UploadFiles/201905/2019051708351494.jpg	376966	dd544700fec4ad7899698c08361e6cccf6c7245d2d510d1c7eb22c863900c9e5	dd544700fec4ad7899698c08361e6cccf6c7245d2d510d1c7eb22c863900c9e5	
UploadFiles/UploadFiles/201905/2019051708351497.png	UploadFiles/UploadFiles/201905/2019051708351497.png	741677	ebba5b4395623e09d178d69b4aea0a4be741e7b0a7b7f71b67c14887d4b4f15e	ebba5b4395623e09d178d69b4aea0a4be741e7b0a7b7f71b67c14887d4b4f15e	
UploadFiles/UploadFiles/201905/2019051708503192.jpg	UploadFiles/UploadFiles/201905/2019051708503192.jpg	6590899	cd4067b83f2c18f5926ef817a197da6f40d1e6fff530e1b6d09bfaa705f42684	cd4067b83f2c18f5926ef817a197da6f40d1e6fff530e1b6d09bfaa705f42684	
UploadFiles/UploadFiles/201905/2019051708505194.png	UploadFiles/UploadFiles/201905/2019051708505194.png	392426	04b561cc23c169919ed20ace730def1079a91cfdc597c56ee89effc86a8cdcae	04b561cc23c169919ed20ace730def1079a91cfdc597c56ee89effc86a8cdcae	
UploadFiles/UploadFiles/201905/2019051708510654.jpg	UploadFiles/UploadFiles/201905/2019051708510654.jpg	4594331	eb8309430afd7e6d6944cc47a622a5b9c9eb4daf9dcaf178803f56d5d99e29cb	eb8309430afd7e6d6944cc47a622a5b9c9eb4daf9dcaf178803f56d5d99e29cb	
UploadFiles/UploadFiles/201905/2019051708535921.jpg	UploadFiles/UploadFiles/201905/2019051708535921.jpg	39103	d082b4b5866e69327c48f6074ef7d0d1b5326038baadf8af046c94996ac6745b	d082b4b5866e69327c48f6074ef7d0d1b5326038baadf8af046c94996ac6745b	
UploadFiles/UploadFiles/201905/2019051708551374.jpg	UploadFiles/UploadFiles/201905/2019051708551374.jpg	104061	98acac4b41db17d82b0e0592499a8749e90b915688060a2b288146fa397b0a59	98acac4b41db17d82b0e0592499a8749e90b915688060a2b288146fa397b0a59	
UploadFiles/UploadFiles/201905/2019051710204585.jpg	UploadFiles/UploadFiles/201905/2019051710204585.jpg	2612	c8c50f37cfc8c9a686ae86cb7c49ad54f16218cfe32d7e18727a330d02363904	c8c50f37cfc8c9a686ae86cb7c49ad54f16218cfe32d7e18727a330d02363904	
UploadFiles/UploadFiles/201905/2019052015265145.jpg	UploadFiles/UploadFiles/201905/2019052015265145.jpg	173888	f2a703bf3fb8bbde857cdbf18027cf6c6165679b56283a2a07981b11fed88256	f2a703bf3fb8bbde857cdbf18027cf6c6165679b56283a2a07981b11fed88256	
UploadFiles/UploadFiles/201905/2019052015312960.jpg	UploadFiles/UploadFiles/201905/2019052015312960.jpg	211603	7a10bd2be6a8442faf905bff1f0e0576da0ad308605365fd1f8297a92cb22a49	7a10bd2be6a8442faf905bff1f0e0576da0ad308605365fd1f8297a92cb22a49	
UploadFiles/UploadFiles/201905/2019052015333539.jpg	UploadFiles/UploadFiles/201905/2019052015333539.jpg	342673	236d1ecdc10141983885e75bac1cb31189918b9d9e32c7d9be7506a6dec8edbc	236d1ecdc10141983885e75bac1cb31189918b9d9e32c7d9be7506a6dec8edbc	
UploadFiles/UploadFiles/201905/2019052015343208.jpg	UploadFiles/UploadFiles/201905/2019052015343208.jpg	216712	e0bf518c2395563ab218ece0ac8d9657e67d6c20375c21c6eaa23e8a79231659	e0bf518c2395563ab218ece0ac8d9657e67d6c20375c21c6eaa23e8a79231659	
UploadFiles/UploadFiles/201905/2019052015344679.jpg	UploadFiles/UploadFiles/201905/2019052015344679.jpg	278641	15f5e5225375801654c8d7c1d0c0b57f2839c6c464811c4e80b9bf2046a6d859	15f5e5225375801654c8d7c1d0c0b57f2839c6c464811c4e80b9bf2046a6d859	
UploadFiles/UploadFiles/201905/2019052015351285.jpg	UploadFiles/UploadFiles/201905/2019052015351285.jpg	291952	56bed171aa82669db550fa13de38faa49a6f91a08f1aa2cee888d839200a3772	56bed171aa82669db550fa13de38faa49a6f91a08f1aa2cee888d839200a3772	
UploadFiles/UploadFiles/201905/2019052115064442.jpg	UploadFiles/UploadFiles/201905/2019052115064442.jpg	96807	1483ceb6d9ad2758bd955fc6f3c398066b1f2e7eff77af97eecd32bbb306e456	1483ceb6d9ad2758bd955fc6f3c398066b1f2e7eff77af97eecd32bbb306e456	
UploadFiles/UploadFiles/201905/2019052115070118.jpg	UploadFiles/UploadFiles/201905/2019052115070118.jpg	122354	d26c05e6794494eecfb34766554b85784181bcc8f13410d86caa36186ac8bdf9	d26c05e6794494eecfb34766554b85784181bcc8f13410d86caa36186ac8bdf9	
UploadFiles/UploadFiles/201905/2019052115072414.jpg	UploadFiles/UploadFiles/201905/2019052115072414.jpg	96458	21f3d1c7a1ddae73c4a271c1f4728e75370f6bba18318fac003fd662e7a4ec69	21f3d1c7a1ddae73c4a271c1f4728e75370f6bba18318fac003fd662e7a4ec69	
UploadFiles/UploadFiles/201905/2019052115073987.jpg	UploadFiles/UploadFiles/201905/2019052115073987.jpg	109772	1e8b23c09f814daf13a4d1eda57b081ef7e6332ba18542eae45213fdd4affc05	1e8b23c09f814daf13a4d1eda57b081ef7e6332ba18542eae45213fdd4affc05	
UploadFiles/UploadFiles/201905/2019052115112131.jpg	UploadFiles/UploadFiles/201905/2019052115112131.jpg	100645	60ca35baabb29b495d3656879c4826f83eaf2a90ff6b007e6eba7cea72a1a362	60ca35baabb29b495d3656879c4826f83eaf2a90ff6b007e6eba7cea72a1a362	
UploadFiles/UploadFiles/201905/2019052115114531.jpg	UploadFiles/UploadFiles/201905/2019052115114531.jpg	107166	376cc54129f0417732685e8e2b44c3a9ea44525d72fb0b33104fb1e91652c95a	376cc54129f0417732685e8e2b44c3a9ea44525d72fb0b33104fb1e91652c95a	
UploadFiles/UploadFiles/201905/2019052115114546.jpg	UploadFiles/UploadFiles/201905/2019052115114546.jpg	188832	d3be45662becd482c172a77d9c36f8a29e76c728da5307bdf8765be22828a645	d3be45662becd482c172a77d9c36f8a29e76c728da5307bdf8765be22828a645	
UploadFiles/UploadFiles/201905/2019052115123167.jpg	UploadFiles/UploadFiles/201905/2019052115123167.jpg	93706	cfc8a686906a4c299d2a91611b2d4eeb1f93be5bd3d4fe60dd899bda60c24593	cfc8a686906a4c299d2a91611b2d4eeb1f93be5bd3d4fe60dd899bda60c24593	
UploadFiles/UploadFiles/201905/2019052115123181.jpg	UploadFiles/UploadFiles/201905/2019052115123181.jpg	84653	489eefdb55f52e8e2ae5d0a697de00026b3ae8184cda1a99e0fce9c35d8ac18b	489eefdb55f52e8e2ae5d0a697de00026b3ae8184cda1a99e0fce9c35d8ac18b	
UploadFiles/UploadFiles/201905/2019052115124881.jpg	UploadFiles/UploadFiles/201905/2019052115124881.jpg	132160	2007685b523b4aa2e4a9adb403096d7de6d92075485ed4284802008e0ba26fea	2007685b523b4aa2e4a9adb403096d7de6d92075485ed4284802008e0ba26fea	
UploadFiles/UploadFiles/201905/2019052115132313.jpg	UploadFiles/UploadFiles/201905/2019052115132313.jpg	120331	7a2ced2b9626dc1ffc8dd8eb65f662c84779af9213f0009ae495f4bddf7008d8	7a2ced2b9626dc1ffc8dd8eb65f662c84779af9213f0009ae495f4bddf7008d8	
UploadFiles/UploadFiles/201905/2019052115132376.jpg	UploadFiles/UploadFiles/201905/2019052115132376.jpg	166708	c4bafef917036093ccff206e59d835431ffe14ace34ff8045c6c94e87253c417	c4bafef917036093ccff206e59d835431ffe14ace34ff8045c6c94e87253c417	
UploadFiles/UploadFiles/201905/2019052115132397.jpg	UploadFiles/UploadFiles/201905/2019052115132397.jpg	127619	bc2018a9a23a90c75af099a4afbb04709b316e304730d9506f790eff6d30d471	bc2018a9a23a90c75af099a4afbb04709b316e304730d9506f790eff6d30d471	
UploadFiles/UploadFiles/201905/2019052115134355.jpg	UploadFiles/UploadFiles/201905/2019052115134355.jpg	102587	aa8e686853ce6035b5f46cbd210c48477b91b20268cd3fb09b7ae3ef3cb7acce	aa8e686853ce6035b5f46cbd210c48477b91b20268cd3fb09b7ae3ef3cb7acce	
UploadFiles/UploadFiles/201905/2019052209001465.png	UploadFiles/UploadFiles/201905/2019052209001465.png	19684	16975ed6dc91e3f45a14fb4a6c1ac549360339d377a22ce6b1d94646ceafbf50	16975ed6dc91e3f45a14fb4a6c1ac549360339d377a22ce6b1d94646ceafbf50	
UploadFiles/UploadFiles/201905/2019052310542987.jpg	UploadFiles/UploadFiles/201905/2019052310542987.jpg	6303165	4f0b8c1b5264946e29eeb5b06ac36092eb9687f9e5493943216c4cf345e274a4	4f0b8c1b5264946e29eeb5b06ac36092eb9687f9e5493943216c4cf345e274a4	
UploadFiles/UploadFiles/201905/2019052310544633.jpg	UploadFiles/UploadFiles/201905/2019052310544633.jpg	4598590	34113063b51acc46ec9a6a9cabd40a3d7774f6b232584efa5ca93bc0aad9e59f	34113063b51acc46ec9a6a9cabd40a3d7774f6b232584efa5ca93bc0aad9e59f	
UploadFiles/UploadFiles/201905/2019052314024594.png	UploadFiles/UploadFiles/201905/2019052314024594.png	114449	5db617a89d9fa5c6d1fe472d60a324587bf86b1f7c84d3cbe742e5f926791412	5db617a89d9fa5c6d1fe472d60a324587bf86b1f7c84d3cbe742e5f926791412	
UploadFiles/UploadFiles/201905/2019052314170980.jpg	UploadFiles/UploadFiles/201905/2019052314170980.jpg	235073	d96312ccf7ee9dd181c97c5bfdf4b08881d268f669b720b8ec666130fdca0020	d96312ccf7ee9dd181c97c5bfdf4b08881d268f669b720b8ec666130fdca0020	
UploadFiles/UploadFiles/201905/2019052412114555.jpg	UploadFiles/UploadFiles/201905/2019052412114555.jpg	97968	e7ea5f14bf48b6ba77e43ed4959467838ec2b3661773cbcee4bc331418255d1b	e7ea5f14bf48b6ba77e43ed4959467838ec2b3661773cbcee4bc331418255d1b	
UploadFiles/UploadFiles/201905/2019052412122451.jpg	UploadFiles/UploadFiles/201905/2019052412122451.jpg	194057	ae16135517e483c7ccd1129dae63565ffa1b72429941c88b697f3931c763beb1	ae16135517e483c7ccd1129dae63565ffa1b72429941c88b697f3931c763beb1	
UploadFiles/UploadFiles/201905/2019052412124008.jpg	UploadFiles/UploadFiles/201905/2019052412124008.jpg	177263	bb8100c0f2b38885757d64b8b2f6c590f42a7d37f18e0b44d8072a5bb55fea24	bb8100c0f2b38885757d64b8b2f6c590f42a7d37f18e0b44d8072a5bb55fea24	
UploadFiles/UploadFiles/201905/2019052412125317.jpg	UploadFiles/UploadFiles/201905/2019052412125317.jpg	208048	68331ee303aca3232b6947a1cd62092c6ef54713c71735b1d4d959ccaeee866f	68331ee303aca3232b6947a1cd62092c6ef54713c71735b1d4d959ccaeee866f	
UploadFiles/UploadFiles/201905/2019052412131156.jpg	UploadFiles/UploadFiles/201905/2019052412131156.jpg	105002	ee6f6a59174bfb4f5b9ee9d3a8a9e951d99e5c6b1abd114210e45c987dd7768c	ee6f6a59174bfb4f5b9ee9d3a8a9e951d99e5c6b1abd114210e45c987dd7768c	
UploadFiles/UploadFiles/201905/2019052412132839.jpg	UploadFiles/UploadFiles/201905/2019052412132839.jpg	303351	8dfd80dd9563348bfc4aea6c4d0c2206d361544b81e9d0d879a71fdba8aa894e	8dfd80dd9563348bfc4aea6c4d0c2206d361544b81e9d0d879a71fdba8aa894e	
UploadFiles/UploadFiles/201905/2019052412221605.jpg	UploadFiles/UploadFiles/201905/2019052412221605.jpg	356095	b0b7f6a1a34f41e248bad20e58ac00b5d1b40a5786b3753cde67782df53ae56a	b0b7f6a1a34f41e248bad20e58ac00b5d1b40a5786b3753cde67782df53ae56a	
UploadFiles/UploadFiles/201905/2019052412223825.jpg	UploadFiles/UploadFiles/201905/2019052412223825.jpg	212310	4ebe4d692abaf170b983aa769a4505f7cba210b16ef6303f05cc18276bb6134f	4ebe4d692abaf170b983aa769a4505f7cba210b16ef6303f05cc18276bb6134f	
UploadFiles/UploadFiles/201905/2019052412225419.jpg	UploadFiles/UploadFiles/201905/2019052412225419.jpg	200408	302eaf2aca86ee83683101dd6c07a4905c5aadabc6a46f18b31621143151d4d8	302eaf2aca86ee83683101dd6c07a4905c5aadabc6a46f18b31621143151d4d8	
UploadFiles/UploadFiles/201905/2019052412231063.jpg	UploadFiles/UploadFiles/201905/2019052412231063.jpg	156852	8854742782aa8913fb2524309f57824e51b50c0a5b796e07d66350afce18709a	8854742782aa8913fb2524309f57824e51b50c0a5b796e07d66350afce18709a	
UploadFiles/UploadFiles/201905/2019052412232721.jpg	UploadFiles/UploadFiles/201905/2019052412232721.jpg	234510	6fbff06260e44832fb1da7eb8607f857a7badb14de2241460673de30008c65b5	6fbff06260e44832fb1da7eb8607f857a7badb14de2241460673de30008c65b5	
UploadFiles/UploadFiles/201905/2019052412234768.jpg	UploadFiles/UploadFiles/201905/2019052412234768.jpg	245999	b7f649f9043ead43ef6105e82e95a54a056990c615befd5cf52e2862ff218dfb	b7f649f9043ead43ef6105e82e95a54a056990c615befd5cf52e2862ff218dfb	
UploadFiles/UploadFiles/201905/2019052414370197.png	UploadFiles/UploadFiles/201905/2019052414370197.png	53005	a01f46213f7782820c87b64c4c7c65bf8d197ef2b3851491461c2764e1f30bef	a01f46213f7782820c87b64c4c7c65bf8d197ef2b3851491461c2764e1f30bef	
UploadFiles/UploadFiles/201905/2019052714245518.jpg	UploadFiles/UploadFiles/201905/2019052714245518.jpg	192193	b51b11c95074ca4177e0ba823c53847e6981062e3d5da0e5e390d3522828c2b0	b51b11c95074ca4177e0ba823c53847e6981062e3d5da0e5e390d3522828c2b0	
UploadFiles/UploadFiles/201905/2019052715032189.jpg	UploadFiles/UploadFiles/201905/2019052715032189.jpg	116086	39002b033b5d1639c400e74e27bd78627b3fe48c9f04f5a732c25357741032ec	39002b033b5d1639c400e74e27bd78627b3fe48c9f04f5a732c25357741032ec	
UploadFiles/UploadFiles/201905/2019052715110473.jpg	UploadFiles/UploadFiles/201905/2019052715110473.jpg	251150	1147b114a9bc97a952a19202f131b44169e88b1c406982701a42794bd2df0b65	1147b114a9bc97a952a19202f131b44169e88b1c406982701a42794bd2df0b65	
UploadFiles/UploadFiles/201905/2019052715111656.jpg	UploadFiles/UploadFiles/201905/2019052715111656.jpg	231819	24b4d93565df7f066f81948d21023b48a89b717f29d868ab3ec7484eae7e1705	24b4d93565df7f066f81948d21023b48a89b717f29d868ab3ec7484eae7e1705	
UploadFiles/UploadFiles/201905/2019052715131843.jpg	UploadFiles/UploadFiles/201905/2019052715131843.jpg	202617	9f9dea56559928bd52a6868a38f3f4167a6a1e8349e4d7915b66203e05d57d7e	9f9dea56559928bd52a6868a38f3f4167a6a1e8349e4d7915b66203e05d57d7e	
UploadFiles/UploadFiles/201905/2019052715131882.jpg	UploadFiles/UploadFiles/201905/2019052715131882.jpg	230356	1d7a1b34b37f691b168db1eba982c77b30251fd1359c19802a4f346d5724f8c1	1d7a1b34b37f691b168db1eba982c77b30251fd1359c19802a4f346d5724f8c1	
UploadFiles/UploadFiles/201905/2019052715134064.jpg	UploadFiles/UploadFiles/201905/2019052715134064.jpg	238332	aad315e5728cd23300b116ba1b6fd14b37ec1fe40d4f04e160347af5fd529aca	aad315e5728cd23300b116ba1b6fd14b37ec1fe40d4f04e160347af5fd529aca	
UploadFiles/UploadFiles/201905/2019052715134074.jpg	UploadFiles/UploadFiles/201905/2019052715134074.jpg	230417	3af7c18ee46f7f586bbd6fd0ca6acd057fff31dec34e966a462ce190e93b8bba	3af7c18ee46f7f586bbd6fd0ca6acd057fff31dec34e966a462ce190e93b8bba	
UploadFiles/UploadFiles/201905/2019052715144284.jpg	UploadFiles/UploadFiles/201905/2019052715144284.jpg	293514	ccd3831077c607c4cdebdb6a4a17232cb660a7637523b821276266ef6ea67fd9	ccd3831077c607c4cdebdb6a4a17232cb660a7637523b821276266ef6ea67fd9	
UploadFiles/UploadFiles/201905/2019052715144292.jpg	UploadFiles/UploadFiles/201905/2019052715144292.jpg	260431	577d87637dd8c9fb5cf6980b232e3837ac5b0f17d6cff34d335b0397134563d8	577d87637dd8c9fb5cf6980b232e3837ac5b0f17d6cff34d335b0397134563d8	
UploadFiles/UploadFiles/201905/2019052715151019.jpg	UploadFiles/UploadFiles/201905/2019052715151019.jpg	335665	8271f73108153f7980a9db51e95582cef1e76b9911d0cc83fce9b823a14455f4	8271f73108153f7980a9db51e95582cef1e76b9911d0cc83fce9b823a14455f4	
UploadFiles/UploadFiles/201905/2019052715153288.png	UploadFiles/UploadFiles/201905/2019052715153288.png	28152	191f12317fe6a8f704555a18a36b53f92788ca2e00bcadf38d893dccbaedd41f	191f12317fe6a8f704555a18a36b53f92788ca2e00bcadf38d893dccbaedd41f	
UploadFiles/UploadFiles/201905/2019052715161622.jpg	UploadFiles/UploadFiles/201905/2019052715161622.jpg	329339	4e9c29a0b453453e688f0ee9f38425697c8127ec6dc00ab1a110032114d70c26	4e9c29a0b453453e688f0ee9f38425697c8127ec6dc00ab1a110032114d70c26	
UploadFiles/UploadFiles/201905/2019052715163566.jpg	UploadFiles/UploadFiles/201905/2019052715163566.jpg	140265	75dcd4bacd4c14159a69e02e796ec0ea76e2c22918addacc378cef9e73aef55d	75dcd4bacd4c14159a69e02e796ec0ea76e2c22918addacc378cef9e73aef55d	
UploadFiles/UploadFiles/201905/2019052715163574.jpg	UploadFiles/UploadFiles/201905/2019052715163574.jpg	165004	b27cdbe6c0f502853fe3c74e7672fbdf5716960d5ba71af021eb0ffba7cb9cca	b27cdbe6c0f502853fe3c74e7672fbdf5716960d5ba71af021eb0ffba7cb9cca	
UploadFiles/UploadFiles/201905/2019052715165359.jpg	UploadFiles/UploadFiles/201905/2019052715165359.jpg	115390	cdfff32adce60d4abc1257178901f788a61ba83a6f550e995efa7d2d6ed84e97	cdfff32adce60d4abc1257178901f788a61ba83a6f550e995efa7d2d6ed84e97	
UploadFiles/UploadFiles/201905/2019052715173730.jpg	UploadFiles/UploadFiles/201905/2019052715173730.jpg	226326	2ea024eb5bf58f430124a6d9ffee38ac8249cc6a1092a9d6b89ce3eb256fe004	2ea024eb5bf58f430124a6d9ffee38ac8249cc6a1092a9d6b89ce3eb256fe004	
UploadFiles/UploadFiles/201905/2019052715175122.jpg	UploadFiles/UploadFiles/201905/2019052715175122.jpg	209996	dd21f4cd165c0d41fc62ea1fd85f67d2f47664066d3b6572e84756d2d0fa3142	dd21f4cd165c0d41fc62ea1fd85f67d2f47664066d3b6572e84756d2d0fa3142	
UploadFiles/UploadFiles/201905/2019052715180513.png	UploadFiles/UploadFiles/201905/2019052715180513.png	856650	d1d931036e6aa50cf2cb91e3039390dca19dc97635f4f470b63ac015ea9070c7	d1d931036e6aa50cf2cb91e3039390dca19dc97635f4f470b63ac015ea9070c7	
UploadFiles/UploadFiles/201905/2019052715261231.jpg	UploadFiles/UploadFiles/201905/2019052715261231.jpg	254104	a143f485ab1625cca7a9ba5e800c0dc5982b819f84623a5e2e69fb31f7237fc0	a143f485ab1625cca7a9ba5e800c0dc5982b819f84623a5e2e69fb31f7237fc0	
UploadFiles/UploadFiles/201905/2019052715263318.jpg	UploadFiles/UploadFiles/201905/2019052715263318.jpg	385354	463eb92d4097645b0c5fbe020a725171a20dbfcbae4836d8065cc481a7e9deaa	463eb92d4097645b0c5fbe020a725171a20dbfcbae4836d8065cc481a7e9deaa	
UploadFiles/UploadFiles/201905/2019052715270605.jpg	UploadFiles/UploadFiles/201905/2019052715270605.jpg	95580	e49a5390820993d75e1b6981b496db97aee0f52d4787546686a17a593d92c716	e49a5390820993d75e1b6981b496db97aee0f52d4787546686a17a593d92c716	
UploadFiles/UploadFiles/201905/2019052715270613.jpg	UploadFiles/UploadFiles/201905/2019052715270613.jpg	107481	ee60b78e08408d4ed681986d9ccadc65459bae0eebf8f9c36dde95050149c609	ee60b78e08408d4ed681986d9ccadc65459bae0eebf8f9c36dde95050149c609	
UploadFiles/UploadFiles/201905/2019052715270682.jpg	UploadFiles/UploadFiles/201905/2019052715270682.jpg	77704	529042550182026e3ddaf6230d27347fdf55e1dd72ba35276d3bb22f4ad3fe07	529042550182026e3ddaf6230d27347fdf55e1dd72ba35276d3bb22f4ad3fe07	
UploadFiles/UploadFiles/201905/2019052715272780.jpg	UploadFiles/UploadFiles/201905/2019052715272780.jpg	300890	594ab926752d610a3959305242d70a5821e904a8c6c716d299c9bd9931703825	594ab926752d610a3959305242d70a5821e904a8c6c716d299c9bd9931703825	
UploadFiles/UploadFiles/201905/2019052715275855.png	UploadFiles/UploadFiles/201905/2019052715275855.png	2838008	45e2e5d9e3d1a01567866d0b580a8e6e1558e4264fce9bd2f109ba228e3c0e8d	45e2e5d9e3d1a01567866d0b580a8e6e1558e4264fce9bd2f109ba228e3c0e8d	
UploadFiles/UploadFiles/201905/2019052715282491.jpg	UploadFiles/UploadFiles/201905/2019052715282491.jpg	277721	104a36bcfd0bea24be0e6d1f409a8c27f5f5de1785dd624848767cdddb8e1781	104a36bcfd0bea24be0e6d1f409a8c27f5f5de1785dd624848767cdddb8e1781	
UploadFiles/UploadFiles/201905/2019052715284667.jpg	UploadFiles/UploadFiles/201905/2019052715284667.jpg	306049	856a61beb2e828bc66fd2778366182c2e843a0c8125078ae997d037d32af8d6d	856a61beb2e828bc66fd2778366182c2e843a0c8125078ae997d037d32af8d6d	
UploadFiles/UploadFiles/201905/2019052715290350.jpg	UploadFiles/UploadFiles/201905/2019052715290350.jpg	218872	da2cf9360a9f5a620f30ca232a96bec5b482eaed867027bb1e26a7b4a4e1aa1a	da2cf9360a9f5a620f30ca232a96bec5b482eaed867027bb1e26a7b4a4e1aa1a	
UploadFiles/UploadFiles/201905/2019052715292152.jpg	UploadFiles/UploadFiles/201905/2019052715292152.jpg	240935	ef0c11a11cc2ada2fc2a8c5e1a7dc19984feefd2b83c874a224f9d82735ee070	ef0c11a11cc2ada2fc2a8c5e1a7dc19984feefd2b83c874a224f9d82735ee070	
UploadFiles/UploadFiles/201905/2019052715293816.jpg	UploadFiles/UploadFiles/201905/2019052715293816.jpg	280332	291606a6c197fed9a455ac7638bcf99779a58189dbf946f72f6d65aefb437f20	291606a6c197fed9a455ac7638bcf99779a58189dbf946f72f6d65aefb437f20	
UploadFiles/UploadFiles/201906/2019060311050405.jpg	UploadFiles/UploadFiles/201906/2019060311050405.jpg	641059	1be97e0e9635d4a59237b5154b56c158313b17627cba876f9b0063d137823d85	1be97e0e9635d4a59237b5154b56c158313b17627cba876f9b0063d137823d85	
UploadFiles/UploadFiles/201906/2019060409131171.jpg	UploadFiles/UploadFiles/201906/2019060409131171.jpg	475738	479f4f1bab5971572e712e36d78c965096c383220081ec15f219c985ccf0e911	479f4f1bab5971572e712e36d78c965096c383220081ec15f219c985ccf0e911	
UploadFiles/UploadFiles/201906/2019060409260273.jpg	UploadFiles/UploadFiles/201906/2019060409260273.jpg	5823235	b7ed158975b4c151f51b74476e8508f1ed3294f8ce96c97fca2302ca178770d8	b7ed158975b4c151f51b74476e8508f1ed3294f8ce96c97fca2302ca178770d8	
UploadFiles/UploadFiles/201906/2019060409295496.jpg	UploadFiles/UploadFiles/201906/2019060409295496.jpg	528310	2f78bf5f8a7f3645adcd343d4b21a657b55a4fd2e04d9c2375f6a4b44cb49416	2f78bf5f8a7f3645adcd343d4b21a657b55a4fd2e04d9c2375f6a4b44cb49416	
UploadFiles/UploadFiles/201906/2019060409301440.jpg	UploadFiles/UploadFiles/201906/2019060409301440.jpg	165004	b27cdbe6c0f502853fe3c74e7672fbdf5716960d5ba71af021eb0ffba7cb9cca	b27cdbe6c0f502853fe3c74e7672fbdf5716960d5ba71af021eb0ffba7cb9cca	
UploadFiles/UploadFiles/201906/2019060409303071.jpg	UploadFiles/UploadFiles/201906/2019060409303071.jpg	417498	8a8440e3401255fe1e2b6f918544e922cc26b900ab590bef9d56f014fa973d97	8a8440e3401255fe1e2b6f918544e922cc26b900ab590bef9d56f014fa973d97	
UploadFiles/UploadFiles/201906/2019060409304468.jpg	UploadFiles/UploadFiles/201906/2019060409304468.jpg	539155	36b17c9d08d5488726cec8422ea30c6e3f53afd6de4820b1e707836fd7d3128b	36b17c9d08d5488726cec8422ea30c6e3f53afd6de4820b1e707836fd7d3128b	
UploadFiles/UploadFiles/201906/2019060409311375.png	UploadFiles/UploadFiles/201906/2019060409311375.png	309790	67bfbbd650260c74f79aa7267153a4672c665d91e306b3c96fba3ccec541353c	67bfbbd650260c74f79aa7267153a4672c665d91e306b3c96fba3ccec541353c	
UploadFiles/UploadFiles/201906/2019060409311383.jpg	UploadFiles/UploadFiles/201906/2019060409311383.jpg	635411	9c45c9bdbe75d4cabd9465494c95e73199d7683ee34eec0997c8c9037a5ba1d3	9c45c9bdbe75d4cabd9465494c95e73199d7683ee34eec0997c8c9037a5ba1d3	
UploadFiles/UploadFiles/201906/2019060409373749.jpg	UploadFiles/UploadFiles/201906/2019060409373749.jpg	1103005	9e9d629f80ab24fddb890da94708907978f3368dc84e9832c50b5b22dc565c97	9e9d629f80ab24fddb890da94708907978f3368dc84e9832c50b5b22dc565c97	
UploadFiles/UploadFiles/201906/2019060409380045.png	UploadFiles/UploadFiles/201906/2019060409380045.png	598479	2dff3b182b5b20166519c4820243dcf14a31e93377a5c591ee53094720d5f975	2dff3b182b5b20166519c4820243dcf14a31e93377a5c591ee53094720d5f975	
UploadFiles/UploadFiles/201906/2019060409384749.png	UploadFiles/UploadFiles/201906/2019060409384749.png	654158	253c0e73472b207b0c10ea76ebd9c389c68dc0770c3cd6bce3df477f394ad3f0	253c0e73472b207b0c10ea76ebd9c389c68dc0770c3cd6bce3df477f394ad3f0	
UploadFiles/UploadFiles/201906/2019060409392260.png	UploadFiles/UploadFiles/201906/2019060409392260.png	680348	6525952c6fe3e04d077d382e91e2739aa8cb1bd4e8f36e288ab9822443705a57	6525952c6fe3e04d077d382e91e2739aa8cb1bd4e8f36e288ab9822443705a57	
UploadFiles/UploadFiles/201906/2019060409402314.png	UploadFiles/UploadFiles/201906/2019060409402314.png	322811	325a87528b5958551d3ac175b38620f3d125f1094b2d0aee26f6ffcec36f51c1	325a87528b5958551d3ac175b38620f3d125f1094b2d0aee26f6ffcec36f51c1	
UploadFiles/UploadFiles/201906/2019060409404184.png	UploadFiles/UploadFiles/201906/2019060409404184.png	789200	cd285dfa0ec631e6491fa81b75f6b9b9476632fd6efa93ed2c16308e97c890bb	cd285dfa0ec631e6491fa81b75f6b9b9476632fd6efa93ed2c16308e97c890bb	
UploadFiles/UploadFiles/201906/2019060409405722.png	UploadFiles/UploadFiles/201906/2019060409405722.png	1143034	6b25d13f9f7ccf55fa29c9917fe3a5b8ca17cce4a3ad309ab8874ef32dd0effa	6b25d13f9f7ccf55fa29c9917fe3a5b8ca17cce4a3ad309ab8874ef32dd0effa	
UploadFiles/UploadFiles/201906/2019060409420521.jpg	UploadFiles/UploadFiles/201906/2019060409420521.jpg	76535	23f0db0c02bc253a3e55e690224f7c1d41235f3a6e641f6bd05b25a1eb9c351f	23f0db0c02bc253a3e55e690224f7c1d41235f3a6e641f6bd05b25a1eb9c351f	
UploadFiles/UploadFiles/201906/2019060409424632.png	UploadFiles/UploadFiles/201906/2019060409424632.png	631078	c23474c00eef6c0ce5fe8874be7400ea05680e78d891271e9a54ee9d4ffe5739	c23474c00eef6c0ce5fe8874be7400ea05680e78d891271e9a54ee9d4ffe5739	
UploadFiles/UploadFiles/201906/2019060409535546.jpg	UploadFiles/UploadFiles/201906/2019060409535546.jpg	3975420	f85e5f0a6ea3164d3eb3f834f08bbd7d88a46b05763f45fe8b24cabf98cfdda5	f85e5f0a6ea3164d3eb3f834f08bbd7d88a46b05763f45fe8b24cabf98cfdda5	
UploadFiles/UploadFiles/201906/2019060409541709.jpg	UploadFiles/UploadFiles/201906/2019060409541709.jpg	3909802	56435900469d9f82ead86198d41e95b9249a54d75d881f3aea65bfa647cb5351	56435900469d9f82ead86198d41e95b9249a54d75d881f3aea65bfa647cb5351	
UploadFiles/UploadFiles/201906/2019060409545231.jpg	UploadFiles/UploadFiles/201906/2019060409545231.jpg	1506893	74fca2a102b3c7a77a4f8cab699d6da02e0432f8e8332e67da7929c5d7b82d1f	74fca2a102b3c7a77a4f8cab699d6da02e0432f8e8332e67da7929c5d7b82d1f	
UploadFiles/UploadFiles/201906/2019060410272766.png	UploadFiles/UploadFiles/201906/2019060410272766.png	17352	40dfa82943d1bafd56cc5e89584217fb735db99d3623a9bbf42e4ded9acd6b90	40dfa82943d1bafd56cc5e89584217fb735db99d3623a9bbf42e4ded9acd6b90	
UploadFiles/UploadFiles/201906/2019060410274714.png	UploadFiles/UploadFiles/201906/2019060410274714.png	18483	a18b75c8a9364d1f999b0afc6de8811f4604bbdf3672c08f0eb12be9665aed2a	a18b75c8a9364d1f999b0afc6de8811f4604bbdf3672c08f0eb12be9665aed2a	
UploadFiles/UploadFiles/201906/2019060410282583.jpg	UploadFiles/UploadFiles/201906/2019060410282583.jpg	2478405	9396a6f29891246f1e48ea0a07ea9a3863bfeffe219c1c4afd680ad1550ea61b	9396a6f29891246f1e48ea0a07ea9a3863bfeffe219c1c4afd680ad1550ea61b	
UploadFiles/UploadFiles/201906/2019060410291922.jpg	UploadFiles/UploadFiles/201906/2019060410291922.jpg	224540	9f1adfa4dadc3be4bfc5d3f8720c6256c2a1148a7bb6b803fe9b30b8c9cdbc90	9f1adfa4dadc3be4bfc5d3f8720c6256c2a1148a7bb6b803fe9b30b8c9cdbc90	
UploadFiles/UploadFiles/201906/2019060410291943.jpg	UploadFiles/UploadFiles/201906/2019060410291943.jpg	333069	1602ccddf353dda3280f88c31b1956a796504908102708ebb3e7d58d55f71adf	1602ccddf353dda3280f88c31b1956a796504908102708ebb3e7d58d55f71adf	
UploadFiles/UploadFiles/201906/2019060410291944.jpg	UploadFiles/UploadFiles/201906/2019060410291944.jpg	272543	61e0b4434ea46a214a5739901d9f8d08830f177b190e2825aafaf660b4a44f6d	61e0b4434ea46a214a5739901d9f8d08830f177b190e2825aafaf660b4a44f6d	
UploadFiles/UploadFiles/201906/2019060410291952.png	UploadFiles/UploadFiles/201906/2019060410291952.png	11460	7d13432e69a8740c7465c6c33471056c7aabe49ade3be5dd1afd4c66b9b1f34c	7d13432e69a8740c7465c6c33471056c7aabe49ade3be5dd1afd4c66b9b1f34c	
UploadFiles/UploadFiles/201906/2019060410291961.jpg	UploadFiles/UploadFiles/201906/2019060410291961.jpg	313716	df0b117ebb0f340288b382c186ff3d708a7ae5aec9e0dbbfa6d709cd62470eae	df0b117ebb0f340288b382c186ff3d708a7ae5aec9e0dbbfa6d709cd62470eae	
UploadFiles/UploadFiles/201906/2019060410294248.png	UploadFiles/UploadFiles/201906/2019060410294248.png	676209	8760339550cf754b30b1382fc57fec26a7ebf826cd4e8b2d513f8d2dd8d8a80c	8760339550cf754b30b1382fc57fec26a7ebf826cd4e8b2d513f8d2dd8d8a80c	
UploadFiles/UploadFiles/201906/2019060410295650.png	UploadFiles/UploadFiles/201906/2019060410295650.png	472242	c6788cb7d977d9a5fc0a086eaba5980b846febd52b54528b9c128aa7d0007d79	c6788cb7d977d9a5fc0a086eaba5980b846febd52b54528b9c128aa7d0007d79	
UploadFiles/UploadFiles/201906/2019060410295652.png	UploadFiles/UploadFiles/201906/2019060410295652.png	772462	e95125d38a677fef5243a03ce910f6da7a02f30ba1f6d8658250f0c7212e47e2	e95125d38a677fef5243a03ce910f6da7a02f30ba1f6d8658250f0c7212e47e2	
UploadFiles/UploadFiles/201906/2019060410303005.jpg	UploadFiles/UploadFiles/201906/2019060410303005.jpg	549964	9eeba678ed675dd004bbaa6b838c1c1f95d6de35d8a2f09dd2a572b5744ef0a7	9eeba678ed675dd004bbaa6b838c1c1f95d6de35d8a2f09dd2a572b5744ef0a7	
UploadFiles/UploadFiles/201906/2019060410305641.png	UploadFiles/UploadFiles/201906/2019060410305641.png	505658	ea8ea26ba1cc0c2ffd16252d39601694521e35e959365042e929a74b78a56c0f	ea8ea26ba1cc0c2ffd16252d39601694521e35e959365042e929a74b78a56c0f	
UploadFiles/UploadFiles/201906/2019060410312835.jpg	UploadFiles/UploadFiles/201906/2019060410312835.jpg	239084	90690daa904d1939720addf04f0b25897f20a81ad51f217cc603426ac25a803b	90690daa904d1939720addf04f0b25897f20a81ad51f217cc603426ac25a803b	
UploadFiles/UploadFiles/201906/2019060410312850.jpg	UploadFiles/UploadFiles/201906/2019060410312850.jpg	226498	26b1a698f502ec5e438858843e9ea0b7011e3ac36fd42e0a33384e2a4b8aabf0	26b1a698f502ec5e438858843e9ea0b7011e3ac36fd42e0a33384e2a4b8aabf0	
UploadFiles/UploadFiles/201906/2019060410314986.png	UploadFiles/UploadFiles/201906/2019060410314986.png	16449	d40ee5e01ea2f2e5cfae0daabd75d7cd8fb0169b7e4c83bedff5c659af51e4f5	d40ee5e01ea2f2e5cfae0daabd75d7cd8fb0169b7e4c83bedff5c659af51e4f5	
UploadFiles/UploadFiles/201906/2019060410320960.jpg	UploadFiles/UploadFiles/201906/2019060410320960.jpg	81743	75f41e4e5e63a171c9998c86a252b3a2645eb3f1ac8ae4c3c2580ff0c5e2a31e	75f41e4e5e63a171c9998c86a252b3a2645eb3f1ac8ae4c3c2580ff0c5e2a31e	
UploadFiles/UploadFiles/201906/2019060414360122.jpg	UploadFiles/UploadFiles/201906/2019060414360122.jpg	184602	7d3e52afbfc8031736c4a654d1049876a5dbdd400ed0e33e1389972fa2556b2c	7d3e52afbfc8031736c4a654d1049876a5dbdd400ed0e33e1389972fa2556b2c	
UploadFiles/UploadFiles/201906/2019060414363668.jpg	UploadFiles/UploadFiles/201906/2019060414363668.jpg	136616	b6e3bc1381fe3c802ba22bfba49980bddb0823f6a06ed49b840b442272265cfb	b6e3bc1381fe3c802ba22bfba49980bddb0823f6a06ed49b840b442272265cfb	
UploadFiles/UploadFiles/201906/2019060414370584.jpg	UploadFiles/UploadFiles/201906/2019060414370584.jpg	253725	347b4f1e88c698d2e2982a747cca04a9bda8552f72a95dc9dd6273cc342b21e9	347b4f1e88c698d2e2982a747cca04a9bda8552f72a95dc9dd6273cc342b21e9	
UploadFiles/UploadFiles/201906/2019060414372652.jpg	UploadFiles/UploadFiles/201906/2019060414372652.jpg	241460	fae8a4998912984b5a3dc0d7ea54f92505ca2a56638cf10be054b2c6cf1c2250	fae8a4998912984b5a3dc0d7ea54f92505ca2a56638cf10be054b2c6cf1c2250	
UploadFiles/UploadFiles/201906/2019060414375067.jpg	UploadFiles/UploadFiles/201906/2019060414375067.jpg	198843	52b4fb2ef4fdfa366b9d208e62d89b7ea72e4934e03d6b007e7fe35adbfd1bd2	52b4fb2ef4fdfa366b9d208e62d89b7ea72e4934e03d6b007e7fe35adbfd1bd2	
UploadFiles/UploadFiles/201906/2019060414383272.jpg	UploadFiles/UploadFiles/201906/2019060414383272.jpg	302459	d214645b3ca104aadac79cbb4109e704b436cddf04d5204936f9891f1ca59115	d214645b3ca104aadac79cbb4109e704b436cddf04d5204936f9891f1ca59115	
UploadFiles/UploadFiles/201906/2019060414392720.jpg	UploadFiles/UploadFiles/201906/2019060414392720.jpg	261130	8f252ab3c960ed1800066a3058d3bca7666f24a361ea5d5229e444182d08813c	8f252ab3c960ed1800066a3058d3bca7666f24a361ea5d5229e444182d08813c	
UploadFiles/UploadFiles/201906/2019060414394477.jpg	UploadFiles/UploadFiles/201906/2019060414394477.jpg	127917	4fcb77c90a0452d29241ee758fc48548d7dff42c91ab3c0e8b0fd2e3cfe7236a	4fcb77c90a0452d29241ee758fc48548d7dff42c91ab3c0e8b0fd2e3cfe7236a	
UploadFiles/UploadFiles/201906/2019060414400837.jpg	UploadFiles/UploadFiles/201906/2019060414400837.jpg	191254	83df20316818102791d1ebf0b26572df6dc509ea0e2b86014761c125921d519c	83df20316818102791d1ebf0b26572df6dc509ea0e2b86014761c125921d519c	
UploadFiles/UploadFiles/201906/2019060414404202.jpg	UploadFiles/UploadFiles/201906/2019060414404202.jpg	198914	9d37ecee4e3e5bbadaccaa0e85895145d97bcad918250970a34a0b72bf914274	9d37ecee4e3e5bbadaccaa0e85895145d97bcad918250970a34a0b72bf914274	
UploadFiles/UploadFiles/201906/2019060414513306.jpg	UploadFiles/UploadFiles/201906/2019060414513306.jpg	189062	001a32489235678baf86440b0dfdb10e7985113fcf8abb713112cdbb14074f2b	001a32489235678baf86440b0dfdb10e7985113fcf8abb713112cdbb14074f2b	
UploadFiles/UploadFiles/201906/2019060414513396.jpg	UploadFiles/UploadFiles/201906/2019060414513396.jpg	123402	ac1ae8b964f581885927cf221231a497ad9123f949d490470b7d381a70249263	ac1ae8b964f581885927cf221231a497ad9123f949d490470b7d381a70249263	
UploadFiles/UploadFiles/201906/2019060415024150.jpg	UploadFiles/UploadFiles/201906/2019060415024150.jpg	109990	0bd5a317f39214bd75dc26cf6dd2891efd211a984f50333c143f9cb40c9aa91d	0bd5a317f39214bd75dc26cf6dd2891efd211a984f50333c143f9cb40c9aa91d	
UploadFiles/UploadFiles/201906/2019060415024171.jpg	UploadFiles/UploadFiles/201906/2019060415024171.jpg	101237	44baada744c48fa26e6f67feaacb86d73fd56c1f0b31a904a32da975513e9ca5	44baada744c48fa26e6f67feaacb86d73fd56c1f0b31a904a32da975513e9ca5	
UploadFiles/UploadFiles/201906/2019060415024172.jpg	UploadFiles/UploadFiles/201906/2019060415024172.jpg	103203	2d35a10394a9e3f629e28dc63e83d31f8d702470bb18ec7f236689c5bbda5bb5	2d35a10394a9e3f629e28dc63e83d31f8d702470bb18ec7f236689c5bbda5bb5	
UploadFiles/UploadFiles/201906/2019060415024180.jpg	UploadFiles/UploadFiles/201906/2019060415024180.jpg	150608	030cf6045276894b353175fb6d2aeb50c2307f06dc86375092926d01875ae584	030cf6045276894b353175fb6d2aeb50c2307f06dc86375092926d01875ae584	
UploadFiles/UploadFiles/201906/2019060415024189.jpg	UploadFiles/UploadFiles/201906/2019060415024189.jpg	203714	614d0f92d2bf2ab34973419e1b3f83213a4c3cc9debcede6b3606b8b919ddebc	614d0f92d2bf2ab34973419e1b3f83213a4c3cc9debcede6b3606b8b919ddebc	
UploadFiles/UploadFiles/201906/2019060415030878.jpg	UploadFiles/UploadFiles/201906/2019060415030878.jpg	73652	fba7ea35cd7899fb3b8ac3dffbee7bc831c923cf62330eb5b3e0a506c01e4cd2	fba7ea35cd7899fb3b8ac3dffbee7bc831c923cf62330eb5b3e0a506c01e4cd2	
UploadFiles/UploadFiles/201906/2019060415030886.jpg	UploadFiles/UploadFiles/201906/2019060415030886.jpg	128464	b9d723fbb9e8fb02ac5d1c4e2463102d1294b7e127d226127f17e2a399d7db21	b9d723fbb9e8fb02ac5d1c4e2463102d1294b7e127d226127f17e2a399d7db21	
UploadFiles/UploadFiles/201906/2019060415035011.jpg	UploadFiles/UploadFiles/201906/2019060415035011.jpg	126322	ac08d1cac1dd62cd5296643d580309be31c25b9895a9f447042d1006f71d2cd1	ac08d1cac1dd62cd5296643d580309be31c25b9895a9f447042d1006f71d2cd1	
UploadFiles/UploadFiles/201906/2019060415040591.jpg	UploadFiles/UploadFiles/201906/2019060415040591.jpg	156168	6d77aedb746ce5a4a8085d916da4f4c77abce9a0ec864cc39aef1f6ddf8eeb01	6d77aedb746ce5a4a8085d916da4f4c77abce9a0ec864cc39aef1f6ddf8eeb01	
UploadFiles/UploadFiles/201906/2019060415043165.jpg	UploadFiles/UploadFiles/201906/2019060415043165.jpg	119449	e1a15f473f678dd30aa01c36cd8cead26b6936b2469671875854e345ab0b789d	e1a15f473f678dd30aa01c36cd8cead26b6936b2469671875854e345ab0b789d	
UploadFiles/UploadFiles/201906/2019060415051624.jpg	UploadFiles/UploadFiles/201906/2019060415051624.jpg	143479	71fdcb507a20804e5df09675648e81014881589f39bfe031aa5f94b676671b71	71fdcb507a20804e5df09675648e81014881589f39bfe031aa5f94b676671b71	
UploadFiles/UploadFiles/201906/2019060415051632.jpg	UploadFiles/UploadFiles/201906/2019060415051632.jpg	137784	61b0efa364e856360d9d48f47733fd4ecf478094662b55c0d33190f1e8664141	61b0efa364e856360d9d48f47733fd4ecf478094662b55c0d33190f1e8664141	
UploadFiles/UploadFiles/201906/2019060415054826.png	UploadFiles/UploadFiles/201906/2019060415054826.png	368660	73eff73e2bfe8c0ae7e6940bb3afd3898854a60350c2b397236bf92d5c9a2519	73eff73e2bfe8c0ae7e6940bb3afd3898854a60350c2b397236bf92d5c9a2519	
UploadFiles/UploadFiles/201906/2019060415070680.png	UploadFiles/UploadFiles/201906/2019060415070680.png	332676	1825e267853f0f05504e97033a201f51a70165f597ecbb31882b5f472bf3de79	1825e267853f0f05504e97033a201f51a70165f597ecbb31882b5f472bf3de79	
UploadFiles/UploadFiles/201906/2019060415080157.jpg	UploadFiles/UploadFiles/201906/2019060415080157.jpg	129543	159a46235b26a2bd6453c3a9a3ddd47871d5e508125c8e3ced692560121f93c2	159a46235b26a2bd6453c3a9a3ddd47871d5e508125c8e3ced692560121f93c2	
UploadFiles/UploadFiles/201906/2019060415082232.jpg	UploadFiles/UploadFiles/201906/2019060415082232.jpg	154906	0793cf60075ab36fd9e675f815ed7f304f02fce5d41cc3a31816c631e7a56e8d	0793cf60075ab36fd9e675f815ed7f304f02fce5d41cc3a31816c631e7a56e8d	
UploadFiles/UploadFiles/201906/2019060415094609.jpg	UploadFiles/UploadFiles/201906/2019060415094609.jpg	153325	3ae0f22404b5618a75386acc13db88e3b289480c7d62dfce85bcd3da88475c8e	3ae0f22404b5618a75386acc13db88e3b289480c7d62dfce85bcd3da88475c8e	
UploadFiles/UploadFiles/201906/2019060415094669.jpg	UploadFiles/UploadFiles/201906/2019060415094669.jpg	144256	6e8cfd530b687020a75a74d03fc1d3558472703e7fc343ac1150621b8321d72f	6e8cfd530b687020a75a74d03fc1d3558472703e7fc343ac1150621b8321d72f	
UploadFiles/UploadFiles/201906/2019060415094691.jpg	UploadFiles/UploadFiles/201906/2019060415094691.jpg	102199	71032d017a89c6e87cd2640d06b3886a1ac36d2bcfc3863077aec531160955a1	71032d017a89c6e87cd2640d06b3886a1ac36d2bcfc3863077aec531160955a1	
UploadFiles/UploadFiles/201906/2019060415094699.jpg	UploadFiles/UploadFiles/201906/2019060415094699.jpg	159658	c6dd10a5a4baeec3e142861605001582660b7291a0074a3d4d9a09618bc2818d	c6dd10a5a4baeec3e142861605001582660b7291a0074a3d4d9a09618bc2818d	
UploadFiles/UploadFiles/201906/2019060415101198.jpg	UploadFiles/UploadFiles/201906/2019060415101198.jpg	156375	f78c934d90a61d837db7d760f32ce5622035c81bdc6b015d5863b29f880c19c9	f78c934d90a61d837db7d760f32ce5622035c81bdc6b015d5863b29f880c19c9	
UploadFiles/UploadFiles/201906/2019060415103760.jpg	UploadFiles/UploadFiles/201906/2019060415103760.jpg	214067	84e26ca33fe8ab471dbb32039725f96bb1bce534848d42cc6769ae9f6df58b9c	84e26ca33fe8ab471dbb32039725f96bb1bce534848d42cc6769ae9f6df58b9c	
UploadFiles/UploadFiles/201906/2019060415105455.jpg	UploadFiles/UploadFiles/201906/2019060415105455.jpg	152221	f4db26148055a7caf53093ec1f76a339b8f9d4b2cdd46311ea7e3bde499a1916	f4db26148055a7caf53093ec1f76a339b8f9d4b2cdd46311ea7e3bde499a1916	
UploadFiles/UploadFiles/201906/2019060415110733.jpg	UploadFiles/UploadFiles/201906/2019060415110733.jpg	90275	f9eebd881a445167500112437199881d7c125f259051fc8650644430acf62bb2	f9eebd881a445167500112437199881d7c125f259051fc8650644430acf62bb2	
UploadFiles/UploadFiles/201906/2019060415123220.jpg	UploadFiles/UploadFiles/201906/2019060415123220.jpg	104601	781f264b3cf6ca03643e191a82c7bac8234f94507e0a8eaac055992df0a294fb	781f264b3cf6ca03643e191a82c7bac8234f94507e0a8eaac055992df0a294fb	
UploadFiles/UploadFiles/201906/2019060415131807.jpg	UploadFiles/UploadFiles/201906/2019060415131807.jpg	92804	3f3f672b6c8be9aa7aa9f288c24688a0ea51094e37e1c334422472e8ec0fab8b	3f3f672b6c8be9aa7aa9f288c24688a0ea51094e37e1c334422472e8ec0fab8b	
UploadFiles/UploadFiles/201906/2019060415411822.jpg	UploadFiles/UploadFiles/201906/2019060415411822.jpg	515475	ad13c3d3882e21ccfda51d334350ccc1d52f30c5673a5bd29838fae640ab9bb4	ad13c3d3882e21ccfda51d334350ccc1d52f30c5673a5bd29838fae640ab9bb4	
UploadFiles/UploadFiles/201906/2019061109401268.jpg	UploadFiles/UploadFiles/201906/2019061109401268.jpg	298601	0603e4d01308da862a5ac42d4758d06e973529f99057a7088841d7b4b4599c5a	0603e4d01308da862a5ac42d4758d06e973529f99057a7088841d7b4b4599c5a	
UploadFiles/UploadFiles/201906/2019061109402781.jpg	UploadFiles/UploadFiles/201906/2019061109402781.jpg	265685	9273f2f2112238dc5075554e90551beb5112b31f5f0609af1e572c542404073d	9273f2f2112238dc5075554e90551beb5112b31f5f0609af1e572c542404073d	
UploadFiles/UploadFiles/201906/2019061109405122.jpg	UploadFiles/UploadFiles/201906/2019061109405122.jpg	102287	e6d976a653b998b74774382d5d145b8c16d00712108b7e840c241df890cc81a3	e6d976a653b998b74774382d5d145b8c16d00712108b7e840c241df890cc81a3	
UploadFiles/UploadFiles/201906/2019061109410229.jpg	UploadFiles/UploadFiles/201906/2019061109410229.jpg	101511	4696b9c357169e027d1cf9f646f8ea9b12f91d478212fc1eac2e840f22e9a6f9	4696b9c357169e027d1cf9f646f8ea9b12f91d478212fc1eac2e840f22e9a6f9	
UploadFiles/UploadFiles/201906/2019061109412467.jpg	UploadFiles/UploadFiles/201906/2019061109412467.jpg	411065	d0aceaa7a31d395292e8d249ef27e353f8a011fc78ace8afe0b4960adf60b706	d0aceaa7a31d395292e8d249ef27e353f8a011fc78ace8afe0b4960adf60b706	
UploadFiles/UploadFiles/201906/2019061109414149.jpg	UploadFiles/UploadFiles/201906/2019061109414149.jpg	397217	c7f5734f9f5ea454caf6e118e5c7152a5b7ff35039e0390f2bc42292c4f73220	c7f5734f9f5ea454caf6e118e5c7152a5b7ff35039e0390f2bc42292c4f73220	
UploadFiles/UploadFiles/201906/2019061109420387.jpg	UploadFiles/UploadFiles/201906/2019061109420387.jpg	121497	c782f5c4f12f2e838255479b317941a0769c3e1b135075102a21f529a1e2dc76	c782f5c4f12f2e838255479b317941a0769c3e1b135075102a21f529a1e2dc76	
UploadFiles/UploadFiles/201906/2019061109421760.jpg	UploadFiles/UploadFiles/201906/2019061109421760.jpg	140399	4ad72ea3f68258bdae574a42f81a09446936f253b5a14c6bb460267e34c92760	4ad72ea3f68258bdae574a42f81a09446936f253b5a14c6bb460267e34c92760	
UploadFiles/UploadFiles/201906/2019061109441289.jpg	UploadFiles/UploadFiles/201906/2019061109441289.jpg	310220	572c4d1f0cc8c53af3bd4e54851277525c23e6a276cc5eed46c743a65d28b10b	572c4d1f0cc8c53af3bd4e54851277525c23e6a276cc5eed46c743a65d28b10b	
UploadFiles/UploadFiles/201906/2019061109452562.jpg	UploadFiles/UploadFiles/201906/2019061109452562.jpg	53694	17e01f82520e04e78a10581dee34d53e1ff74c71c51063265f67c1a80e17f7a4	17e01f82520e04e78a10581dee34d53e1ff74c71c51063265f67c1a80e17f7a4	
UploadFiles/UploadFiles/201906/2019061109454506.jpg	UploadFiles/UploadFiles/201906/2019061109454506.jpg	3171793	1fb2914215c8af38394489dd6b0ea21c55551eadc695784f9246df0f0a408f5a	1fb2914215c8af38394489dd6b0ea21c55551eadc695784f9246df0f0a408f5a	
UploadFiles/UploadFiles/201906/2019061109461666.jpg	UploadFiles/UploadFiles/201906/2019061109461666.jpg	1065200	3ec6362c130ea41a469f4803c742cfc2c32b0136e37fd5c22752ff6bf751fdf9	3ec6362c130ea41a469f4803c742cfc2c32b0136e37fd5c22752ff6bf751fdf9	
UploadFiles/UploadFiles/201906/2019061110071574.jpg	UploadFiles/UploadFiles/201906/2019061110071574.jpg	85326	ee457b55e03fb0e71e793ff56c9f54dd4ce0d4a402168061e2285d65d658df80	ee457b55e03fb0e71e793ff56c9f54dd4ce0d4a402168061e2285d65d658df80	
UploadFiles/UploadFiles/201906/2019061110075023.jpg	UploadFiles/UploadFiles/201906/2019061110075023.jpg	78627	962b5736f028a622450cc7eba2a2e2ef143160286f6b0103e422cb10870a55b3	962b5736f028a622450cc7eba2a2e2ef143160286f6b0103e422cb10870a55b3	
UploadFiles/UploadFiles/201906/2019061110082437.png	UploadFiles/UploadFiles/201906/2019061110082437.png	2249334	b1f6a7d3603f16fbe34f9d787ee668f4fea6107b8c3a91a33c64167e62792b7f	b1f6a7d3603f16fbe34f9d787ee668f4fea6107b8c3a91a33c64167e62792b7f	
UploadFiles/UploadFiles/201906/2019061110092375.jpg	UploadFiles/UploadFiles/201906/2019061110092375.jpg	108646	ea2caa82341f2848712b6d4d3c1e77c97652afbb4ae58bc735d9046cfa063106	ea2caa82341f2848712b6d4d3c1e77c97652afbb4ae58bc735d9046cfa063106	
UploadFiles/UploadFiles/201906/2019061110094879.jpg	UploadFiles/UploadFiles/201906/2019061110094879.jpg	116010	2f33d4005890e91455452d348a3aca89f94f421bc747546aa37f56acb6a89249	2f33d4005890e91455452d348a3aca89f94f421bc747546aa37f56acb6a89249	
UploadFiles/UploadFiles/201906/2019061110102745.png	UploadFiles/UploadFiles/201906/2019061110102745.png	3101075	875a18fb88f68d1761b8c1209daecce6fae4aefc7400cbb884160c4b920eb3b3	875a18fb88f68d1761b8c1209daecce6fae4aefc7400cbb884160c4b920eb3b3	
UploadFiles/UploadFiles/201906/2019061110110552.png	UploadFiles/UploadFiles/201906/2019061110110552.png	353472	433af1d65efb045e054f4807f2aebe002a0722a3351fa4c857afb16ff60266d2	433af1d65efb045e054f4807f2aebe002a0722a3351fa4c857afb16ff60266d2	
UploadFiles/UploadFiles/201906/2019061110112924.jpg	UploadFiles/UploadFiles/201906/2019061110112924.jpg	132833	0af6fcd540422dbbc1e679de4bbe0dd95d5b029a1b2ac8e2ae0e763372e0075f	0af6fcd540422dbbc1e679de4bbe0dd95d5b029a1b2ac8e2ae0e763372e0075f	
UploadFiles/UploadFiles/201906/2019061110115794.jpg	UploadFiles/UploadFiles/201906/2019061110115794.jpg	106702	424768070d6a813a04538ce63335d3dbea2fd86de8e6d3e4f744637f89fd5dc9	424768070d6a813a04538ce63335d3dbea2fd86de8e6d3e4f744637f89fd5dc9	
UploadFiles/UploadFiles/201906/2019061110125170.jpg	UploadFiles/UploadFiles/201906/2019061110125170.jpg	126090	643c17c07360eb126b34d2089ac1ae8f09c3af4b91c3c567b593fb72b9c93ce2	643c17c07360eb126b34d2089ac1ae8f09c3af4b91c3c567b593fb72b9c93ce2	
UploadFiles/UploadFiles/201906/2019061110132042.jpg	UploadFiles/UploadFiles/201906/2019061110132042.jpg	93722	2e0e7fbe8faefcca2c5cabfc7bb7c8b028e3e36de82cd2be95585158500b7909	2e0e7fbe8faefcca2c5cabfc7bb7c8b028e3e36de82cd2be95585158500b7909	
UploadFiles/UploadFiles/201906/2019061208440973.png	UploadFiles/UploadFiles/201906/2019061208440973.png	262112	cc91bf2c673535a6a0fa475d14b579810536eb3178cba817973ec84941d7c71d	cc91bf2c673535a6a0fa475d14b579810536eb3178cba817973ec84941d7c71d	
UploadFiles/UploadFiles/201906/2019061208453141.jpg	UploadFiles/UploadFiles/201906/2019061208453141.jpg	1945320	7f934c6f84f20f1e7838c98178c8dd81735e8cd2755bc57458fea6c14da0a1ae	7f934c6f84f20f1e7838c98178c8dd81735e8cd2755bc57458fea6c14da0a1ae	
UploadFiles/UploadFiles/201906/2019061208462983.jpg	UploadFiles/UploadFiles/201906/2019061208462983.jpg	207798	30659b1252ac8d34244ee1fa154cf5163a89f299ab30505c7658358b34bbb81b	30659b1252ac8d34244ee1fa154cf5163a89f299ab30505c7658358b34bbb81b	
UploadFiles/UploadFiles/201906/2019061208464885.png	UploadFiles/UploadFiles/201906/2019061208464885.png	53674	09aacefc93d7b89e1ebbed4dc4ce016ebc50e9689903e4735c2a54062997aa97	09aacefc93d7b89e1ebbed4dc4ce016ebc50e9689903e4735c2a54062997aa97	
UploadFiles/UploadFiles/201906/2019061208470587.jpg	UploadFiles/UploadFiles/201906/2019061208470587.jpg	1883411	62bc3c7f62a98cca81d341e65cd8b46a61971eb4e2070de3b8fa7b7be9edf5b8	62bc3c7f62a98cca81d341e65cd8b46a61971eb4e2070de3b8fa7b7be9edf5b8	
UploadFiles/UploadFiles/201906/2019061208472919.jpg	UploadFiles/UploadFiles/201906/2019061208472919.jpg	2606752	86bfb2d819660e77d429256e4b63ea48626e2bf7ef2351bbf4d32341ad9cdcaa	86bfb2d819660e77d429256e4b63ea48626e2bf7ef2351bbf4d32341ad9cdcaa	
UploadFiles/UploadFiles/201906/2019061209062609.jpg	UploadFiles/UploadFiles/201906/2019061209062609.jpg	404565	1e885cafe79a51e880f46ecf738ef74b1e68c355c370727212056b0d9605bd37	1e885cafe79a51e880f46ecf738ef74b1e68c355c370727212056b0d9605bd37	
UploadFiles/UploadFiles/201906/2019061209071958.jpg	UploadFiles/UploadFiles/201906/2019061209071958.jpg	242818	4500de9801bcc894b3b27188347cff17349ccb24a1981f5ce7b8fc4dadd07529	4500de9801bcc894b3b27188347cff17349ccb24a1981f5ce7b8fc4dadd07529	
UploadFiles/UploadFiles/201906/2019061209075366.jpg	UploadFiles/UploadFiles/201906/2019061209075366.jpg	43183	91815a8058be43275447afeb09bc4fe42443f50874191968b2b1f82956f6a8b4	91815a8058be43275447afeb09bc4fe42443f50874191968b2b1f82956f6a8b4	
UploadFiles/UploadFiles/201906/2019061409140471.jpg	UploadFiles/UploadFiles/201906/2019061409140471.jpg	107327	61ccb9a872f2345592f163f416898c6b820af7a94ef921c2cfe25feaf29e261c	61ccb9a872f2345592f163f416898c6b820af7a94ef921c2cfe25feaf29e261c	
UploadFiles/UploadFiles/201906/2019061409143912.jpg	UploadFiles/UploadFiles/201906/2019061409143912.jpg	221508	56fe902310d0af6e3983d7d4358a27675af92ff07694c76e7c61fdef7de83c0b	56fe902310d0af6e3983d7d4358a27675af92ff07694c76e7c61fdef7de83c0b	
UploadFiles/UploadFiles/201906/2019061409152202.jpg	UploadFiles/UploadFiles/201906/2019061409152202.jpg	104373	bb3aa9a099fea9e7f6c7992c964bf13906b51dea25851d585aa2afa1af465e15	bb3aa9a099fea9e7f6c7992c964bf13906b51dea25851d585aa2afa1af465e15	
UploadFiles/UploadFiles/201906/2019061414205464.jpg	UploadFiles/UploadFiles/201906/2019061414205464.jpg	139798	4cdf77a6bae6a538c53f04049702926611ac3c96039068712d07b1073943b66e	4cdf77a6bae6a538c53f04049702926611ac3c96039068712d07b1073943b66e	
UploadFiles/UploadFiles/201906/2019061414223926.jpg	UploadFiles/UploadFiles/201906/2019061414223926.jpg	397211	6c8690a4256e4a51ded066eaf0803e81be21824c4ec52bf7dea682af32d653b9	6c8690a4256e4a51ded066eaf0803e81be21824c4ec52bf7dea682af32d653b9	
UploadFiles/UploadFiles/201906/2019061414223999.jpg	UploadFiles/UploadFiles/201906/2019061414223999.jpg	109956	4f944742efa0c9eddcfd25c96fd56233917c1f62903e0b9570fcd649492247c6	4f944742efa0c9eddcfd25c96fd56233917c1f62903e0b9570fcd649492247c6	
UploadFiles/UploadFiles/201906/2019061414231905.jpg	UploadFiles/UploadFiles/201906/2019061414231905.jpg	163171	6bb8514193822e0163304c2b3477e4b1a7182a293ea73e6fd6e453ba30fa70c8	6bb8514193822e0163304c2b3477e4b1a7182a293ea73e6fd6e453ba30fa70c8	
UploadFiles/UploadFiles/201906/2019061414231977.jpg	UploadFiles/UploadFiles/201906/2019061414231977.jpg	175382	a2bb8971e9f3bb8c4d24cbb510535e894458e6c46185b1f9ad790807a77a0fb4	a2bb8971e9f3bb8c4d24cbb510535e894458e6c46185b1f9ad790807a77a0fb4	
UploadFiles/UploadFiles/201906/2019061416410679.jpg	UploadFiles/UploadFiles/201906/2019061416410679.jpg	6803375	dfe2a4eaed260a0c3ae5811d99f5782d6e0f81cc80b42ac9cdc53da370ca8a4c	dfe2a4eaed260a0c3ae5811d99f5782d6e0f81cc80b42ac9cdc53da370ca8a4c	
UploadFiles/UploadFiles/201906/2019061817190528.jpg	UploadFiles/UploadFiles/201906/2019061817190528.jpg	45800	0c4e090cfa0959e0c23ad595122a185c3f6616440fbeb58933892f9fee86636e	0c4e090cfa0959e0c23ad595122a185c3f6616440fbeb58933892f9fee86636e	
UploadFiles/UploadFiles/201906/2019062014525509.jpg	UploadFiles/UploadFiles/201906/2019062014525509.jpg	38518	3bed74663dd3c9fd4855d7a10637706e7b2e9779cf6655401c6e28d36870f6d9	3bed74663dd3c9fd4855d7a10637706e7b2e9779cf6655401c6e28d36870f6d9	
UploadFiles/UploadFiles/201906/2019062016462340.jpg	UploadFiles/UploadFiles/201906/2019062016462340.jpg	93207	8560db4a2ce80fc4664ff2d29a43b9cc6c82d15fc92e0236dbbf23f62f990e47	8560db4a2ce80fc4664ff2d29a43b9cc6c82d15fc92e0236dbbf23f62f990e47	
UploadFiles/UploadFiles/201906/2019062409564163.jpg	UploadFiles/UploadFiles/201906/2019062409564163.jpg	918049	4a4b37f1392a87f75512fb322edfcc36468a74bc6e1e4eb220ebac62b86a3cfa	4a4b37f1392a87f75512fb322edfcc36468a74bc6e1e4eb220ebac62b86a3cfa	
UploadFiles/UploadFiles/201906/2019062409564171.jpg	UploadFiles/UploadFiles/201906/2019062409564171.jpg	2407404	772bba5a29511296a8b82d36296fc1db9aba9942c14220b34605e53290e1bd2e	772bba5a29511296a8b82d36296fc1db9aba9942c14220b34605e53290e1bd2e	
UploadFiles/UploadFiles/201906/2019062410513741.jpg	UploadFiles/UploadFiles/201906/2019062410513741.jpg	178063	79d62c2cac4ae8cde989a7c6ad8954d3190d81439b9872251fd5cd10b9716889	79d62c2cac4ae8cde989a7c6ad8954d3190d81439b9872251fd5cd10b9716889	
UploadFiles/UploadFiles/201906/2019062410520194.jpg	UploadFiles/UploadFiles/201906/2019062410520194.jpg	90297	2d34d2aa8294ec65dfe6a194b7dfa471a7a65d26d79e5b9bfdd029171cae699e	2d34d2aa8294ec65dfe6a194b7dfa471a7a65d26d79e5b9bfdd029171cae699e	
UploadFiles/UploadFiles/201906/2019062410523105.jpg	UploadFiles/UploadFiles/201906/2019062410523105.jpg	100948	71fbc167a594dd402201e642cb4b1893c6bdd2ac6d9d8b2d4531fb16f0d8ee0a	71fbc167a594dd402201e642cb4b1893c6bdd2ac6d9d8b2d4531fb16f0d8ee0a	
UploadFiles/UploadFiles/201906/2019062410525724.jpg	UploadFiles/UploadFiles/201906/2019062410525724.jpg	114612	1f8fb6a4222879af437fcbff9ed11ab4f04b70738895fb5b231998a68f544bb9	1f8fb6a4222879af437fcbff9ed11ab4f04b70738895fb5b231998a68f544bb9	
UploadFiles/UploadFiles/201906/2019062410533986.jpg	UploadFiles/UploadFiles/201906/2019062410533986.jpg	69108	79b9c9c50cc9f5d618765ebbf36cecca18e0f5cb1188d0164f8a12307f89a349	79b9c9c50cc9f5d618765ebbf36cecca18e0f5cb1188d0164f8a12307f89a349	
UploadFiles/UploadFiles/201906/2019062410540933.jpg	UploadFiles/UploadFiles/201906/2019062410540933.jpg	126014	606404ace46357e008d5a4dacae082097bb5af3ae668e7c0a8ea46fd46f336a7	606404ace46357e008d5a4dacae082097bb5af3ae668e7c0a8ea46fd46f336a7	
UploadFiles/UploadFiles/201906/2019062410543387.jpg	UploadFiles/UploadFiles/201906/2019062410543387.jpg	110125	591b08ccb04a7fffd35e338729bccc4c51484e7404643040b4fa2719c0f56119	591b08ccb04a7fffd35e338729bccc4c51484e7404643040b4fa2719c0f56119	
UploadFiles/UploadFiles/201906/2019062410545979.jpg	UploadFiles/UploadFiles/201906/2019062410545979.jpg	103896	3475b99fd7bd53932c9388718b1f77c2df0d4a2e0cbdfe556242b793af5cc549	3475b99fd7bd53932c9388718b1f77c2df0d4a2e0cbdfe556242b793af5cc549	
UploadFiles/UploadFiles/201906/2019062410553148.jpg	UploadFiles/UploadFiles/201906/2019062410553148.jpg	226270	952a09bac11386cbfb3afdd98e28f83a583d01a748f2670f8c1d2f9bbb9d5871	952a09bac11386cbfb3afdd98e28f83a583d01a748f2670f8c1d2f9bbb9d5871	
UploadFiles/UploadFiles/201906/2019062410560573.jpg	UploadFiles/UploadFiles/201906/2019062410560573.jpg	140108	f74778346803f1100ca2f870da248390a7c2f781253658c31ccdef48f1535cd5	f74778346803f1100ca2f870da248390a7c2f781253658c31ccdef48f1535cd5	
UploadFiles/UploadFiles/201906/2019062410560581.jpg	UploadFiles/UploadFiles/201906/2019062410560581.jpg	174256	4f5339bf424cc8d75cab3ec1a9da5f6b030d3cc14f3ee529023ed1408663227c	4f5339bf424cc8d75cab3ec1a9da5f6b030d3cc14f3ee529023ed1408663227c	
UploadFiles/UploadFiles/201906/2019062410582124.jpg	UploadFiles/UploadFiles/201906/2019062410582124.jpg	121382	c41686c310420c5aaed470ae11c58b4fe0e4e1cfdf33f7f4636a660f07ea4c98	c41686c310420c5aaed470ae11c58b4fe0e4e1cfdf33f7f4636a660f07ea4c98	
UploadFiles/UploadFiles/201906/2019062415414793.jpg	UploadFiles/UploadFiles/201906/2019062415414793.jpg	148521	a1af8e891367116bef2abdaa3866348baae7b6ee0bca276e64b30f3a1ebe4972	a1af8e891367116bef2abdaa3866348baae7b6ee0bca276e64b30f3a1ebe4972	
UploadFiles/UploadFiles/201906/2019062415454193.jpg	UploadFiles/UploadFiles/201906/2019062415454193.jpg	109473	14ed6747b564816da0cb09bcbfe1e42355e6f06185a6d11d1366a559148af55f	14ed6747b564816da0cb09bcbfe1e42355e6f06185a6d11d1366a559148af55f	
UploadFiles/UploadFiles/201906/2019062415465942.jpg	UploadFiles/UploadFiles/201906/2019062415465942.jpg	118268	11b0d0bcec99d20b6a92b8eb096a040eca530d05c7755c10d4b11d5b81bb76a5	11b0d0bcec99d20b6a92b8eb096a040eca530d05c7755c10d4b11d5b81bb76a5	
UploadFiles/UploadFiles/201906/2019062415472169.jpg	UploadFiles/UploadFiles/201906/2019062415472169.jpg	124775	8aaaf25acf95692297df088e64ce2b7b0116f6e801cbbffbe5c72e0c91a03968	8aaaf25acf95692297df088e64ce2b7b0116f6e801cbbffbe5c72e0c91a03968	
UploadFiles/UploadFiles/201906/2019062415474118.jpg	UploadFiles/UploadFiles/201906/2019062415474118.jpg	122316	9d6a21568e5c02aa5312b3a25e666bc87ab86f1295674f9ef1380252a71ec9ef	9d6a21568e5c02aa5312b3a25e666bc87ab86f1295674f9ef1380252a71ec9ef	
UploadFiles/UploadFiles/201906/2019062415483311.jpg	UploadFiles/UploadFiles/201906/2019062415483311.jpg	152860	684bdf83a7b4909ece5c6a303dc4273054a6c7afa83f4c26f8a1508f9880b244	684bdf83a7b4909ece5c6a303dc4273054a6c7afa83f4c26f8a1508f9880b244	
UploadFiles/UploadFiles/201906/2019062415493315.jpg	UploadFiles/UploadFiles/201906/2019062415493315.jpg	164896	83191c32cf4e4398bf637c484250a0493fb9ed95bffdbd430f388b95d43c94a9	83191c32cf4e4398bf637c484250a0493fb9ed95bffdbd430f388b95d43c94a9	
UploadFiles/UploadFiles/201906/2019062415493316.jpg	UploadFiles/UploadFiles/201906/2019062415493316.jpg	165461	23e76687dd5d5c63252b201e84ed4109b5e45ba35f0fc6a93a4c8e04b32176ba	23e76687dd5d5c63252b201e84ed4109b5e45ba35f0fc6a93a4c8e04b32176ba	
UploadFiles/UploadFiles/201906/2019062415493324.jpg	UploadFiles/UploadFiles/201906/2019062415493324.jpg	129903	8212de0c44716ce81a6b354d059d68079631fbd437462e68b0e140d84b1622d1	8212de0c44716ce81a6b354d059d68079631fbd437462e68b0e140d84b1622d1	
UploadFiles/UploadFiles/201906/2019062415493333.jpg	UploadFiles/UploadFiles/201906/2019062415493333.jpg	167895	46e42b8fc86f36cf35dad8eee56656f445fc534083232aa94c7af371b6f8ccc5	46e42b8fc86f36cf35dad8eee56656f445fc534083232aa94c7af371b6f8ccc5	
UploadFiles/UploadFiles/201906/2019062415493393.jpg	UploadFiles/UploadFiles/201906/2019062415493393.jpg	153872	48ac4f7c0c5b5c11eecaa95607c6d4bbb499003d16dae617219ce0f07c770a03	48ac4f7c0c5b5c11eecaa95607c6d4bbb499003d16dae617219ce0f07c770a03	
UploadFiles/UploadFiles/201906/2019062415500467.jpg	UploadFiles/UploadFiles/201906/2019062415500467.jpg	100567	5b2465db0f9613f671c2f92289f7fdf5a20acd25d08aceedc865013804c03958	5b2465db0f9613f671c2f92289f7fdf5a20acd25d08aceedc865013804c03958	
UploadFiles/UploadFiles/201906/2019062415502339.jpg	UploadFiles/UploadFiles/201906/2019062415502339.jpg	173091	d7890ededa137924a27705e21fd3472846cbdc8214bd495ca2974599aefd648b	d7890ededa137924a27705e21fd3472846cbdc8214bd495ca2974599aefd648b	
UploadFiles/UploadFiles/201906/2019062415505427.jpg	UploadFiles/UploadFiles/201906/2019062415505427.jpg	190688	efdb3730e5c7ed3374498c499a88098f2a99fa6c6d6ef15374cfabc3a6282be6	efdb3730e5c7ed3374498c499a88098f2a99fa6c6d6ef15374cfabc3a6282be6	
UploadFiles/UploadFiles/201906/2019062415505448.jpg	UploadFiles/UploadFiles/201906/2019062415505448.jpg	145466	08a9b2b35d99d0a074292452fa15f93f53b63876deee65c131298c8b50c5fa7c	08a9b2b35d99d0a074292452fa15f93f53b63876deee65c131298c8b50c5fa7c	
UploadFiles/UploadFiles/201906/2019062415505463.jpg	UploadFiles/UploadFiles/201906/2019062415505463.jpg	211723	242cb2ef6e3de856044a50ef845d5d566dabee10a9ff292971d46dbd9baf4486	242cb2ef6e3de856044a50ef845d5d566dabee10a9ff292971d46dbd9baf4486	
UploadFiles/UploadFiles/201906/2019062415523568.jpg	UploadFiles/UploadFiles/201906/2019062415523568.jpg	211744	f850857152755a06b0f52da7378ff975af59873108532087c2e4dfec8c5eb62d	f850857152755a06b0f52da7378ff975af59873108532087c2e4dfec8c5eb62d	
UploadFiles/UploadFiles/201906/2019062415523577.jpg	UploadFiles/UploadFiles/201906/2019062415523577.jpg	170682	dbbcfafb772bf81555046b9025a75410142a47a04f4dc89a33513758b3557ec4	dbbcfafb772bf81555046b9025a75410142a47a04f4dc89a33513758b3557ec4	
UploadFiles/UploadFiles/201906/2019062415525620.jpg	UploadFiles/UploadFiles/201906/2019062415525620.jpg	200013	fd38a00a35d1691f11a7c6e03f52139380c1e682f3b3b85c10bf3e7f8ee3ed6a	fd38a00a35d1691f11a7c6e03f52139380c1e682f3b3b85c10bf3e7f8ee3ed6a	
UploadFiles/UploadFiles/201906/2019062416200897.jpg	UploadFiles/UploadFiles/201906/2019062416200897.jpg	106754	df412de2a789fbf80a4ad07c51714f1f4e16534e91a8b310aef84f55e2a4a475	df412de2a789fbf80a4ad07c51714f1f4e16534e91a8b310aef84f55e2a4a475	
UploadFiles/UploadFiles/201906/2019062416203098.jpg	UploadFiles/UploadFiles/201906/2019062416203098.jpg	451069	0537691a4eeb998cc83c24ecb9df944cc87e73ef0e40e4eb8781f7e26a3c0698	0537691a4eeb998cc83c24ecb9df944cc87e73ef0e40e4eb8781f7e26a3c0698	
UploadFiles/UploadFiles/201906/2019062510551928.jpg	UploadFiles/UploadFiles/201906/2019062510551928.jpg	49979	b62c8ca47c39d2cd0f0206857b0b07fef5b9f817bf563ea3908a9241f969625a	b62c8ca47c39d2cd0f0206857b0b07fef5b9f817bf563ea3908a9241f969625a	
UploadFiles/UploadFiles/201906/2019062610162851.jpg	UploadFiles/UploadFiles/201906/2019062610162851.jpg	425997	651460946c159e23b89b6a75071eafd8c4dc01378bfcd73a33806cba1c9c1576	651460946c159e23b89b6a75071eafd8c4dc01378bfcd73a33806cba1c9c1576	
UploadFiles/UploadFiles/201906/2019062616123532.jpg	UploadFiles/UploadFiles/201906/2019062616123532.jpg	539611	943624714ad250bed7ed950a89558da6189b51d8d051534da8e3b124e5555d1a	943624714ad250bed7ed950a89558da6189b51d8d051534da8e3b124e5555d1a	
UploadFiles/UploadFiles/201906/2019062616125527.jpg	UploadFiles/UploadFiles/201906/2019062616125527.jpg	126014	21b2acdbf18b44be48db3136d8b90795c5c99d37833a27df9821fdd19cd6ea83	21b2acdbf18b44be48db3136d8b90795c5c99d37833a27df9821fdd19cd6ea83	
UploadFiles/UploadFiles/201906/2019062808270964.jpg	UploadFiles/UploadFiles/201906/2019062808270964.jpg	192191	37b2c43299e1d2e897fbcc489b880fbb93f852de18a27423ecdf1bf7d2b31a95	37b2c43299e1d2e897fbcc489b880fbb93f852de18a27423ecdf1bf7d2b31a95	
UploadFiles/UploadFiles/201907/2019070116594321.jpg	UploadFiles/UploadFiles/201907/2019070116594321.jpg	51128	e29b9695627c9ee00c01e9256ca4fae4f5e5818ae778e2f610a88007daed5d82	e29b9695627c9ee00c01e9256ca4fae4f5e5818ae778e2f610a88007daed5d82	
UploadFiles/UploadFiles/201907/2019070119154868.jpg	UploadFiles/UploadFiles/201907/2019070119154868.jpg	51859	c24af15d4cff581b1bcb24c683c623703f317aafb52a3452cc9455f5995d52b3	c24af15d4cff581b1bcb24c683c623703f317aafb52a3452cc9455f5995d52b3	
UploadFiles/UploadFiles/201907/2019070414210552.jpg	UploadFiles/UploadFiles/201907/2019070414210552.jpg	297009	c9c2de61c35c04b55d5dcc310e1d91d74c1b725c56c8a19d21fa7fe0325af329	c9c2de61c35c04b55d5dcc310e1d91d74c1b725c56c8a19d21fa7fe0325af329	
UploadFiles/UploadFiles/201907/2019070414214547.jpg	UploadFiles/UploadFiles/201907/2019070414214547.jpg	368795	6495b375f828511292959716638de86f7756ae62faeb85caeab7a92064d00588	6495b375f828511292959716638de86f7756ae62faeb85caeab7a92064d00588	
UploadFiles/UploadFiles/201907/2019070414214555.jpg	UploadFiles/UploadFiles/201907/2019070414214555.jpg	363986	e79437ad5b6903b84949a44c2f79489d2a3d2677130df10557ae26de7ae577cf	e79437ad5b6903b84949a44c2f79489d2a3d2677130df10557ae26de7ae577cf	
UploadFiles/UploadFiles/201907/2019070414225842.jpg	UploadFiles/UploadFiles/201907/2019070414225842.jpg	360951	98f0b25c11a343c8777ce4f5efcc17a388ed398ba41ce9736224cc6cc051cd78	98f0b25c11a343c8777ce4f5efcc17a388ed398ba41ce9736224cc6cc051cd78	
UploadFiles/UploadFiles/201907/2019070414232132.jpg	UploadFiles/UploadFiles/201907/2019070414232132.jpg	354795	ccd4bde6a183c8aa30f68acdcf7dbb554311836893c8e1b039d5fce8a463b9f1	ccd4bde6a183c8aa30f68acdcf7dbb554311836893c8e1b039d5fce8a463b9f1	
UploadFiles/UploadFiles/201907/2019070414361923.jpg	UploadFiles/UploadFiles/201907/2019070414361923.jpg	160808	2c1205fc5e84599745cd94761e116d9fff221f273ba2a3c35f5b229c270146e2	2c1205fc5e84599745cd94761e116d9fff221f273ba2a3c35f5b229c270146e2	
UploadFiles/UploadFiles/201907/2019070414364591.jpg	UploadFiles/UploadFiles/201907/2019070414364591.jpg	105838	c418101315524cbadfcaac5fa13315e909d3d8f1e6e52454133e1f01c89bac6a	c418101315524cbadfcaac5fa13315e909d3d8f1e6e52454133e1f01c89bac6a	
UploadFiles/UploadFiles/201907/2019070414372214.jpg	UploadFiles/UploadFiles/201907/2019070414372214.jpg	143171	ca5a5c7609591b97c3683ea62ee91a53da30d28a93ee508468016259e609957d	ca5a5c7609591b97c3683ea62ee91a53da30d28a93ee508468016259e609957d	
UploadFiles/UploadFiles/201907/2019070414372223.jpg	UploadFiles/UploadFiles/201907/2019070414372223.jpg	85435	4dbe49191176d0cfdf8b09487a798464db83d58d860696b66b4f98da5b2e5e4c	4dbe49191176d0cfdf8b09487a798464db83d58d860696b66b4f98da5b2e5e4c	
UploadFiles/UploadFiles/201907/2019070414380684.jpg	UploadFiles/UploadFiles/201907/2019070414380684.jpg	185152	51caeef3558e653dafbb178434c27d80e24a5a11c91cd9c74e188402e072e6a1	51caeef3558e653dafbb178434c27d80e24a5a11c91cd9c74e188402e072e6a1	
UploadFiles/UploadFiles/201907/2019070414380692.jpg	UploadFiles/UploadFiles/201907/2019070414380692.jpg	100104	cf09845b6ced7f8c099e77b9eee2e6c4167c1a2adf740cae897c91cea15b070c	cf09845b6ced7f8c099e77b9eee2e6c4167c1a2adf740cae897c91cea15b070c	
UploadFiles/UploadFiles/201907/2019070414383883.jpg	UploadFiles/UploadFiles/201907/2019070414383883.jpg	209018	f6ac9dfd8e71281ea42fc17b7c2de0bdd65997c2a5facaa09dba327c87ab2861	f6ac9dfd8e71281ea42fc17b7c2de0bdd65997c2a5facaa09dba327c87ab2861	
UploadFiles/UploadFiles/201907/2019070414383892.jpg	UploadFiles/UploadFiles/201907/2019070414383892.jpg	85735	f17c0d02f88d10951e3d0f147ff0be6e3984f135207f36b0725250a2375ec551	f17c0d02f88d10951e3d0f147ff0be6e3984f135207f36b0725250a2375ec551	
UploadFiles/UploadFiles/201907/2019070414390569.jpg	UploadFiles/UploadFiles/201907/2019070414390569.jpg	100025	23575864b1345efd47d9b27508ac7164962875c5d0167a2af3b6b20014eac8f8	23575864b1345efd47d9b27508ac7164962875c5d0167a2af3b6b20014eac8f8	
UploadFiles/UploadFiles/201907/2019070414392372.jpg	UploadFiles/UploadFiles/201907/2019070414392372.jpg	96838	4174a9779575fcd1f8b644c09d59706b92ee3710a6b77c17b7afaaa718ad7160	4174a9779575fcd1f8b644c09d59706b92ee3710a6b77c17b7afaaa718ad7160	
UploadFiles/UploadFiles/201907/2019070414425900.jpg	UploadFiles/UploadFiles/201907/2019070414425900.jpg	188752	a0e281c7580da6dab82f62d1c107f89e0ba531e7c6095298d55e88b07538bbf2	a0e281c7580da6dab82f62d1c107f89e0ba531e7c6095298d55e88b07538bbf2	
UploadFiles/UploadFiles/201907/2019070414425991.jpg	UploadFiles/UploadFiles/201907/2019070414425991.jpg	151527	ba5273f532805448c84fb6513d55673bfc8b0f6fe7b4835aaa9220546169ccb3	ba5273f532805448c84fb6513d55673bfc8b0f6fe7b4835aaa9220546169ccb3	
UploadFiles/UploadFiles/201907/2019070414431570.jpg	UploadFiles/UploadFiles/201907/2019070414431570.jpg	160958	7ba5d03d16d8dbd9674c591f4d4eb44450af208df6a85f5d159d9c419bea847d	7ba5d03d16d8dbd9674c591f4d4eb44450af208df6a85f5d159d9c419bea847d	
UploadFiles/UploadFiles/201907/2019070414434470.jpg	UploadFiles/UploadFiles/201907/2019070414434470.jpg	145635	1a79fee97914ac8210590882db8d8fd08e47d9510b36018148f502a114585922	1a79fee97914ac8210590882db8d8fd08e47d9510b36018148f502a114585922	
UploadFiles/UploadFiles/201907/2019070414434479.jpg	UploadFiles/UploadFiles/201907/2019070414434479.jpg	153646	0e6ac2533afbca2536625337eccc8a8413e0151d266c72cd2694925312b3ee7b	0e6ac2533afbca2536625337eccc8a8413e0151d266c72cd2694925312b3ee7b	
UploadFiles/UploadFiles/201907/2019070414505720.jpg	UploadFiles/UploadFiles/201907/2019070414505720.jpg	135221	14d657f35e2833fe13263c1e7ee6da81edd9ec696c2fc0222b50947ee3198cd5	14d657f35e2833fe13263c1e7ee6da81edd9ec696c2fc0222b50947ee3198cd5	
UploadFiles/UploadFiles/201907/2019070414511718.jpg	UploadFiles/UploadFiles/201907/2019070414511718.jpg	142481	24bd48cc9eeb7e92f5dd9c028d5cad7c2f9665faa37755de5b6ec43efae0408f	24bd48cc9eeb7e92f5dd9c028d5cad7c2f9665faa37755de5b6ec43efae0408f	
UploadFiles/UploadFiles/201907/2019070414513297.jpg	UploadFiles/UploadFiles/201907/2019070414513297.jpg	120331	6bdb929e03e3107b569089f83e57e5a687b800de0d5cd7b0f2c364dbf7bec5bc	6bdb929e03e3107b569089f83e57e5a687b800de0d5cd7b0f2c364dbf7bec5bc	
UploadFiles/UploadFiles/201907/2019070414544241.jpg	UploadFiles/UploadFiles/201907/2019070414544241.jpg	244756	faa3ade592d7633c88b210ccdaa32305bf7f63bc571f169bb42ef7c19f864a96	faa3ade592d7633c88b210ccdaa32305bf7f63bc571f169bb42ef7c19f864a96	
UploadFiles/UploadFiles/201907/2019070414550942.jpg	UploadFiles/UploadFiles/201907/2019070414550942.jpg	177284	2fbb5ca97cf58b131b7343011ec1a969b016edb24b609c58c6085f4099f7991e	2fbb5ca97cf58b131b7343011ec1a969b016edb24b609c58c6085f4099f7991e	
UploadFiles/UploadFiles/201907/2019070414553284.jpg	UploadFiles/UploadFiles/201907/2019070414553284.jpg	127517	18127733021545147b6ada89f1de8d9a1c3d6aa000fdf4a169ba04b75728e50a	18127733021545147b6ada89f1de8d9a1c3d6aa000fdf4a169ba04b75728e50a	
UploadFiles/UploadFiles/201907/2019070414553292.jpg	UploadFiles/UploadFiles/201907/2019070414553292.jpg	128886	297273099c4babd4ed65bee79f89c421b31917f1220ebf29c4c7cc7a8966acaa	297273099c4babd4ed65bee79f89c421b31917f1220ebf29c4c7cc7a8966acaa	
UploadFiles/UploadFiles/201907/2019070414555462.jpg	UploadFiles/UploadFiles/201907/2019070414555462.jpg	129110	66e4c123d3f0f1c8b015a638b914685045c5ae62d6fefc466e08ef3ada871e5e	66e4c123d3f0f1c8b015a638b914685045c5ae62d6fefc466e08ef3ada871e5e	
UploadFiles/UploadFiles/201907/2019070414561665.jpg	UploadFiles/UploadFiles/201907/2019070414561665.jpg	125898	07bf1796c47b31bccb41723571ba165991d94e6fb409ae2f635c7dfb1a783c0b	07bf1796c47b31bccb41723571ba165991d94e6fb409ae2f635c7dfb1a783c0b	
UploadFiles/UploadFiles/201907/2019070414563816.jpg	UploadFiles/UploadFiles/201907/2019070414563816.jpg	185081	df1fb11f9a003e53439b64530db8263d2d0ee70b2cd074d438a37a9b59f3cb42	df1fb11f9a003e53439b64530db8263d2d0ee70b2cd074d438a37a9b59f3cb42	
UploadFiles/UploadFiles/201907/2019070516505852.jpg	UploadFiles/UploadFiles/201907/2019070516505852.jpg	50284	b569b6a74e8c69026bad8bf31c513fbaf5278e420d92a6a3687c2b897d6fb761	b569b6a74e8c69026bad8bf31c513fbaf5278e420d92a6a3687c2b897d6fb761	
UploadFiles/UploadFiles/201907/2019070609543523.jpg	UploadFiles/UploadFiles/201907/2019070609543523.jpg	46681	fe5a72f7ded60a1156d33c0a18c09a2bcb4c1e8011ec9621190ddcf40ec7c783	fe5a72f7ded60a1156d33c0a18c09a2bcb4c1e8011ec9621190ddcf40ec7c783	
UploadFiles/UploadFiles/201907/2019070815275847.jpg	UploadFiles/UploadFiles/201907/2019070815275847.jpg	106112	87a6412b60da9e41df1da11b982a7ffdfffa345642bc69042fc9af4fca52f1cc	87a6412b60da9e41df1da11b982a7ffdfffa345642bc69042fc9af4fca52f1cc	
UploadFiles/UploadFiles/201907/2019070815275855.jpg	UploadFiles/UploadFiles/201907/2019070815275855.jpg	142661	b3c2eef194ac874c140b2f3bb84b0a54e26a4ac23d29957a6859dc673a35dcba	b3c2eef194ac874c140b2f3bb84b0a54e26a4ac23d29957a6859dc673a35dcba	
UploadFiles/UploadFiles/201907/2019070815282423.jpg	UploadFiles/UploadFiles/201907/2019070815282423.jpg	75774	eb9107d353136f14fe02f4f050d2f48b4b4fca30302b4f1548b6f871f66b5ab0	eb9107d353136f14fe02f4f050d2f48b4b4fca30302b4f1548b6f871f66b5ab0	
UploadFiles/UploadFiles/201907/2019070815284452.jpg	UploadFiles/UploadFiles/201907/2019070815284452.jpg	75113	68960429e4fc548a17ad630778542ebac7d6949b8119e5054e68ce3917023a91	68960429e4fc548a17ad630778542ebac7d6949b8119e5054e68ce3917023a91	
UploadFiles/UploadFiles/201907/2019070815290071.jpg	UploadFiles/UploadFiles/201907/2019070815290071.jpg	80766	4b25d6dd98edd04ce79550f4706f8092fcbb22a854db4e8b4795aed5c6a82aa6	4b25d6dd98edd04ce79550f4706f8092fcbb22a854db4e8b4795aed5c6a82aa6	
UploadFiles/UploadFiles/201907/2019070815291457.jpg	UploadFiles/UploadFiles/201907/2019070815291457.jpg	73486	1c88db262c7419fe5fa77c0de897be2dc9408ee8d3c5c2b25834c3407aa35a8c	1c88db262c7419fe5fa77c0de897be2dc9408ee8d3c5c2b25834c3407aa35a8c	
UploadFiles/UploadFiles/201907/2019070815294151.jpg	UploadFiles/UploadFiles/201907/2019070815294151.jpg	152484	a4bb1cbad951b7616347f59c999395636b87b08280b563923ef7c61d82baee6a	a4bb1cbad951b7616347f59c999395636b87b08280b563923ef7c61d82baee6a	
UploadFiles/UploadFiles/201907/2019070815294172.jpg	UploadFiles/UploadFiles/201907/2019070815294172.jpg	148788	04628dc353114d8e25c300a1cd617f891c34bfadd62a8f96613982c65dc8069d	04628dc353114d8e25c300a1cd617f891c34bfadd62a8f96613982c65dc8069d	
UploadFiles/UploadFiles/201907/2019070815294173.jpg	UploadFiles/UploadFiles/201907/2019070815294173.jpg	126786	27105d9514e95ed4776cfad08c7d85fe41504b919bb09aeef9387712211090ba	27105d9514e95ed4776cfad08c7d85fe41504b919bb09aeef9387712211090ba	
UploadFiles/UploadFiles/201907/2019070815294181.jpg	UploadFiles/UploadFiles/201907/2019070815294181.jpg	146097	b3ca73bba077221eaa93e6928ff1b54fa95f0ae51ab2939ae34dd36b864b12a1	b3ca73bba077221eaa93e6928ff1b54fa95f0ae51ab2939ae34dd36b864b12a1	
UploadFiles/UploadFiles/201907/2019070815474337.jpg	UploadFiles/UploadFiles/201907/2019070815474337.jpg	85699	2e1be3e1665a8f0920df48eed2fd40bee91770239a27d81a7a0a4e260d9c0514	2e1be3e1665a8f0920df48eed2fd40bee91770239a27d81a7a0a4e260d9c0514	
UploadFiles/UploadFiles/201907/2019070815474345.jpg	UploadFiles/UploadFiles/201907/2019070815474345.jpg	146360	08dda355a0b6027f541834fc0a9086eb835ac239e53aa8ed0d8404e87167afc5	08dda355a0b6027f541834fc0a9086eb835ac239e53aa8ed0d8404e87167afc5	
UploadFiles/UploadFiles/201907/2019070815481057.jpg	UploadFiles/UploadFiles/201907/2019070815481057.jpg	83815	84c6f35d298fc9514a76fb873258c44b4eeb882a9a099e27d04651d96d0da1cd	84c6f35d298fc9514a76fb873258c44b4eeb882a9a099e27d04651d96d0da1cd	
UploadFiles/UploadFiles/201907/2019070815483703.jpg	UploadFiles/UploadFiles/201907/2019070815483703.jpg	87267	2af79291dab1f101addb45d17ccadf66c68c19bb1b512afd31706fcde9a20077	2af79291dab1f101addb45d17ccadf66c68c19bb1b512afd31706fcde9a20077	
UploadFiles/UploadFiles/201907/2019070815485308.jpg	UploadFiles/UploadFiles/201907/2019070815485308.jpg	87907	94b7a65881b0d126065cee144799cf177b7771674b5588dba30f91454099ccba	94b7a65881b0d126065cee144799cf177b7771674b5588dba30f91454099ccba	
UploadFiles/UploadFiles/201907/2019070815491180.jpg	UploadFiles/UploadFiles/201907/2019070815491180.jpg	88899	1f26917762db6006bbdd4a219a9a7cdf31f9ac71e265340a9abd17853a70026a	1f26917762db6006bbdd4a219a9a7cdf31f9ac71e265340a9abd17853a70026a	
UploadFiles/UploadFiles/201907/2019070815492577.jpg	UploadFiles/UploadFiles/201907/2019070815492577.jpg	83181	47ef18a01e09c6ceadfe653037426cafa9e61898932faed2bbb5cac4f51703c5	47ef18a01e09c6ceadfe653037426cafa9e61898932faed2bbb5cac4f51703c5	
UploadFiles/UploadFiles/201907/2019070815494898.jpg	UploadFiles/UploadFiles/201907/2019070815494898.jpg	146128	1fd753323436b776e6320bc06143519e63efa2ac0b31a0caf40ba082ea059c23	1fd753323436b776e6320bc06143519e63efa2ac0b31a0caf40ba082ea059c23	
UploadFiles/UploadFiles/201907/2019070815500233.jpg	UploadFiles/UploadFiles/201907/2019070815500233.jpg	245030	baa7978381effce3ee7a636376cf31cc9e36a2ad4e1f5e45145de944791b7404	baa7978381effce3ee7a636376cf31cc9e36a2ad4e1f5e45145de944791b7404	
UploadFiles/UploadFiles/201907/2019070815501895.jpg	UploadFiles/UploadFiles/201907/2019070815501895.jpg	82497	dcc7eeac479ec7e61c2bb125f46520650e41aa691b3d1d35671fb0fd382ee896	dcc7eeac479ec7e61c2bb125f46520650e41aa691b3d1d35671fb0fd382ee896	
UploadFiles/UploadFiles/201908/2019080713402383.png	UploadFiles/UploadFiles/201908/2019080713402383.png	259395	5ea18cc11b658b71311f8f5162d4d6a01ed6b7e673706210f360693e91636ae0	5ea18cc11b658b71311f8f5162d4d6a01ed6b7e673706210f360693e91636ae0	
UploadFiles/UploadFiles/201908/2019080713405234.jpg	UploadFiles/UploadFiles/201908/2019080713405234.jpg	136883	c237902e0bcc250dba1790037ca4dab6db6c1d6522ff4eb244636793a447f85f	c237902e0bcc250dba1790037ca4dab6db6c1d6522ff4eb244636793a447f85f	
UploadFiles/UploadFiles/201908/2019080713405242.jpg	UploadFiles/UploadFiles/201908/2019080713405242.jpg	162565	fb291949c2dfb3a27c5107dadfb496bd801f6ac650d2560d4a3f516704675bd1	fb291949c2dfb3a27c5107dadfb496bd801f6ac650d2560d4a3f516704675bd1	
UploadFiles/UploadFiles/201908/2019080713411581.png	UploadFiles/UploadFiles/201908/2019080713411581.png	962712	732624087bc391f2596e537012c23bbe7052280bcf943292ad1977c30dfb2032	732624087bc391f2596e537012c23bbe7052280bcf943292ad1977c30dfb2032	
UploadFiles/UploadFiles/201908/2019080713414775.png	UploadFiles/UploadFiles/201908/2019080713414775.png	1515238	d942f8b84732181fb74c54b4c269331c321610b6a69a96cc10713179f31c2dbf	d942f8b84732181fb74c54b4c269331c321610b6a69a96cc10713179f31c2dbf	
UploadFiles/UploadFiles/201908/2019080713421696.png	UploadFiles/UploadFiles/201908/2019080713421696.png	1419056	52b6a72d47fdcaa237c891bab695532703ddda60108b6294b6ce606eddd88e08	52b6a72d47fdcaa237c891bab695532703ddda60108b6294b6ce606eddd88e08	
UploadFiles/UploadFiles/201908/2019080713445017.jpg	UploadFiles/UploadFiles/201908/2019080713445017.jpg	1362743	95812d030c46b4896fb446d5b2cf53cbe6fa6081fd1aafa30b0da4bbaf388938	95812d030c46b4896fb446d5b2cf53cbe6fa6081fd1aafa30b0da4bbaf388938	
UploadFiles/UploadFiles/201908/2019080713452916.jpg	UploadFiles/UploadFiles/201908/2019080713452916.jpg	137318	2ffa8f25b45083648a52f245434d5524a4a21a67d9a35b963d7c29cb4f02276c	2ffa8f25b45083648a52f245434d5524a4a21a67d9a35b963d7c29cb4f02276c	
UploadFiles/UploadFiles/201908/2019080713452924.jpg	UploadFiles/UploadFiles/201908/2019080713452924.jpg	158286	49d97e526be6cb6f72a2cb1efd624246778eae986a141b621c0d3ee618ed2576	49d97e526be6cb6f72a2cb1efd624246778eae986a141b621c0d3ee618ed2576	
UploadFiles/UploadFiles/201908/2019080713460205.jpg	UploadFiles/UploadFiles/201908/2019080713460205.jpg	183928	43e37e046d582a081c746a66d1e438234d7fdbc8e358fe2f8b322e901599f286	43e37e046d582a081c746a66d1e438234d7fdbc8e358fe2f8b322e901599f286	
UploadFiles/UploadFiles/201908/2019080713460213.jpg	UploadFiles/UploadFiles/201908/2019080713460213.jpg	148741	e5844d06e74b4650d3a2dde9a08d2b4e89e1c1d4ef4ee4334bdbb946aa71d5e0	e5844d06e74b4650d3a2dde9a08d2b4e89e1c1d4ef4ee4334bdbb946aa71d5e0	
UploadFiles/UploadFiles/201908/2019080713464532.jpg	UploadFiles/UploadFiles/201908/2019080713464532.jpg	150864	37543057cd1a762bafbafd748a586aaa47d42b4587c71dee18e41f9b6537a114	37543057cd1a762bafbafd748a586aaa47d42b4587c71dee18e41f9b6537a114	
UploadFiles/UploadFiles/201908/2019080713473522.jpg	UploadFiles/UploadFiles/201908/2019080713473522.jpg	136010	05474a21a2a27da16aa29609679d554f147efdb96c23048c7336c8840480b4ad	05474a21a2a27da16aa29609679d554f147efdb96c23048c7336c8840480b4ad	
UploadFiles/UploadFiles/201908/2019080713575072.jpg	UploadFiles/UploadFiles/201908/2019080713575072.jpg	55026	81dbd0922041a749158461305c7d229c2c51d236cc266fffab61f3b92b63e507	81dbd0922041a749158461305c7d229c2c51d236cc266fffab61f3b92b63e507	
UploadFiles/UploadFiles/201908/2019080713582770.jpg	UploadFiles/UploadFiles/201908/2019080713582770.jpg	56942	f8da646f791f9a4bb2dcc355d808e555584742d48d5ded40535b3c6241c71500	f8da646f791f9a4bb2dcc355d808e555584742d48d5ded40535b3c6241c71500	
UploadFiles/UploadFiles/201908/2019080713582778.jpg	UploadFiles/UploadFiles/201908/2019080713582778.jpg	50446	fce6a63a26659afc108fd2d9a896b89dd885161766302b3f84ead3ab88e4a425	fce6a63a26659afc108fd2d9a896b89dd885161766302b3f84ead3ab88e4a425	
UploadFiles/UploadFiles/201908/2019080713584050.jpg	UploadFiles/UploadFiles/201908/2019080713584050.jpg	68031	51e0e50740aaebd572908a7dc81e8143868d99fe8c0da6318e82e4d5d03205cd	51e0e50740aaebd572908a7dc81e8143868d99fe8c0da6318e82e4d5d03205cd	
UploadFiles/UploadFiles/201908/2019080714044469.jpg	UploadFiles/UploadFiles/201908/2019080714044469.jpg	114285	c402c4e96a79624b4f4d278bb0bed69acdbf75ead028f232d54af6ecb94a82e0	c402c4e96a79624b4f4d278bb0bed69acdbf75ead028f232d54af6ecb94a82e0	
UploadFiles/UploadFiles/201908/2019080714044477.jpg	UploadFiles/UploadFiles/201908/2019080714044477.jpg	181862	afbe38d60d4ad04d853271dfd7a9b0d08b2721dab45fdb4bfbbb1df9292899d5	afbe38d60d4ad04d853271dfd7a9b0d08b2721dab45fdb4bfbbb1df9292899d5	
UploadFiles/UploadFiles/201908/2019080714053052.jpg	UploadFiles/UploadFiles/201908/2019080714053052.jpg	126787	97003f509bd2c4f7fd9ee23ee936b3ebd471b7f91c8f292ce370541bfe3632dc	97003f509bd2c4f7fd9ee23ee936b3ebd471b7f91c8f292ce370541bfe3632dc	
UploadFiles/UploadFiles/201908/2019080714053062.jpg	UploadFiles/UploadFiles/201908/2019080714053062.jpg	149872	72b24647d21005935c99288a98fae22fb09b706eb931b40822d7a1bbda545cae	72b24647d21005935c99288a98fae22fb09b706eb931b40822d7a1bbda545cae	
UploadFiles/UploadFiles/201908/2019080714063369.jpg	UploadFiles/UploadFiles/201908/2019080714063369.jpg	135454	d53e45107a92bc6fcea321dd0c815d986d207cc7df5c18dc1209fc7d7dad69f5	d53e45107a92bc6fcea321dd0c815d986d207cc7df5c18dc1209fc7d7dad69f5	
UploadFiles/UploadFiles/201908/2019080714071746.jpg	UploadFiles/UploadFiles/201908/2019080714071746.jpg	143042	2bdc886d5b89a15a2c2af06e750f61b4cb60644c3c853a583aa3924965e1390b	2bdc886d5b89a15a2c2af06e750f61b4cb60644c3c853a583aa3924965e1390b	
UploadFiles/UploadFiles/201908/2019080714074793.jpg	UploadFiles/UploadFiles/201908/2019080714074793.jpg	198866	b55d9c2b887a914a72afa5b0f2ccbd69d300a619a79a80080cd18be4ab7c295c	b55d9c2b887a914a72afa5b0f2ccbd69d300a619a79a80080cd18be4ab7c295c	
UploadFiles/UploadFiles/201908/2019080714130834.jpg	UploadFiles/UploadFiles/201908/2019080714130834.jpg	318584	951404af2ea985c8ebc3275a0e51024aa80e808d7e05554ed31436d0d7a74d93	951404af2ea985c8ebc3275a0e51024aa80e808d7e05554ed31436d0d7a74d93	
UploadFiles/UploadFiles/201908/2019080714173276.jpg	UploadFiles/UploadFiles/201908/2019080714173276.jpg	92966	6edd9934ba3ca01bd93541845bb98f85f5233a17d2e1cac82708e563a9506fda	6edd9934ba3ca01bd93541845bb98f85f5233a17d2e1cac82708e563a9506fda	
UploadFiles/UploadFiles/201908/2019080714180321.jpg	UploadFiles/UploadFiles/201908/2019080714180321.jpg	150783	260bbae376642b6d1e2533324409efed14b1905d83a178f93eb5ef1a93eaf96b	260bbae376642b6d1e2533324409efed14b1905d83a178f93eb5ef1a93eaf96b	
UploadFiles/UploadFiles/201908/2019080714264785.jpg	UploadFiles/UploadFiles/201908/2019080714264785.jpg	200925	9633042e6013a473979c0f7877642983fff725a9c14aeac25d91f29c5c9eb4c1	9633042e6013a473979c0f7877642983fff725a9c14aeac25d91f29c5c9eb4c1	
UploadFiles/UploadFiles/201908/2019080714264793.jpg	UploadFiles/UploadFiles/201908/2019080714264793.jpg	219273	946a1f2922349c0d556f76eb9afa407b33a1c82fe3df98e1dc41a95a1e902d4e	946a1f2922349c0d556f76eb9afa407b33a1c82fe3df98e1dc41a95a1e902d4e	
UploadFiles/UploadFiles/201908/2019080714280463.jpg	UploadFiles/UploadFiles/201908/2019080714280463.jpg	101013	442c9d352a0ff680f0d7b3b1ef9c8348e7ea0f171d11200228dbb180b59e7914	442c9d352a0ff680f0d7b3b1ef9c8348e7ea0f171d11200228dbb180b59e7914	
UploadFiles/UploadFiles/201908/2019080714280490.jpg	UploadFiles/UploadFiles/201908/2019080714280490.jpg	104157	4377c30646895e8d900a164714bb91f4a7ceeacc5c7996357778ea4c5a8a0301	4377c30646895e8d900a164714bb91f4a7ceeacc5c7996357778ea4c5a8a0301	
UploadFiles/UploadFiles/201908/2019080714284404.png	UploadFiles/UploadFiles/201908/2019080714284404.png	726674	ed09fc0e797d8354d0759f046133d1aaecbcba8fcf5fb4180f45cd7a6ca1b87c	ed09fc0e797d8354d0759f046133d1aaecbcba8fcf5fb4180f45cd7a6ca1b87c	
UploadFiles/UploadFiles/201908/2019080714284480.png	UploadFiles/UploadFiles/201908/2019080714284480.png	848534	1f2779e7a466e12548cf1282c923623e5680c0a169ca3f351e2cc72923fdbda5	1f2779e7a466e12548cf1282c923623e5680c0a169ca3f351e2cc72923fdbda5	
UploadFiles/UploadFiles/201908/2019080714284481.jpg	UploadFiles/UploadFiles/201908/2019080714284481.jpg	197782	f243eb8f4531ad3e44399deb70a93e3ea988ec1fc9c4d5b19b6e4f7618b4c749	f243eb8f4531ad3e44399deb70a93e3ea988ec1fc9c4d5b19b6e4f7618b4c749	
UploadFiles/UploadFiles/201908/2019080714360069.jpg	UploadFiles/UploadFiles/201908/2019080714360069.jpg	251516	e6b94bd0bece11da554156b7b194910c2f98b27d008feb20753b06375aa5bf60	e6b94bd0bece11da554156b7b194910c2f98b27d008feb20753b06375aa5bf60	
UploadFiles/UploadFiles/201908/2019080714363308.jpg	UploadFiles/UploadFiles/201908/2019080714363308.jpg	152172	ae7ddcd7a91c385e7bcb255d37c363431bb99aa5faf3ff4b6f04e940a14395cc	ae7ddcd7a91c385e7bcb255d37c363431bb99aa5faf3ff4b6f04e940a14395cc	
UploadFiles/UploadFiles/201908/2019080714363399.jpg	UploadFiles/UploadFiles/201908/2019080714363399.jpg	110942	a319df2de60cd885793f89c480fa0dfae1487995e6f833eb72b24dd4a9a727c8	a319df2de60cd885793f89c480fa0dfae1487995e6f833eb72b24dd4a9a727c8	
UploadFiles/UploadFiles/201908/2019080714365811.jpg	UploadFiles/UploadFiles/201908/2019080714365811.jpg	162129	d3827bb9538123960badb5c312a65ffed815eb4a06a84a78d40f61c8ac163141	d3827bb9538123960badb5c312a65ffed815eb4a06a84a78d40f61c8ac163141	
UploadFiles/UploadFiles/201908/2019080714365819.jpg	UploadFiles/UploadFiles/201908/2019080714365819.jpg	141544	8a53d113dc0cd650694db08fd5d4b5b1e1d95d0000d03c69424a0fdd312ac8a2	8a53d113dc0cd650694db08fd5d4b5b1e1d95d0000d03c69424a0fdd312ac8a2	
UploadFiles/UploadFiles/201908/2019080714372475.jpg	UploadFiles/UploadFiles/201908/2019080714372475.jpg	176287	f654d3f71ee4e0a763ba81d1e877db5dd18b27c275b58e8aea70ed138f62a6a9	f654d3f71ee4e0a763ba81d1e877db5dd18b27c275b58e8aea70ed138f62a6a9	
UploadFiles/UploadFiles/201908/2019080714491310.jpg	UploadFiles/UploadFiles/201908/2019080714491310.jpg	112488	84aac8431dbc93c8e977ce210b95a00058f08465d0d9d7712d174dbf283cc028	84aac8431dbc93c8e977ce210b95a00058f08465d0d9d7712d174dbf283cc028	
UploadFiles/UploadFiles/201908/2019080714494953.jpg	UploadFiles/UploadFiles/201908/2019080714494953.jpg	124855	51860b41cda3aeac67c30e829731ee3210c50d7bef33a2c81bda2dd979f5366e	51860b41cda3aeac67c30e829731ee3210c50d7bef33a2c81bda2dd979f5366e	
UploadFiles/UploadFiles/201908/2019080714512737.jpg	UploadFiles/UploadFiles/201908/2019080714512737.jpg	254051	fe4f9d5c496afc41db457ac42c0479ad31d3b31a290d4c108144272e584531ca	fe4f9d5c496afc41db457ac42c0479ad31d3b31a290d4c108144272e584531ca	
UploadFiles/UploadFiles/201908/2019080714512759.jpg	UploadFiles/UploadFiles/201908/2019080714512759.jpg	264059	c1738a45dae3492286f8e299c022e166796227fb013cedbce1c9b4cde1e6ba2e	c1738a45dae3492286f8e299c022e166796227fb013cedbce1c9b4cde1e6ba2e	
UploadFiles/UploadFiles/201908/2019080714512767.jpg	UploadFiles/UploadFiles/201908/2019080714512767.jpg	191377	8294bef65ad3261b32fa343c274f3cf5e5ed744b6d859dd9403d1a2952239a03	8294bef65ad3261b32fa343c274f3cf5e5ed744b6d859dd9403d1a2952239a03	
UploadFiles/UploadFiles/201908/2019080714520118.jpg	UploadFiles/UploadFiles/201908/2019080714520118.jpg	176342	7508c59ce6bbd789c1d0814ea819e661bf6e51f8a4f3f61fd1a67d90bd8f119c	7508c59ce6bbd789c1d0814ea819e661bf6e51f8a4f3f61fd1a67d90bd8f119c	
UploadFiles/UploadFiles/201908/2019080714520119.jpg	UploadFiles/UploadFiles/201908/2019080714520119.jpg	130496	2169034bbea0cbb3117672e3d2bd201a46fb5c8edceba466388a8797def400b9	2169034bbea0cbb3117672e3d2bd201a46fb5c8edceba466388a8797def400b9	
UploadFiles/UploadFiles/201908/2019080714520128.jpg	UploadFiles/UploadFiles/201908/2019080714520128.jpg	150393	eec47b067f4e23c6a1e49e8c710e6d00f6b7c6535100260dc98c2d7844cb8aff	eec47b067f4e23c6a1e49e8c710e6d00f6b7c6535100260dc98c2d7844cb8aff	
UploadFiles/UploadFiles/201908/2019080714520137.jpg	UploadFiles/UploadFiles/201908/2019080714520137.jpg	168235	bfd71f5784dbfc831c0a83e19bac00c38918a1a6019e2e653eff553289c9169a	bfd71f5784dbfc831c0a83e19bac00c38918a1a6019e2e653eff553289c9169a	
UploadFiles/UploadFiles/201908/2019080714520197.jpg	UploadFiles/UploadFiles/201908/2019080714520197.jpg	197453	ff16a8a19edcc13726276d14487df67227826d521281220b37d788f83525707e	ff16a8a19edcc13726276d14487df67227826d521281220b37d788f83525707e	
UploadFiles/UploadFiles/201908/2019080714523589.jpg	UploadFiles/UploadFiles/201908/2019080714523589.jpg	130496	2169034bbea0cbb3117672e3d2bd201a46fb5c8edceba466388a8797def400b9	2169034bbea0cbb3117672e3d2bd201a46fb5c8edceba466388a8797def400b9	
UploadFiles/UploadFiles/201908/2019080714523591.jpg	UploadFiles/UploadFiles/201908/2019080714523591.jpg	176497	aa6bd769b6b38ddd6aad985c8fa081eeaa271a3f496c2dc089b7fc759efc5f1f	aa6bd769b6b38ddd6aad985c8fa081eeaa271a3f496c2dc089b7fc759efc5f1f	
UploadFiles/UploadFiles/201908/2019080714550233.png	UploadFiles/UploadFiles/201908/2019080714550233.png	231561	849cfa6954e3f7bb65bef9a2b1f94358cdddc33d5030b4f782fdf487e9a877fb	849cfa6954e3f7bb65bef9a2b1f94358cdddc33d5030b4f782fdf487e9a877fb	
UploadFiles/UploadFiles/201908/2019080714563140.jpg	UploadFiles/UploadFiles/201908/2019080714563140.jpg	96272	4269815cecd0799053ba03b091e41ccb566bde3c132f04238d080c3e90c1b67f	4269815cecd0799053ba03b091e41ccb566bde3c132f04238d080c3e90c1b67f	
UploadFiles/UploadFiles/201908/2019080714563162.jpg	UploadFiles/UploadFiles/201908/2019080714563162.jpg	131346	4ada4595b9488fea1a871e027dc7d9810e654f54e65e1c99e062b435c5836269	4ada4595b9488fea1a871e027dc7d9810e654f54e65e1c99e062b435c5836269	
UploadFiles/UploadFiles/201908/2019080714563170.jpg	UploadFiles/UploadFiles/201908/2019080714563170.jpg	174177	0ae2e0b0e0090ecd1c444d5c41dbf73da7a90df86fd7a5f69f378ce5c74673fb	0ae2e0b0e0090ecd1c444d5c41dbf73da7a90df86fd7a5f69f378ce5c74673fb	
UploadFiles/UploadFiles/201908/2019080714570500.jpg	UploadFiles/UploadFiles/201908/2019080714570500.jpg	160926	8c0504de4c1dc807fbb757af6c03062f8cf6cc7671bdee972a866a7547c8e4d4	8c0504de4c1dc807fbb757af6c03062f8cf6cc7671bdee972a866a7547c8e4d4	
UploadFiles/UploadFiles/201908/2019080714570561.jpg	UploadFiles/UploadFiles/201908/2019080714570561.jpg	213210	f752253681964a903d0e6ee7888f16749d181c863a7590ed886baeadf1705980	f752253681964a903d0e6ee7888f16749d181c863a7590ed886baeadf1705980	
UploadFiles/UploadFiles/201908/2019080714570576.jpg	UploadFiles/UploadFiles/201908/2019080714570576.jpg	92930	68608c6d0234e871db2b496ae2530eeee995ba4f85bfc72f180ee38943c1c2d3	68608c6d0234e871db2b496ae2530eeee995ba4f85bfc72f180ee38943c1c2d3	
UploadFiles/UploadFiles/201908/2019080714570585.jpg	UploadFiles/UploadFiles/201908/2019080714570585.jpg	105733	c1ee5c1c60a12adb496141f4911e04bc33eb836f4c87115511ea342a1ef4cc02	c1ee5c1c60a12adb496141f4911e04bc33eb836f4c87115511ea342a1ef4cc02	
UploadFiles/UploadFiles/201908/2019080714580044.jpg	UploadFiles/UploadFiles/201908/2019080714580044.jpg	119151	bb942cf7f87f90beebe4ac326e503f6800346ccd42c421d3425fcba0fd14ada2	bb942cf7f87f90beebe4ac326e503f6800346ccd42c421d3425fcba0fd14ada2	
UploadFiles/UploadFiles/201908/2019080714580066.jpg	UploadFiles/UploadFiles/201908/2019080714580066.jpg	190117	4a3512b84b3872024536ee888106a68cea5608482d0e27b6dde715330ae0d82a	4a3512b84b3872024536ee888106a68cea5608482d0e27b6dde715330ae0d82a	
UploadFiles/UploadFiles/201908/2019080714580068.jpg	UploadFiles/UploadFiles/201908/2019080714580068.jpg	161198	9d5e1695984444bded61ab690d3ad382e0b1aa2dbbecb6302f80985aa4a4b401	9d5e1695984444bded61ab690d3ad382e0b1aa2dbbecb6302f80985aa4a4b401	
UploadFiles/UploadFiles/201908/2019080714580083.jpg	UploadFiles/UploadFiles/201908/2019080714580083.jpg	118604	b95f532896fda5e9b019a1b921b762a390236d294a9ccd3aa6f7806fafe5d0af	b95f532896fda5e9b019a1b921b762a390236d294a9ccd3aa6f7806fafe5d0af	
UploadFiles/UploadFiles/201908/2019080714584445.jpg	UploadFiles/UploadFiles/201908/2019080714584445.jpg	138240	5720c7a6ad85d594808ec3db7fb97026f13ffa66aae0dc7e56fc4b0206a89624	5720c7a6ad85d594808ec3db7fb97026f13ffa66aae0dc7e56fc4b0206a89624	
UploadFiles/UploadFiles/201908/2019080714584466.jpg	UploadFiles/UploadFiles/201908/2019080714584466.jpg	157262	6a387495bb1e69a1c329c938231f4f6e81dcb45632e130af1478181ef68d9c1d	6a387495bb1e69a1c329c938231f4f6e81dcb45632e130af1478181ef68d9c1d	
UploadFiles/UploadFiles/201908/2019080714584475.jpg	UploadFiles/UploadFiles/201908/2019080714584475.jpg	145619	42f3865de0ed3475662179029fc512d78c48f1a300e50d88983aa0267b4d1db1	42f3865de0ed3475662179029fc512d78c48f1a300e50d88983aa0267b4d1db1	
UploadFiles/UploadFiles/201908/2019080714584484.jpg	UploadFiles/UploadFiles/201908/2019080714584484.jpg	185943	7c852c4d4002629e0b6de00a52be01dc98dc05b91a4ff1489a92e1c945b23c8e	7c852c4d4002629e0b6de00a52be01dc98dc05b91a4ff1489a92e1c945b23c8e	
UploadFiles/UploadFiles/201908/2019080714594953.jpg	UploadFiles/UploadFiles/201908/2019080714594953.jpg	164691	0349473c02c1f2bf3b071a98d82f2818ffe1489245e6ea911babd65f3b21894c	0349473c02c1f2bf3b071a98d82f2818ffe1489245e6ea911babd65f3b21894c	
UploadFiles/UploadFiles/201908/2019080714594975.jpg	UploadFiles/UploadFiles/201908/2019080714594975.jpg	106301	9ab77a2e2e1a93679d73f66192408718caa9320e54b2376b05784421029cb0a6	9ab77a2e2e1a93679d73f66192408718caa9320e54b2376b05784421029cb0a6	
UploadFiles/UploadFiles/201908/2019080714594983.jpg	UploadFiles/UploadFiles/201908/2019080714594983.jpg	198502	0acce1d3feb157bef3c252c44d2b867b623868dda56a30ecb0deaed1fa8c4d89	0acce1d3feb157bef3c252c44d2b867b623868dda56a30ecb0deaed1fa8c4d89	
UploadFiles/UploadFiles/201908/2019080715002057.jpg	UploadFiles/UploadFiles/201908/2019080715002057.jpg	98737	c35b191b8f55f5a4adf632a22c72f8b5c3316c0cbaca4f0daacdda36799da1ba	c35b191b8f55f5a4adf632a22c72f8b5c3316c0cbaca4f0daacdda36799da1ba	
UploadFiles/UploadFiles/201908/2019080715002065.jpg	UploadFiles/UploadFiles/201908/2019080715002065.jpg	329313	4b02df8244645f61483f2741a297a23531f808731e202ec171d3daf55cd25816	4b02df8244645f61483f2741a297a23531f808731e202ec171d3daf55cd25816	
UploadFiles/UploadFiles/201908/2019080715004425.jpg	UploadFiles/UploadFiles/201908/2019080715004425.jpg	128067	1a6a323ff50d3874b7decba9244117fb56ec8ba8e154253da82f9863fa841dea	1a6a323ff50d3874b7decba9244117fb56ec8ba8e154253da82f9863fa841dea	
UploadFiles/UploadFiles/201908/2019080715005715.jpg	UploadFiles/UploadFiles/201908/2019080715005715.jpg	152967	3d91d5efe41a97a3d2f2db131cade9665e43bec3a332e8b7c8856d9c26addd85	3d91d5efe41a97a3d2f2db131cade9665e43bec3a332e8b7c8856d9c26addd85	
UploadFiles/UploadFiles/201908/2019080715012155.png	UploadFiles/UploadFiles/201908/2019080715012155.png	284353	c5fcd40f3185000454a9d5dfabe1b35898788c477a5b9effcb43131c3c0f84ef	c5fcd40f3185000454a9d5dfabe1b35898788c477a5b9effcb43131c3c0f84ef	
UploadFiles/UploadFiles/201908/2019080909085184.jpg	UploadFiles/UploadFiles/201908/2019080909085184.jpg	105712	08330903fde58efbdbeb210c3a43bf3270679f378ea5bf7cd3fc3de202d93910	08330903fde58efbdbeb210c3a43bf3270679f378ea5bf7cd3fc3de202d93910	
UploadFiles/UploadFiles/201908/2019080909091587.jpg	UploadFiles/UploadFiles/201908/2019080909091587.jpg	144278	9194962afe558f26fbd6e3b707e78d96882f1abca11cdc58affeeb2c582a759d	9194962afe558f26fbd6e3b707e78d96882f1abca11cdc58affeeb2c582a759d	
UploadFiles/UploadFiles/201908/2019080909103938.jpg	UploadFiles/UploadFiles/201908/2019080909103938.jpg	154145	772f894d298c92472c2f31bd88a3db39e449568d26fc35a17526fe993e5eafc3	772f894d298c92472c2f31bd88a3db39e449568d26fc35a17526fe993e5eafc3	
UploadFiles/UploadFiles/201908/2019080909103960.jpg	UploadFiles/UploadFiles/201908/2019080909103960.jpg	124321	3f8d72119c952f8cdc56118aa3f592e0cd42a837a422e346c647a65cdda49336	3f8d72119c952f8cdc56118aa3f592e0cd42a837a422e346c647a65cdda49336	
UploadFiles/UploadFiles/201908/2019080909103968.jpg	UploadFiles/UploadFiles/201908/2019080909103968.jpg	135869	402426c44122015e3a8482dad24913c2fd0aca87424ff81bf36018dae0abf3d5	402426c44122015e3a8482dad24913c2fd0aca87424ff81bf36018dae0abf3d5	
UploadFiles/UploadFiles/201908/2019080909103977.jpg	UploadFiles/UploadFiles/201908/2019080909103977.jpg	152893	ea838dd9aa15456ec7947db393542c01a14b8dddd4b476076e61a34c7d629a7a	ea838dd9aa15456ec7947db393542c01a14b8dddd4b476076e61a34c7d629a7a	
UploadFiles/UploadFiles/201908/2019080909112275.jpg	UploadFiles/UploadFiles/201908/2019080909112275.jpg	147721	79301fec357febeef074db3558f7ec15809d56f31d3220fd04753b88ac85dc12	79301fec357febeef074db3558f7ec15809d56f31d3220fd04753b88ac85dc12	
UploadFiles/UploadFiles/201908/2019080909115101.jpg	UploadFiles/UploadFiles/201908/2019080909115101.jpg	72356	a36dc0e3cf2da2ee899cd788782058bff689470f87313433a4c8232aec4ac397	a36dc0e3cf2da2ee899cd788782058bff689470f87313433a4c8232aec4ac397	
UploadFiles/UploadFiles/201908/2019080909115109.jpg	UploadFiles/UploadFiles/201908/2019080909115109.jpg	69132	44b41fcb3645d2e1891debdd3a3abebac523170799647e0ffb62e75488d80c3a	44b41fcb3645d2e1891debdd3a3abebac523170799647e0ffb62e75488d80c3a	
UploadFiles/UploadFiles/201908/2019080909123901.jpg	UploadFiles/UploadFiles/201908/2019080909123901.jpg	134487	d79a79fdc25f7c073a67af18e1358115e2e2eaee9d8efbe5860cba3159b09756	d79a79fdc25f7c073a67af18e1358115e2e2eaee9d8efbe5860cba3159b09756	
UploadFiles/UploadFiles/201908/2019080909123909.jpg	UploadFiles/UploadFiles/201908/2019080909123909.jpg	142928	1c5d10fb191481526715b628789866273f96394b37fdefb841583645fa70155f	1c5d10fb191481526715b628789866273f96394b37fdefb841583645fa70155f	
UploadFiles/UploadFiles/201908/2019080909123978.jpg	UploadFiles/UploadFiles/201908/2019080909123978.jpg	137540	df2258c062a68a9dc491f06d44b4af05d9e63f35f501fc8bddc5f2c6c1a5ab85	df2258c062a68a9dc491f06d44b4af05d9e63f35f501fc8bddc5f2c6c1a5ab85	
UploadFiles/UploadFiles/201908/2019080909130204.jpg	UploadFiles/UploadFiles/201908/2019080909130204.jpg	130227	221219aa8e6e44019611014f9c7918d466d2537475f9411168b4ee0123e6ddef	221219aa8e6e44019611014f9c7918d466d2537475f9411168b4ee0123e6ddef	
UploadFiles/UploadFiles/201908/2019080909130212.jpg	UploadFiles/UploadFiles/201908/2019080909130212.jpg	82986	1ec5251ed1451d0b0f7be09ed8d8bd5a70e5d77e875589c6fa0d5028c0ee1057	1ec5251ed1451d0b0f7be09ed8d8bd5a70e5d77e875589c6fa0d5028c0ee1057	
UploadFiles/UploadFiles/201908/2019080909201300.jpg	UploadFiles/UploadFiles/201908/2019080909201300.jpg	100940	6af4b65377c7b3695113f0f16f0d92a45b06bf73f00ab0c64ad9eee74d1acc82	6af4b65377c7b3695113f0f16f0d92a45b06bf73f00ab0c64ad9eee74d1acc82	
UploadFiles/UploadFiles/201908/2019080909205790.jpg	UploadFiles/UploadFiles/201908/2019080909205790.jpg	149887	2749081312187d3971207b5fe7b2015f51b53fe966acc1818744d5aa619cd83c	2749081312187d3971207b5fe7b2015f51b53fe966acc1818744d5aa619cd83c	
UploadFiles/UploadFiles/201908/2019080909215425.jpg	UploadFiles/UploadFiles/201908/2019080909215425.jpg	112917	eae926ad6fc37f07d5bf8c9d34fb18b193b683a31521e0c98260cd7aaf7a7eea	eae926ad6fc37f07d5bf8c9d34fb18b193b683a31521e0c98260cd7aaf7a7eea	
UploadFiles/UploadFiles/201908/2019080909220873.jpg	UploadFiles/UploadFiles/201908/2019080909220873.jpg	91361	1a247c5d2c0253d61c14a4b964550c5df2c75d07f048b50acbba62935f245708	1a247c5d2c0253d61c14a4b964550c5df2c75d07f048b50acbba62935f245708	
UploadFiles/UploadFiles/201908/2019080909223073.jpg	UploadFiles/UploadFiles/201908/2019080909223073.jpg	123561	75e129c14b51554ce43b1e96c06b41a842273827b8e5e00086418eb0e647565d	75e129c14b51554ce43b1e96c06b41a842273827b8e5e00086418eb0e647565d	
UploadFiles/UploadFiles/201908/2019080909224673.jpg	UploadFiles/UploadFiles/201908/2019080909224673.jpg	116356	64116a0159204ebee083a5ef950e35c0c57ef01ab6c55b430621823af08a9f1e	64116a0159204ebee083a5ef950e35c0c57ef01ab6c55b430621823af08a9f1e	
UploadFiles/UploadFiles/201908/2019080909230028.jpg	UploadFiles/UploadFiles/201908/2019080909230028.jpg	120130	b9ddaae7e903628b69b53b4b0f9056e7b02d656466dd3b2535412d44256d5651	b9ddaae7e903628b69b53b4b0f9056e7b02d656466dd3b2535412d44256d5651	
UploadFiles/UploadFiles/201908/2019080909232152.jpg	UploadFiles/UploadFiles/201908/2019080909232152.jpg	136161	44b24898268551ad168f0d705bd76358c306869a202f1a7d38cd06e3fbb514c1	44b24898268551ad168f0d705bd76358c306869a202f1a7d38cd06e3fbb514c1	
UploadFiles/UploadFiles/201908/2019080909232160.jpg	UploadFiles/UploadFiles/201908/2019080909232160.jpg	115728	3d0032ca3e40828b4f32e2c57e75aa8173b90d0a658e5698323287bb39152d77	3d0032ca3e40828b4f32e2c57e75aa8173b90d0a658e5698323287bb39152d77	
UploadFiles/UploadFiles/201908/2019080909241009.jpg	UploadFiles/UploadFiles/201908/2019080909241009.jpg	103814	42a49bf6898655521ce8fd7902d3afef7aff89beac7cccd838d89f998b491fb4	42a49bf6898655521ce8fd7902d3afef7aff89beac7cccd838d89f998b491fb4	
UploadFiles/UploadFiles/201908/2019080909241017.jpg	UploadFiles/UploadFiles/201908/2019080909241017.jpg	116747	549757341db0391acb1f3ed8378e97af0664daee968d7d17269fd56a31e34baf	549757341db0391acb1f3ed8378e97af0664daee968d7d17269fd56a31e34baf	
UploadFiles/UploadFiles/201908/2019080909241086.jpg	UploadFiles/UploadFiles/201908/2019080909241086.jpg	92782	329cfad0b1df73016554d2ad053bc91be263259197ced684f92b097639a532e9	329cfad0b1df73016554d2ad053bc91be263259197ced684f92b097639a532e9	
UploadFiles/UploadFiles/201908/2019080909244854.jpg	UploadFiles/UploadFiles/201908/2019080909244854.jpg	88689	be341a0476bb446ebf5a071906234e0bd73c166afcf805288b1b42f9d7c36c41	be341a0476bb446ebf5a071906234e0bd73c166afcf805288b1b42f9d7c36c41	
UploadFiles/UploadFiles/201908/2019080909244862.jpg	UploadFiles/UploadFiles/201908/2019080909244862.jpg	71461	f68abad0088d1274418263aa5bf320e39d087f543dac7e29273509c6153efa54	f68abad0088d1274418263aa5bf320e39d087f543dac7e29273509c6153efa54	
UploadFiles/UploadFiles/201908/2019080909374672.png	UploadFiles/UploadFiles/201908/2019080909374672.png	436239	01ec5d57c68b8aea13b2773d886b24b7780f0a62916934bed2e0965867070373	01ec5d57c68b8aea13b2773d886b24b7780f0a62916934bed2e0965867070373	
UploadFiles/UploadFiles/201908/2019080909382504.png	UploadFiles/UploadFiles/201908/2019080909382504.png	228642	f08b6bec03b5e657945e1d589aaf0bbb26a1a8c2a84a0ab3506d6f77f5364505	f08b6bec03b5e657945e1d589aaf0bbb26a1a8c2a84a0ab3506d6f77f5364505	
UploadFiles/UploadFiles/201908/2019080909382512.png	UploadFiles/UploadFiles/201908/2019080909382512.png	262403	8aa8fe84bcea0d610cebb7edbb4afde243588777917fc4426505175703b1d330	8aa8fe84bcea0d610cebb7edbb4afde243588777917fc4426505175703b1d330	
UploadFiles/UploadFiles/201908/2019080909395333.jpg	UploadFiles/UploadFiles/201908/2019080909395333.jpg	144278	9194962afe558f26fbd6e3b707e78d96882f1abca11cdc58affeeb2c582a759d	9194962afe558f26fbd6e3b707e78d96882f1abca11cdc58affeeb2c582a759d	
UploadFiles/UploadFiles/201908/2019080909401375.jpg	UploadFiles/UploadFiles/201908/2019080909401375.jpg	75257	8735183840f8550cf071e40f3cbc3da63eab600e81dcc03ffe1a56b4978dabe6	8735183840f8550cf071e40f3cbc3da63eab600e81dcc03ffe1a56b4978dabe6	
UploadFiles/UploadFiles/201908/2019080909405405.jpg	UploadFiles/UploadFiles/201908/2019080909405405.jpg	89471	c3b168511429b589cf07f7b4463d902520db388235e566fd57533746e0b1be1d	c3b168511429b589cf07f7b4463d902520db388235e566fd57533746e0b1be1d	
UploadFiles/UploadFiles/201908/2019080909405413.jpg	UploadFiles/UploadFiles/201908/2019080909405413.jpg	119022	f832116e13a3ec26a04019402eb241603547c8a9b210f074838656e09a8125c0	f832116e13a3ec26a04019402eb241603547c8a9b210f074838656e09a8125c0	
UploadFiles/UploadFiles/201908/2019080909411491.png	UploadFiles/UploadFiles/201908/2019080909411491.png	191629	6fb194b5b2aea0ef03f7e6ebf730d88625cc85eb1fb2f66f8a9cfda7e6ce35c7	6fb194b5b2aea0ef03f7e6ebf730d88625cc85eb1fb2f66f8a9cfda7e6ce35c7	
UploadFiles/UploadFiles/201908/2019080909412910.png	UploadFiles/UploadFiles/201908/2019080909412910.png	229561	1ca7979ae50a353a9ce54c278e3cb6e6cc64f110df47d2e212daf1c39d49c085	1ca7979ae50a353a9ce54c278e3cb6e6cc64f110df47d2e212daf1c39d49c085	
UploadFiles/UploadFiles/201908/2019080909473338.jpg	UploadFiles/UploadFiles/201908/2019080909473338.jpg	163649	7430dc2a6baeefbcc8b832555b5791bad9f9f18715ca64a8a425747fffbd85de	7430dc2a6baeefbcc8b832555b5791bad9f9f18715ca64a8a425747fffbd85de	
UploadFiles/UploadFiles/201908/2019080909481500.jpg	UploadFiles/UploadFiles/201908/2019080909481500.jpg	136255	36cb7aaf212c9f18fc1c85a16a499d732cfa87199d6b572dfa8d8d89296ec4dc	36cb7aaf212c9f18fc1c85a16a499d732cfa87199d6b572dfa8d8d89296ec4dc	
UploadFiles/UploadFiles/201908/2019080909481591.jpg	UploadFiles/UploadFiles/201908/2019080909481591.jpg	93421	76a68a687192279f3594d5fe068100ca45ac1334dbbd684904ba169b12567ef6	76a68a687192279f3594d5fe068100ca45ac1334dbbd684904ba169b12567ef6	
UploadFiles/UploadFiles/201908/2019080909491171.jpg	UploadFiles/UploadFiles/201908/2019080909491171.jpg	99630	2ed6a743eea6b3ace1fe102bc214f597049cfb454c2db515a028d0bac2b030ad	2ed6a743eea6b3ace1fe102bc214f597049cfb454c2db515a028d0bac2b030ad	
UploadFiles/UploadFiles/201908/2019080909491179.jpg	UploadFiles/UploadFiles/201908/2019080909491179.jpg	127776	6aee5caffaf73d5774c7ace229b0cd5609bea0f7c44b205600d78414068fa387	6aee5caffaf73d5774c7ace229b0cd5609bea0f7c44b205600d78414068fa387	
UploadFiles/UploadFiles/201908/2019080909513757.jpg	UploadFiles/UploadFiles/201908/2019080909513757.jpg	127004	9ce5ac687bd76f55b1cd3210d68f524881e2cb88cda5b27c37cbf9edcd681e4f	9ce5ac687bd76f55b1cd3210d68f524881e2cb88cda5b27c37cbf9edcd681e4f	
UploadFiles/UploadFiles/201908/2019080909513758.jpg	UploadFiles/UploadFiles/201908/2019080909513758.jpg	121667	ce65c22dee976ad4b105c7dc6592c4fe1d19e0f21d1925fa97f9f6c68cdc515a	ce65c22dee976ad4b105c7dc6592c4fe1d19e0f21d1925fa97f9f6c68cdc515a	
UploadFiles/UploadFiles/201908/2019080909513780.jpg	UploadFiles/UploadFiles/201908/2019080909513780.jpg	138202	8e8e24eac6e498d51d30b58bdf92add754981328c4beaf422da9178477202139	8e8e24eac6e498d51d30b58bdf92add754981328c4beaf422da9178477202139	
UploadFiles/UploadFiles/201908/2019080909513797.jpg	UploadFiles/UploadFiles/201908/2019080909513797.jpg	96681	2193039cc30f223b24c78978d8a4e64f1c0baca3d365d79d0d54950d7722a029	2193039cc30f223b24c78978d8a4e64f1c0baca3d365d79d0d54950d7722a029	
UploadFiles/UploadFiles/201908/2019080909521215.jpg	UploadFiles/UploadFiles/201908/2019080909521215.jpg	102641	a75262ab0d1835ff815a9e98df2ef2408f1bce7eb39d2672534c40c017613073	a75262ab0d1835ff815a9e98df2ef2408f1bce7eb39d2672534c40c017613073	
UploadFiles/UploadFiles/201908/2019080909521217.jpg	UploadFiles/UploadFiles/201908/2019080909521217.jpg	175871	5de79191b79fdf1e722c30eda99fb88639021b8e45327c1bd4f31a19d3e73bb2	5de79191b79fdf1e722c30eda99fb88639021b8e45327c1bd4f31a19d3e73bb2	
UploadFiles/UploadFiles/201908/2019080909521292.jpg	UploadFiles/UploadFiles/201908/2019080909521292.jpg	182178	2b08232abc8e41cbebea704fcca9e07b071a25992f8062d28dda52cd5b08df31	2b08232abc8e41cbebea704fcca9e07b071a25992f8062d28dda52cd5b08df31	
UploadFiles/UploadFiles/201908/2019080910031668.jpg	UploadFiles/UploadFiles/201908/2019080910031668.jpg	110227	4a0c370cff520e9a987e7c2359f91243754ca7e9729e059fc3016743bdeb6464	4a0c370cff520e9a987e7c2359f91243754ca7e9729e059fc3016743bdeb6464	
UploadFiles/UploadFiles/201908/2019080910035633.jpg	UploadFiles/UploadFiles/201908/2019080910035633.jpg	76564	3559e0b56f34707129ce7ad69ec82cdebbe98a6d2f4fd70097615e4a41b922fd	3559e0b56f34707129ce7ad69ec82cdebbe98a6d2f4fd70097615e4a41b922fd	
UploadFiles/UploadFiles/201908/2019080910043887.jpg	UploadFiles/UploadFiles/201908/2019080910043887.jpg	105332	5fc586e6de24c46826edf6f7185b0cadcef3c5b3b6b99a8c790e08af0bf78524	5fc586e6de24c46826edf6f7185b0cadcef3c5b3b6b99a8c790e08af0bf78524	
UploadFiles/UploadFiles/201908/2019080910043895.jpg	UploadFiles/UploadFiles/201908/2019080910043895.jpg	82684	d3f06245a4276925d8c7aef1e942a423ccce6a403854e9d4dd790497ef78469a	d3f06245a4276925d8c7aef1e942a423ccce6a403854e9d4dd790497ef78469a	
UploadFiles/UploadFiles/201908/2019080910045813.jpg	UploadFiles/UploadFiles/201908/2019080910045813.jpg	164801	dbb0b2679d5f4eed9b811dd268b4cc7d3730ef19655d483d90c92ba996cb4f7f	dbb0b2679d5f4eed9b811dd268b4cc7d3730ef19655d483d90c92ba996cb4f7f	
UploadFiles/UploadFiles/201908/2019080910051266.jpg	UploadFiles/UploadFiles/201908/2019080910051266.jpg	177908	004a7d0065338434b10242b7a4801874f5576376fd383d74d6fbe18f3f97a376	004a7d0065338434b10242b7a4801874f5576376fd383d74d6fbe18f3f97a376	
UploadFiles/UploadFiles/201908/2019080910102454.jpg	UploadFiles/UploadFiles/201908/2019080910102454.jpg	104379	f7e824f89ef2e46934cbb3d7093ef112de248c9f29b4d45bdebdec6c99e7dae2	f7e824f89ef2e46934cbb3d7093ef112de248c9f29b4d45bdebdec6c99e7dae2	
UploadFiles/UploadFiles/201908/2019080910114644.jpg	UploadFiles/UploadFiles/201908/2019080910114644.jpg	113494	29cfe5fb0ef5013adca6451bb6fe1056bf6eae72ecc6a3a4eea735a1d1f7c93c	29cfe5fb0ef5013adca6451bb6fe1056bf6eae72ecc6a3a4eea735a1d1f7c93c	
UploadFiles/UploadFiles/201908/2019080910122135.jpg	UploadFiles/UploadFiles/201908/2019080910122135.jpg	82230	c4a82800d96513a3a93893281691fb760871069cd1d6777a3f81007c044e14be	c4a82800d96513a3a93893281691fb760871069cd1d6777a3f81007c044e14be	
UploadFiles/UploadFiles/201908/2019080910125384.jpg	UploadFiles/UploadFiles/201908/2019080910125384.jpg	87770	072dea0affa600cc1f4f3e1d12cb111ca98efaa54c9800919d51144f6585de33	072dea0affa600cc1f4f3e1d12cb111ca98efaa54c9800919d51144f6585de33	
UploadFiles/UploadFiles/201908/2019080910141783.jpg	UploadFiles/UploadFiles/201908/2019080910141783.jpg	78570	f1102f3fe396539bad5d533b2ad0b6defb4ca01b4e78f8228bded9df4dcab488	f1102f3fe396539bad5d533b2ad0b6defb4ca01b4e78f8228bded9df4dcab488	
UploadFiles/UploadFiles/201908/2019080910151434.jpg	UploadFiles/UploadFiles/201908/2019080910151434.jpg	76052	9b7037997556551b599d7d00b06905784fd8cb60aaa26da2351e7bbb7d581534	9b7037997556551b599d7d00b06905784fd8cb60aaa26da2351e7bbb7d581534	
UploadFiles/UploadFiles/201908/2019080910151454.jpg	UploadFiles/UploadFiles/201908/2019080910151454.jpg	89399	766cae678be781927b92ac9f92bcaed7cdd432bbb0bb355144cef003f4805293	766cae678be781927b92ac9f92bcaed7cdd432bbb0bb355144cef003f4805293	
UploadFiles/UploadFiles/201908/2019080910151456.jpg	UploadFiles/UploadFiles/201908/2019080910151456.jpg	69195	3f3130099863a470bea782c59def8da24fe8a3b04619873be8f6c365002b0933	3f3130099863a470bea782c59def8da24fe8a3b04619873be8f6c365002b0933	
UploadFiles/UploadFiles/201908/2019080910151464.jpg	UploadFiles/UploadFiles/201908/2019080910151464.jpg	150127	c92f50ba1b78f4bf1ac8dfa6408ba40aeccee1e760e8e3434fa817a5d91b1d31	c92f50ba1b78f4bf1ac8dfa6408ba40aeccee1e760e8e3434fa817a5d91b1d31	
UploadFiles/UploadFiles/201908/2019080910151473.jpg	UploadFiles/UploadFiles/201908/2019080910151473.jpg	78439	2cd76e15657cc8eedb0fb47f727a44022630824b0933b0fdd3c44be2d2a5795d	2cd76e15657cc8eedb0fb47f727a44022630824b0933b0fdd3c44be2d2a5795d	
UploadFiles/UploadFiles/201908/2019080910160642.jpg	UploadFiles/UploadFiles/201908/2019080910160642.jpg	100062	c04cc5b450c65d14486a8db27419eac38b405d13198383ab5b95cc52aeea4166	c04cc5b450c65d14486a8db27419eac38b405d13198383ab5b95cc52aeea4166	
UploadFiles/UploadFiles/201908/2019080910160650.jpg	UploadFiles/UploadFiles/201908/2019080910160650.jpg	73983	a370c43138d7b03f6a3a55888c1ab74c4f8a0780e902cbaa5335b89d37bb97fe	a370c43138d7b03f6a3a55888c1ab74c4f8a0780e902cbaa5335b89d37bb97fe	
UploadFiles/UploadFiles/201908/2019080910164880.jpg	UploadFiles/UploadFiles/201908/2019080910164880.jpg	169456	1cfe56cfa50253bc73efc24c3cb17646a35aee5aedc1e457177eaa9c423abc76	1cfe56cfa50253bc73efc24c3cb17646a35aee5aedc1e457177eaa9c423abc76	
UploadFiles/UploadFiles/201908/2019080910271920.jpg	UploadFiles/UploadFiles/201908/2019080910271920.jpg	127053	549763545e8227e0a6f1bfbfa17dcb702c022faca785f0e42f2abe5bde2278a9	549763545e8227e0a6f1bfbfa17dcb702c022faca785f0e42f2abe5bde2278a9	
UploadFiles/UploadFiles/201908/2019080910271941.jpg	UploadFiles/UploadFiles/201908/2019080910271941.jpg	86296	a0a5bba79049431491501e1c67e26aae7cf4685ba80e67eb342197a7e2206a77	a0a5bba79049431491501e1c67e26aae7cf4685ba80e67eb342197a7e2206a77	
UploadFiles/UploadFiles/201908/2019080910271950.jpg	UploadFiles/UploadFiles/201908/2019080910271950.jpg	113917	b76949ae444d7dd8a8ddf9871f05dc4536515edee8678dcbbb33ef1a144cb539	b76949ae444d7dd8a8ddf9871f05dc4536515edee8678dcbbb33ef1a144cb539	
UploadFiles/UploadFiles/201908/2019080910281959.jpg	UploadFiles/UploadFiles/201908/2019080910281959.jpg	181883	48ae23e3499fcf1bacba1b6874b6d1f66e12be9353044ad3e2f1b1d3f9e092ba	48ae23e3499fcf1bacba1b6874b6d1f66e12be9353044ad3e2f1b1d3f9e092ba	
UploadFiles/UploadFiles/201908/2019080910281981.jpg	UploadFiles/UploadFiles/201908/2019080910281981.jpg	103589	df9d87054a7895b1b8398ac3ab51284d5115ca7954a167ec22300636e42b5700	df9d87054a7895b1b8398ac3ab51284d5115ca7954a167ec22300636e42b5700	
UploadFiles/UploadFiles/201908/2019080910281983.jpg	UploadFiles/UploadFiles/201908/2019080910281983.jpg	182069	a2a4e2dce2ec1f7b163d631dd8380e1642d7fd9d7df78e77405b56d6bed746e3	a2a4e2dce2ec1f7b163d631dd8380e1642d7fd9d7df78e77405b56d6bed746e3	
UploadFiles/UploadFiles/201908/2019080910281998.jpg	UploadFiles/UploadFiles/201908/2019080910281998.jpg	163697	60d2eb271f8e2a11cfb40b070ec3628f6a1877c561e93606685666531b3530a3	60d2eb271f8e2a11cfb40b070ec3628f6a1877c561e93606685666531b3530a3	
UploadFiles/UploadFiles/201908/2019080910290840.jpg	UploadFiles/UploadFiles/201908/2019080910290840.jpg	159431	8058e6f515807b7a3dd2dd2b45a1881dc4eb28bbb92a131887e9d9920ba96544	8058e6f515807b7a3dd2dd2b45a1881dc4eb28bbb92a131887e9d9920ba96544	
UploadFiles/UploadFiles/201908/2019080910293902.jpg	UploadFiles/UploadFiles/201908/2019080910293902.jpg	88928	e4e73644bec774eb76c9d6001c8fc601cdeee19b1e06d51e8b19478b51b539d7	e4e73644bec774eb76c9d6001c8fc601cdeee19b1e06d51e8b19478b51b539d7	
UploadFiles/UploadFiles/201908/2019080910293949.jpg	UploadFiles/UploadFiles/201908/2019080910293949.jpg	132690	a3afe13036b263df90ad13218f8c8583345ca543af734fec138329dac8149842	a3afe13036b263df90ad13218f8c8583345ca543af734fec138329dac8149842	
UploadFiles/UploadFiles/201908/2019080910302918.jpg	UploadFiles/UploadFiles/201908/2019080910302918.jpg	130336	453799bfdcf35db3b37f25df24c41d8d7406d79290119ba95c03417eee2fd3c5	453799bfdcf35db3b37f25df24c41d8d7406d79290119ba95c03417eee2fd3c5	
UploadFiles/UploadFiles/201908/2019080910302939.jpg	UploadFiles/UploadFiles/201908/2019080910302939.jpg	111625	d44176aae1495859429b5c9f450d7b363f3f1bf39526b66bcfeebfbc69bfd030	d44176aae1495859429b5c9f450d7b363f3f1bf39526b66bcfeebfbc69bfd030	
UploadFiles/UploadFiles/201908/2019080910302948.jpg	UploadFiles/UploadFiles/201908/2019080910302948.jpg	74892	27feae344f7752f353c4415e5c284e885ae4b2da53786bf518d921638c606dcb	27feae344f7752f353c4415e5c284e885ae4b2da53786bf518d921638c606dcb	
UploadFiles/UploadFiles/201908/2019080910302957.jpg	UploadFiles/UploadFiles/201908/2019080910302957.jpg	71867	c2602f6d117e83016b8ab444e2ffbba9a3339ff1941b3d4d501db713cb9e67bd	c2602f6d117e83016b8ab444e2ffbba9a3339ff1941b3d4d501db713cb9e67bd	
UploadFiles/UploadFiles/201908/2019080910310337.jpg	UploadFiles/UploadFiles/201908/2019080910310337.jpg	211343	6881a917eeadfa4c08b63df25d369c2f98a4cc001dd06ed2c820421eff463862	6881a917eeadfa4c08b63df25d369c2f98a4cc001dd06ed2c820421eff463862	
UploadFiles/UploadFiles/201908/2019080910363726.jpg	UploadFiles/UploadFiles/201908/2019080910363726.jpg	186926	ee550dd8adf5302dcea94d219f886a2d41a87c43802a456bdaa52fa4d8bb7feb	ee550dd8adf5302dcea94d219f886a2d41a87c43802a456bdaa52fa4d8bb7feb	
UploadFiles/UploadFiles/201908/2019080910370736.jpg	UploadFiles/UploadFiles/201908/2019080910370736.jpg	162969	68d177ebf2c5f55b4a877e20c6297c8fe86bcd192d309b13c1bbeafe8f17f6cf	68d177ebf2c5f55b4a877e20c6297c8fe86bcd192d309b13c1bbeafe8f17f6cf	
UploadFiles/UploadFiles/201908/2019080910374722.jpg	UploadFiles/UploadFiles/201908/2019080910374722.jpg	193750	9c638c4d686bd0e452574b16087d306a4f3b3c8ef661864e31ccfa3a3a0f7d6a	9c638c4d686bd0e452574b16087d306a4f3b3c8ef661864e31ccfa3a3a0f7d6a	
UploadFiles/UploadFiles/201908/2019080910374743.jpg	UploadFiles/UploadFiles/201908/2019080910374743.jpg	99847	4fb83066d6abfd956dc3a58350689118e53c380228e2ecde63d0c7c6125f2804	4fb83066d6abfd956dc3a58350689118e53c380228e2ecde63d0c7c6125f2804	
UploadFiles/UploadFiles/201908/2019080910374744.jpg	UploadFiles/UploadFiles/201908/2019080910374744.jpg	179790	2689b00f178acaf8e2562261979bbe8bc16f86e14e3ba01108fccc8fafeaac26	2689b00f178acaf8e2562261979bbe8bc16f86e14e3ba01108fccc8fafeaac26	
UploadFiles/UploadFiles/201908/2019080910374752.jpg	UploadFiles/UploadFiles/201908/2019080910374752.jpg	112282	95bd912702a0709a2de81cdad6bfaa8570cacec4e701f49384a128b5569cdc78	95bd912702a0709a2de81cdad6bfaa8570cacec4e701f49384a128b5569cdc78	
UploadFiles/UploadFiles/201908/2019080910374761.jpg	UploadFiles/UploadFiles/201908/2019080910374761.jpg	140897	6c1c723456e63681b4997ecb4255da3d95b03d72d0aae989b76061f401326a7a	6c1c723456e63681b4997ecb4255da3d95b03d72d0aae989b76061f401326a7a	
UploadFiles/UploadFiles/201908/2019080910381857.jpg	UploadFiles/UploadFiles/201908/2019080910381857.jpg	170614	80eb93eda57eab376558491c6f11f7bc33c5f52c22dec2e8c9744c60b0756d34	80eb93eda57eab376558491c6f11f7bc33c5f52c22dec2e8c9744c60b0756d34	
UploadFiles/UploadFiles/201908/2019080910385241.jpg	UploadFiles/UploadFiles/201908/2019080910385241.jpg	139248	7bde1962824b2a57cee1a644cae41ae961a1fa9e68ea0bee4b2740f22bc06c6e	7bde1962824b2a57cee1a644cae41ae961a1fa9e68ea0bee4b2740f22bc06c6e	
UploadFiles/UploadFiles/201908/2019080910385263.jpg	UploadFiles/UploadFiles/201908/2019080910385263.jpg	207307	aa38735e5645c16d99b30a1542b4bda960682c15ed7e581200417e43b995b9b0	aa38735e5645c16d99b30a1542b4bda960682c15ed7e581200417e43b995b9b0	
UploadFiles/UploadFiles/201908/2019080910385271.jpg	UploadFiles/UploadFiles/201908/2019080910385271.jpg	171795	7c73a31a0a0f84412c6039cda43cb556e8c6092e2d453e3e552a2411b25a5887	7c73a31a0a0f84412c6039cda43cb556e8c6092e2d453e3e552a2411b25a5887	
UploadFiles/UploadFiles/201908/2019080910390840.jpg	UploadFiles/UploadFiles/201908/2019080910390840.jpg	179891	f042ee645caecdf9ab1303684ec0b7dac4efb16fec01e91a215c1edfe0c753cc	f042ee645caecdf9ab1303684ec0b7dac4efb16fec01e91a215c1edfe0c753cc	
UploadFiles/UploadFiles/201908/2019080910392237.jpg	UploadFiles/UploadFiles/201908/2019080910392237.jpg	152791	52b842e6522f8146cb8be8fb50dc2150feb927d3d9c12e9ef13649becfcb0a63	52b842e6522f8146cb8be8fb50dc2150feb927d3d9c12e9ef13649becfcb0a63	
UploadFiles/UploadFiles/201908/2019080910393786.jpg	UploadFiles/UploadFiles/201908/2019080910393786.jpg	145311	f1b2e638ac10ab8bf7ea1df95ffed72ad524c7c3132baaa108b624996c7ddb1d	f1b2e638ac10ab8bf7ea1df95ffed72ad524c7c3132baaa108b624996c7ddb1d	
UploadFiles/UploadFiles/201908/2019080910402323.jpg	UploadFiles/UploadFiles/201908/2019080910402323.jpg	153258	3cf8b35414005c0f9b14237216a4fb5ab74e95f7341583b501f7db5a4473a273	3cf8b35414005c0f9b14237216a4fb5ab74e95f7341583b501f7db5a4473a273	
UploadFiles/UploadFiles/201908/2019080910404264.jpg	UploadFiles/UploadFiles/201908/2019080910404264.jpg	161959	d15b7efb196324d0f16d66d642971837af8df06824da2f4e3f86fe51f789da15	d15b7efb196324d0f16d66d642971837af8df06824da2f4e3f86fe51f789da15	
UploadFiles/UploadFiles/201908/2019080910414331.jpg	UploadFiles/UploadFiles/201908/2019080910414331.jpg	115107	bb2cae2fb02abe6e9f39eb40c0065954bf29c9a77edcf5131969b14049cf7fa7	bb2cae2fb02abe6e9f39eb40c0065954bf29c9a77edcf5131969b14049cf7fa7	
UploadFiles/UploadFiles/201908/2019080910414334.jpg	UploadFiles/UploadFiles/201908/2019080910414334.jpg	173448	03eab2afa82e0286c9a5dd3d76221734dc7b24c9fb2aa169b7d198b43d458f0a	03eab2afa82e0286c9a5dd3d76221734dc7b24c9fb2aa169b7d198b43d458f0a	
UploadFiles/UploadFiles/201908/2019080910414342.jpg	UploadFiles/UploadFiles/201908/2019080910414342.jpg	170941	8a3de8f9f9aaf0a388ddd450353c636b591027a5c763354e6c081e1a0e91868c	8a3de8f9f9aaf0a388ddd450353c636b591027a5c763354e6c081e1a0e91868c	
UploadFiles/UploadFiles/201908/2019080910414370.jpg	UploadFiles/UploadFiles/201908/2019080910414370.jpg	219358	498b427bbdc006dfc8c598c46e2348c159247d4705f41793cc42a4c1e487fb74	498b427bbdc006dfc8c598c46e2348c159247d4705f41793cc42a4c1e487fb74	
UploadFiles/UploadFiles/201908/2019080910422763.jpg	UploadFiles/UploadFiles/201908/2019080910422763.jpg	168356	7f6f1a5e16ea9913f73089e4acfe59580769be97867a9ffa833a98a922bf071e	7f6f1a5e16ea9913f73089e4acfe59580769be97867a9ffa833a98a922bf071e	
UploadFiles/UploadFiles/201908/2019080910422785.jpg	UploadFiles/UploadFiles/201908/2019080910422785.jpg	168628	9add77a680fdf2c1d68fafc5abd0485cae8818c43d0fdd28692ac4109494ef44	9add77a680fdf2c1d68fafc5abd0485cae8818c43d0fdd28692ac4109494ef44	
UploadFiles/UploadFiles/201908/2019080910422793.jpg	UploadFiles/UploadFiles/201908/2019080910422793.jpg	173975	cc856d47a2b79f9d5d74005bb68da4609c4add313257e425999bf7b658597afc	cc856d47a2b79f9d5d74005bb68da4609c4add313257e425999bf7b658597afc	
UploadFiles/UploadFiles/201908/2019080910501723.jpg	UploadFiles/UploadFiles/201908/2019080910501723.jpg	182486	0000471f2bdcc49cf6750614290efce49b43bed7126aa44549716eb784e7bedb	0000471f2bdcc49cf6750614290efce49b43bed7126aa44549716eb784e7bedb	
UploadFiles/UploadFiles/201908/2019080910510686.jpg	UploadFiles/UploadFiles/201908/2019080910510686.jpg	171225	2ec957bd51d96aa1ec2964eeac9709836a91d1d61f56a642a31283cc3b7549af	2ec957bd51d96aa1ec2964eeac9709836a91d1d61f56a642a31283cc3b7549af	
UploadFiles/UploadFiles/201908/2019080910512046.jpg	UploadFiles/UploadFiles/201908/2019080910512046.jpg	115697	d378e91623ecbbe43f6a2dc36b882a40c5b02f0a56f9978f811ee8447690f500	d378e91623ecbbe43f6a2dc36b882a40c5b02f0a56f9978f811ee8447690f500	
UploadFiles/UploadFiles/201908/2019080910513627.jpg	UploadFiles/UploadFiles/201908/2019080910513627.jpg	107404	3a9b7a26d080f95443c83c4bf833aa3408864001b672e57b5d328a23c2a7cc45	3a9b7a26d080f95443c83c4bf833aa3408864001b672e57b5d328a23c2a7cc45	
UploadFiles/UploadFiles/201908/2019080910521916.jpg	UploadFiles/UploadFiles/201908/2019080910521916.jpg	152715	83b0c92a6b833bee3c87a4ad1c70011fae9e4f22ef14d7fa30878a58e32ad561	83b0c92a6b833bee3c87a4ad1c70011fae9e4f22ef14d7fa30878a58e32ad561	
UploadFiles/UploadFiles/201908/2019080910521938.jpg	UploadFiles/UploadFiles/201908/2019080910521938.jpg	147304	c2279ef09a85d659bac4f090e1fe8a224180259a9198a8ad99f3b7604189dfb4	c2279ef09a85d659bac4f090e1fe8a224180259a9198a8ad99f3b7604189dfb4	
UploadFiles/UploadFiles/201908/2019080910521946.jpg	UploadFiles/UploadFiles/201908/2019080910521946.jpg	134722	47e3620ba5f84576aa2014da3377711d6202a7b051c0ead5b4415b4e0c39e65b	47e3620ba5f84576aa2014da3377711d6202a7b051c0ead5b4415b4e0c39e65b	
UploadFiles/UploadFiles/201908/2019080910521956.jpg	UploadFiles/UploadFiles/201908/2019080910521956.jpg	148309	5b79a5288e6bb0af8ddbb65738616e8398d930ec390beb4d5e514c792c5e29ee	5b79a5288e6bb0af8ddbb65738616e8398d930ec390beb4d5e514c792c5e29ee	
UploadFiles/UploadFiles/201908/2019080910534114.jpg	UploadFiles/UploadFiles/201908/2019080910534114.jpg	148022	d989a637297d9363341fc659b2ab36c0fd588e1e04af1fd717d3881eec95ed5b	d989a637297d9363341fc659b2ab36c0fd588e1e04af1fd717d3881eec95ed5b	
UploadFiles/UploadFiles/201908/2019080910534117.jpg	UploadFiles/UploadFiles/201908/2019080910534117.jpg	171370	af0c560620735ed38b7151510350be939a466ca67cf667c0f4c6afe5b284dff3	af0c560620735ed38b7151510350be939a466ca67cf667c0f4c6afe5b284dff3	
UploadFiles/UploadFiles/201908/2019080910534135.jpg	UploadFiles/UploadFiles/201908/2019080910534135.jpg	142032	81e8e6ed61a8dacecb8d0e8523625ea0491ad23eb1c27da43d10ce45a306dcbb	81e8e6ed61a8dacecb8d0e8523625ea0491ad23eb1c27da43d10ce45a306dcbb	
UploadFiles/UploadFiles/201908/2019080910534136.jpg	UploadFiles/UploadFiles/201908/2019080910534136.jpg	148791	92e681157320eff9e4ba7e4d1e33974667f66c136c807744f95cb2bd7f5345b3	92e681157320eff9e4ba7e4d1e33974667f66c136c807744f95cb2bd7f5345b3	
UploadFiles/UploadFiles/201908/2019080910534144.jpg	UploadFiles/UploadFiles/201908/2019080910534144.jpg	168585	5287b96cdb5fb8db7ba215509e7cbe159aeebf6cc5100a5d5455f056009cb13f	5287b96cdb5fb8db7ba215509e7cbe159aeebf6cc5100a5d5455f056009cb13f	
UploadFiles/UploadFiles/201908/2019080910534153.jpg	UploadFiles/UploadFiles/201908/2019080910534153.jpg	141138	ac89a2f4587bdcbcc86273b76f9f679b2f8d1190f7099f9cc1048e7a5a187160	ac89a2f4587bdcbcc86273b76f9f679b2f8d1190f7099f9cc1048e7a5a187160	
UploadFiles/UploadFiles/201908/2019080910535618.jpg	UploadFiles/UploadFiles/201908/2019080910535618.jpg	129379	3ec102e563b8d581854a23463d60062693d2f802b2af221a46c39196c416f14a	3ec102e563b8d581854a23463d60062693d2f802b2af221a46c39196c416f14a	
UploadFiles/UploadFiles/201908/2019080910541047.jpg	UploadFiles/UploadFiles/201908/2019080910541047.jpg	125768	ead3c3ea7701f7d423fa31137b96c275f327cce9ea446ddbd783aa3a268f7c12	ead3c3ea7701f7d423fa31137b96c275f327cce9ea446ddbd783aa3a268f7c12	
UploadFiles/UploadFiles/201908/2019080910542381.jpg	UploadFiles/UploadFiles/201908/2019080910542381.jpg	124958	d0bf99ffa1846763222c029f09a095dcd071740ffe1f9097261dafbe5911f07a	d0bf99ffa1846763222c029f09a095dcd071740ffe1f9097261dafbe5911f07a	
UploadFiles/UploadFiles/201908/2019080910550151.jpg	UploadFiles/UploadFiles/201908/2019080910550151.jpg	281675	17cfb0e99d80f771f5b509baded1d4307d70a12b19faa7aa59caf632990e9523	17cfb0e99d80f771f5b509baded1d4307d70a12b19faa7aa59caf632990e9523	
UploadFiles/UploadFiles/201908/2019080911024572.png	UploadFiles/UploadFiles/201908/2019080911024572.png	316303	9fa05c7403e99f77c9bb02cbcb888d0bd34d7fb0a7d65c641e149b45325ecb16	9fa05c7403e99f77c9bb02cbcb888d0bd34d7fb0a7d65c641e149b45325ecb16	
UploadFiles/UploadFiles/201908/2019080911030913.jpg	UploadFiles/UploadFiles/201908/2019080911030913.jpg	116019	62ef7a0bd29ed49b08317b2912f4ffa903d615e614887f3e84ed9c1315e39706	62ef7a0bd29ed49b08317b2912f4ffa903d615e614887f3e84ed9c1315e39706	
UploadFiles/UploadFiles/201908/2019080911032594.jpg	UploadFiles/UploadFiles/201908/2019080911032594.jpg	132816	1f92fec11c77b251bbcfe556ad62f9829aba419106f236244bb3403c288d8e1e	1f92fec11c77b251bbcfe556ad62f9829aba419106f236244bb3403c288d8e1e	
UploadFiles/UploadFiles/201908/2019080911033543.jpg	UploadFiles/UploadFiles/201908/2019080911033543.jpg	79080	39ccd9cb43f2947fed6926ab5ae5a28df1c282f703af661a5a952b83f4b47e37	39ccd9cb43f2947fed6926ab5ae5a28df1c282f703af661a5a952b83f4b47e37	
UploadFiles/UploadFiles/201908/2019080911034853.jpg	UploadFiles/UploadFiles/201908/2019080911034853.jpg	103039	48cf9202e2fb34405c3ec977f0edbe0860ae6c7b8757f78fcc433d1fce9f7da7	48cf9202e2fb34405c3ec977f0edbe0860ae6c7b8757f78fcc433d1fce9f7da7	
UploadFiles/UploadFiles/201908/2019080911040321.jpg	UploadFiles/UploadFiles/201908/2019080911040321.jpg	107411	2359a4f82c7982731d7096572abf60c774ac20d8aa35b62aff975d220a960024	2359a4f82c7982731d7096572abf60c774ac20d8aa35b62aff975d220a960024	
UploadFiles/UploadFiles/201908/2019080911041292.jpg	UploadFiles/UploadFiles/201908/2019080911041292.jpg	112238	a57a8de604e737c39bccce5c319c8588f06149ef1b5c01fda18ce00c17137555	a57a8de604e737c39bccce5c319c8588f06149ef1b5c01fda18ce00c17137555	
UploadFiles/UploadFiles/201908/2019080911042135.jpg	UploadFiles/UploadFiles/201908/2019080911042135.jpg	113750	9dc9ed250decf259e54b26a160d626c798cfb042e0ddbf19f0d8c69aa9b52b53	9dc9ed250decf259e54b26a160d626c798cfb042e0ddbf19f0d8c69aa9b52b53	
UploadFiles/UploadFiles/201908/2019080911043178.jpg	UploadFiles/UploadFiles/201908/2019080911043178.jpg	111428	d767fc48a82b3416cb39445506ba8c39811d9aedd4eb210cde72ce191bd345e7	d767fc48a82b3416cb39445506ba8c39811d9aedd4eb210cde72ce191bd345e7	
UploadFiles/UploadFiles/201908/2019080911044195.jpg	UploadFiles/UploadFiles/201908/2019080911044195.jpg	87509	ed1d782b9dfc1e12974771e99e30a61ddaee0a4f47d3360cab7f4e0085bea88f	ed1d782b9dfc1e12974771e99e30a61ddaee0a4f47d3360cab7f4e0085bea88f	
UploadFiles/UploadFiles/201908/2019080911045139.jpg	UploadFiles/UploadFiles/201908/2019080911045139.jpg	101328	a49f0e2c21453e9687309929e650a9d7e7fc12e0a1b728d0ff2e61f6df4cedf0	a49f0e2c21453e9687309929e650a9d7e7fc12e0a1b728d0ff2e61f6df4cedf0	
UploadFiles/UploadFiles/201908/2019080911050176.jpg	UploadFiles/UploadFiles/201908/2019080911050176.jpg	110611	299c62a8e410b1c6adbdaa4119b81d630d2bea775237d505575c7a7ceee32300	299c62a8e410b1c6adbdaa4119b81d630d2bea775237d505575c7a7ceee32300	
UploadFiles/UploadFiles/201908/2019080911051566.jpg	UploadFiles/UploadFiles/201908/2019080911051566.jpg	77947	a565e0d0ff7c69bc6650973bdb40e0918ac3d2f0fe171f5b71053236a499375e	a565e0d0ff7c69bc6650973bdb40e0918ac3d2f0fe171f5b71053236a499375e	
UploadFiles/UploadFiles/201908/2019080911052465.jpg	UploadFiles/UploadFiles/201908/2019080911052465.jpg	115835	7bc2d403bb044ea1234d21db8fc02a14ff6829a20be6aded86351d7210bb08c0	7bc2d403bb044ea1234d21db8fc02a14ff6829a20be6aded86351d7210bb08c0	
UploadFiles/UploadFiles/201908/2019080911053381.jpg	UploadFiles/UploadFiles/201908/2019080911053381.jpg	113655	bf3925370a66ba2315bde0b1ca7ffc3713527555418e42105f545b21a353e35c	bf3925370a66ba2315bde0b1ca7ffc3713527555418e42105f545b21a353e35c	
UploadFiles/UploadFiles/201908/2019080911064600.jpg	UploadFiles/UploadFiles/201908/2019080911064600.jpg	126339	60d359fa3bf01ff06c8c25f2fa72ebab58083fe306289515f19a6adc764a6c7c	60d359fa3bf01ff06c8c25f2fa72ebab58083fe306289515f19a6adc764a6c7c	
UploadFiles/UploadFiles/201908/2019080911065996.jpg	UploadFiles/UploadFiles/201908/2019080911065996.jpg	110637	e29f1b7015b317272cc04d3e5ab99ac93b0e18410cdc600f2e6eafb520964d3a	e29f1b7015b317272cc04d3e5ab99ac93b0e18410cdc600f2e6eafb520964d3a	
UploadFiles/UploadFiles/201908/2019080912381375.jpg	UploadFiles/UploadFiles/201908/2019080912381375.jpg	99600	a27f073a0c47e471a897e884be6746d9d6137dacec88e6b5cbcabf1dc6312177	a27f073a0c47e471a897e884be6746d9d6137dacec88e6b5cbcabf1dc6312177	
UploadFiles/UploadFiles/201908/2019080912385402.jpg	UploadFiles/UploadFiles/201908/2019080912385402.jpg	77185	ba1cbc5694b743e282d2cfe5ba89838008a6744538b81912abc7bef663c69951	ba1cbc5694b743e282d2cfe5ba89838008a6744538b81912abc7bef663c69951	
UploadFiles/UploadFiles/201908/2019080912385462.jpg	UploadFiles/UploadFiles/201908/2019080912385462.jpg	99600	a27f073a0c47e471a897e884be6746d9d6137dacec88e6b5cbcabf1dc6312177	a27f073a0c47e471a897e884be6746d9d6137dacec88e6b5cbcabf1dc6312177	
UploadFiles/UploadFiles/201908/2019080912385483.jpg	UploadFiles/UploadFiles/201908/2019080912385483.jpg	76567	e88805a5dae018520db39262c3f4e65e6bc472130ed9ed0992ac229f951e5fd3	e88805a5dae018520db39262c3f4e65e6bc472130ed9ed0992ac229f951e5fd3	
UploadFiles/UploadFiles/201908/2019080912385484.jpg	UploadFiles/UploadFiles/201908/2019080912385484.jpg	107593	e21804b831bdfc095b7b5163d14d63df0918ec5eadec55cc9a09eb83e3144c10	e21804b831bdfc095b7b5163d14d63df0918ec5eadec55cc9a09eb83e3144c10	
UploadFiles/UploadFiles/201908/2019080912385492.jpg	UploadFiles/UploadFiles/201908/2019080912385492.jpg	148326	f24f37aa025ff5ba305bd6ba91f304022c059ef2e4b4e233629a330352852823	f24f37aa025ff5ba305bd6ba91f304022c059ef2e4b4e233629a330352852823	
UploadFiles/UploadFiles/201908/2019080912391447.jpg	UploadFiles/UploadFiles/201908/2019080912391447.jpg	92965	2f6f861c240f726309cc0178d65d94ba4f5d9868df85ed12ca9b189d3c60f011	2f6f861c240f726309cc0178d65d94ba4f5d9868df85ed12ca9b189d3c60f011	
UploadFiles/UploadFiles/201908/2019080912393362.png	UploadFiles/UploadFiles/201908/2019080912393362.png	1235821	eebab88b1e0e375b20969ac33d19c25925ba09d37101a37b23982f40cfb37724	eebab88b1e0e375b20969ac33d19c25925ba09d37101a37b23982f40cfb37724	
UploadFiles/UploadFiles/201908/2019080912393364.jpg	UploadFiles/UploadFiles/201908/2019080912393364.jpg	252376	21eb9b7ee39960a4481d1e1cea500334c85e7bbf8321f6c95a47fd9099c0cf5e	21eb9b7ee39960a4481d1e1cea500334c85e7bbf8321f6c95a47fd9099c0cf5e	
UploadFiles/UploadFiles/201908/2019080912401923.png	UploadFiles/UploadFiles/201908/2019080912401923.png	911152	92666a7377d804bdb50b5a35a277af4f32f61b18f23c572d6c4ed521a0bb66ff	92666a7377d804bdb50b5a35a277af4f32f61b18f23c572d6c4ed521a0bb66ff	
UploadFiles/UploadFiles/201908/2019080912401931.png	UploadFiles/UploadFiles/201908/2019080912401931.png	1047974	ff360f8af9fdaf7c627ab8cb5a9509b190ea9a0e32faecaf67a11636268ffb1f	ff360f8af9fdaf7c627ab8cb5a9509b190ea9a0e32faecaf67a11636268ffb1f	
UploadFiles/UploadFiles/201908/2019080912405984.jpg	UploadFiles/UploadFiles/201908/2019080912405984.jpg	178059	c2e659434ee59f048d12a980cd944b82653e04953ecc059fa8af5ae72657f3a6	c2e659434ee59f048d12a980cd944b82653e04953ecc059fa8af5ae72657f3a6	
UploadFiles/UploadFiles/201908/2019080912413445.jpg	UploadFiles/UploadFiles/201908/2019080912413445.jpg	151412	d792c737987ef4868ebb6d64282b960f2d39bf633d3d2ea0a49dc2ce3326707d	d792c737987ef4868ebb6d64282b960f2d39bf633d3d2ea0a49dc2ce3326707d	
UploadFiles/UploadFiles/201908/2019080912413467.jpg	UploadFiles/UploadFiles/201908/2019080912413467.jpg	207039	a1de950d578f5bee20176b6ee41a01f6dd69057e7aec76b19fb6e5c97682a6e9	a1de950d578f5bee20176b6ee41a01f6dd69057e7aec76b19fb6e5c97682a6e9	
UploadFiles/UploadFiles/201908/2019080912413475.jpg	UploadFiles/UploadFiles/201908/2019080912413475.jpg	166181	2f6d5b0de0f9ed67c7ddde5ed1b5cffd7710747c43f773c0560d2e3b800285ce	2f6d5b0de0f9ed67c7ddde5ed1b5cffd7710747c43f773c0560d2e3b800285ce	
UploadFiles/UploadFiles/201908/2019080912421733.jpg	UploadFiles/UploadFiles/201908/2019080912421733.jpg	190243	a0fda68352ab24eb6bd9d944f8e28b7bdbf376201ec4d5ad8361eb8bf1cd2ba5	a0fda68352ab24eb6bd9d944f8e28b7bdbf376201ec4d5ad8361eb8bf1cd2ba5	
UploadFiles/UploadFiles/201908/2019080912421754.jpg	UploadFiles/UploadFiles/201908/2019080912421754.jpg	197618	e5e5183e195e4c7986dd8c5d6c88b18d74628650a77b598064a8e7daf84efea8	e5e5183e195e4c7986dd8c5d6c88b18d74628650a77b598064a8e7daf84efea8	
UploadFiles/UploadFiles/201908/2019080912421763.jpg	UploadFiles/UploadFiles/201908/2019080912421763.jpg	149305	1ddfc09cbbfe7100a998d96fc72bd9f426734f5429712b348cf6bc8c009c915a	1ddfc09cbbfe7100a998d96fc72bd9f426734f5429712b348cf6bc8c009c915a	
UploadFiles/UploadFiles/201908/2019080912421772.jpg	UploadFiles/UploadFiles/201908/2019080912421772.jpg	168275	8369c11821709406a5f125bbd7d82fd37f40247ee54b06bcc8a8fea030888af4	8369c11821709406a5f125bbd7d82fd37f40247ee54b06bcc8a8fea030888af4	
UploadFiles/UploadFiles/201908/2019080912424307.jpg	UploadFiles/UploadFiles/201908/2019080912424307.jpg	136051	5305c6d2459c1fe7afdbb820c6c881a8a722fd5c4a465ed64eca862260a744e7	5305c6d2459c1fe7afdbb820c6c881a8a722fd5c4a465ed64eca862260a744e7	
UploadFiles/UploadFiles/201908/2019080912424329.jpg	UploadFiles/UploadFiles/201908/2019080912424329.jpg	207021	f448cba7d1f786797e0af5c983ca76fa2f56b1f5611255b0b78cad8d2956b96e	f448cba7d1f786797e0af5c983ca76fa2f56b1f5611255b0b78cad8d2956b96e	
UploadFiles/UploadFiles/201908/2019080912424331.jpg	UploadFiles/UploadFiles/201908/2019080912424331.jpg	173400	c0817e52bf049997f469dd70e7bd763cb8876ba3188d75273c5502dbce70d903	c0817e52bf049997f469dd70e7bd763cb8876ba3188d75273c5502dbce70d903	
UploadFiles/UploadFiles/201908/2019080912424347.jpg	UploadFiles/UploadFiles/201908/2019080912424347.jpg	153826	969446abdc945fb4822ca0daa9324f8a4f0371e1a16d44d7a1fdb5f42cc3c8e1	969446abdc945fb4822ca0daa9324f8a4f0371e1a16d44d7a1fdb5f42cc3c8e1	
UploadFiles/UploadFiles/201908/2019080912430438.jpg	UploadFiles/UploadFiles/201908/2019080912430438.jpg	170174	d9fc1472f7e6aeeb2afa1ff83b4918a99f4177d52468e1167b95fe8efc1f7324	d9fc1472f7e6aeeb2afa1ff83b4918a99f4177d52468e1167b95fe8efc1f7324	
UploadFiles/UploadFiles/201908/2019080912430460.jpg	UploadFiles/UploadFiles/201908/2019080912430460.jpg	156886	80e8f7454625f107568df1f377ad03da5b0216a6a2abf6abc5fb72b4f93b1918	80e8f7454625f107568df1f377ad03da5b0216a6a2abf6abc5fb72b4f93b1918	
UploadFiles/UploadFiles/201908/2019080912430468.jpg	UploadFiles/UploadFiles/201908/2019080912430468.jpg	167701	bb05ae3dde0eac13bce7d2800900dd514a5cf3205f5c657da6c994c2e92b9472	bb05ae3dde0eac13bce7d2800900dd514a5cf3205f5c657da6c994c2e92b9472	
UploadFiles/UploadFiles/201908/2019080912431663.jpg	UploadFiles/UploadFiles/201908/2019080912431663.jpg	183045	f33cb8a91a62de25cc57bda628ee868af487b49b77351da875d4c43cf743c0c4	f33cb8a91a62de25cc57bda628ee868af487b49b77351da875d4c43cf743c0c4	
UploadFiles/UploadFiles/201908/2019081914422799.jpg	UploadFiles/UploadFiles/201908/2019081914422799.jpg	95256	ae46780caf20308714ed70e9d2fba482f79a4863556309fbb3ca03c157f26a23	ae46780caf20308714ed70e9d2fba482f79a4863556309fbb3ca03c157f26a23	
UploadFiles/UploadFiles/201908/2019081914445271.jpg	UploadFiles/UploadFiles/201908/2019081914445271.jpg	272664	abf10fb0655db1bd8f6926aebd3a442599750b526cc16d588381c5d725e0d74d	abf10fb0655db1bd8f6926aebd3a442599750b526cc16d588381c5d725e0d74d	
UploadFiles/UploadFiles/201908/2019081914453362.jpg	UploadFiles/UploadFiles/201908/2019081914453362.jpg	184801	da5fa4577948f203f710d10caade646533ec51e0967ec0bf3ecc3b54ea9c628e	da5fa4577948f203f710d10caade646533ec51e0967ec0bf3ecc3b54ea9c628e	
UploadFiles/UploadFiles/201908/2019081914455040.jpg	UploadFiles/UploadFiles/201908/2019081914455040.jpg	189934	b1ba12b7d368a6d20635eea246383919a3542d817b408c608aeb2e92cc0f0d12	b1ba12b7d368a6d20635eea246383919a3542d817b408c608aeb2e92cc0f0d12	
UploadFiles/UploadFiles/201908/2019081914461642.jpg	UploadFiles/UploadFiles/201908/2019081914461642.jpg	164592	5eba0bb0fa3d34de49671cc7dc5c280fda84f8a165f76119cb113f69d0132f1f	5eba0bb0fa3d34de49671cc7dc5c280fda84f8a165f76119cb113f69d0132f1f	
UploadFiles/UploadFiles/201908/2019081914461651.jpg	UploadFiles/UploadFiles/201908/2019081914461651.jpg	325723	bf60a96c12d1d14b3c97516a6740caaf2955aabad344070127ac27dee5a6ace5	bf60a96c12d1d14b3c97516a6740caaf2955aabad344070127ac27dee5a6ace5	
UploadFiles/UploadFiles/201908/2019081914463365.jpg	UploadFiles/UploadFiles/201908/2019081914463365.jpg	166418	5bc92a09e4a8f41f581d60046ccef9f5250d430cf390828cdc36bfccb64e6f58	5bc92a09e4a8f41f581d60046ccef9f5250d430cf390828cdc36bfccb64e6f58	
UploadFiles/UploadFiles/201908/2019081914522967.jpg	UploadFiles/UploadFiles/201908/2019081914522967.jpg	163874	8a577cfb0dec36660078f83d5647caf56559b8d4cc5563b8a45a463ad737688f	8a577cfb0dec36660078f83d5647caf56559b8d4cc5563b8a45a463ad737688f	
UploadFiles/UploadFiles/201908/2019081914522989.jpg	UploadFiles/UploadFiles/201908/2019081914522989.jpg	178749	81fbad5570b043c95d6cfe151460c716c6ef3db2543804de0a8200f3f274e753	81fbad5570b043c95d6cfe151460c716c6ef3db2543804de0a8200f3f274e753	
UploadFiles/UploadFiles/201908/2019081914522997.jpg	UploadFiles/UploadFiles/201908/2019081914522997.jpg	230824	c452d46c9bb415ecbf5458bf02f2d60faa5eb16871874857eb42aeba0b8caba4	c452d46c9bb415ecbf5458bf02f2d60faa5eb16871874857eb42aeba0b8caba4	
UploadFiles/UploadFiles/201908/2019081914525965.jpg	UploadFiles/UploadFiles/201908/2019081914525965.jpg	142917	4f26df2dc41c7206f96262b1e472b72af7f892c12f6f4b027a2dc23ed576c275	4f26df2dc41c7206f96262b1e472b72af7f892c12f6f4b027a2dc23ed576c275	
UploadFiles/UploadFiles/201908/2019081914525987.jpg	UploadFiles/UploadFiles/201908/2019081914525987.jpg	145264	1fa90e8bf3097e76545711ec144ad201fda8344ee245ca4c8e1a3c621acea049	1fa90e8bf3097e76545711ec144ad201fda8344ee245ca4c8e1a3c621acea049	
UploadFiles/UploadFiles/201908/2019081914525995.jpg	UploadFiles/UploadFiles/201908/2019081914525995.jpg	173974	52724facde9437ed5a1ca4853db8dea738e3b78500742a7c53af3400312ecb58	52724facde9437ed5a1ca4853db8dea738e3b78500742a7c53af3400312ecb58	
UploadFiles/UploadFiles/201908/2019081915031663.jpg	UploadFiles/UploadFiles/201908/2019081915031663.jpg	333184	3f943beca58b594c43ff636e0bacf765c08c52b8496e6121a47a07ddc10a6437	3f943beca58b594c43ff636e0bacf765c08c52b8496e6121a47a07ddc10a6437	
UploadFiles/UploadFiles/201908/2019081915031672.jpg	UploadFiles/UploadFiles/201908/2019081915031672.jpg	689212	4840517e5468fac404f9a3aa2f36c7f196c7baf657b63d4b4170de5f5dc7af07	4840517e5468fac404f9a3aa2f36c7f196c7baf657b63d4b4170de5f5dc7af07	
UploadFiles/UploadFiles/201908/2019081915035303.jpg	UploadFiles/UploadFiles/201908/2019081915035303.jpg	376308	f65621ce6f333aa14f6704f734cde616cd71540f658ca44f95f3aff49b303079	f65621ce6f333aa14f6704f734cde616cd71540f658ca44f95f3aff49b303079	
UploadFiles/UploadFiles/201908/2019081915043874.jpg	UploadFiles/UploadFiles/201908/2019081915043874.jpg	425082	7dce09cdb893b83175f04ba1310a2ec48320d89da6c0175883d2932f4225ef7f	7dce09cdb893b83175f04ba1310a2ec48320d89da6c0175883d2932f4225ef7f	
UploadFiles/UploadFiles/201908/2019081915060298.jpg	UploadFiles/UploadFiles/201908/2019081915060298.jpg	3980024	e2af9ab71eee8563cabb195dce2222f0ed5184f5fef38ea81c4e741632820d91	e2af9ab71eee8563cabb195dce2222f0ed5184f5fef38ea81c4e741632820d91	
UploadFiles/UploadFiles/201908/2019081915093891.jpg	UploadFiles/UploadFiles/201908/2019081915093891.jpg	387523	8fdd918e111ebdcb4ccf94d1121ea807412ec42792689bfca09a3ac05d7215eb	8fdd918e111ebdcb4ccf94d1121ea807412ec42792689bfca09a3ac05d7215eb	
UploadFiles/UploadFiles/201908/2019081915101869.jpg	UploadFiles/UploadFiles/201908/2019081915101869.jpg	340291	265dd12514c56156da424d98aec069e1120ecff871fba928745d96bb6f55c6eb	265dd12514c56156da424d98aec069e1120ecff871fba928745d96bb6f55c6eb	
UploadFiles/UploadFiles/201908/2019081915104456.jpg	UploadFiles/UploadFiles/201908/2019081915104456.jpg	203522	ab41cfd85843a73b68331d75d13b68748052c846faf52f67fd9089bfb77e1a3d	ab41cfd85843a73b68331d75d13b68748052c846faf52f67fd9089bfb77e1a3d	
UploadFiles/UploadFiles/201908/2019082111030421.jpg	UploadFiles/UploadFiles/201908/2019082111030421.jpg	4111150	5a304e86d56a24efac6db07c4e9597d06897357d70eecb218de272f74df2be01	5a304e86d56a24efac6db07c4e9597d06897357d70eecb218de272f74df2be01	
UploadFiles/UploadFiles/201908/2019082314231777.png	UploadFiles/UploadFiles/201908/2019082314231777.png	63738	760444fb960a7da8cab37bbe1ce5da02ba88ef668b6b0ead585ecef0ab45d8d2	760444fb960a7da8cab37bbe1ce5da02ba88ef668b6b0ead585ecef0ab45d8d2	
UploadFiles/UploadFiles/201908/2019082410020820.jpg	UploadFiles/UploadFiles/201908/2019082410020820.jpg	167095	374cbeab4d3b74dab27884c53a2560fd12f902060c6c73d5bfcd334838c37227	374cbeab4d3b74dab27884c53a2560fd12f902060c6c73d5bfcd334838c37227	
UploadFiles/UploadFiles/201908/2019082413585726.jpg	UploadFiles/UploadFiles/201908/2019082413585726.jpg	53201	e1e52b3daa72e81bd0959eb6a1de0b2eabd14b24757ba43fdbab91d569a0966e	e1e52b3daa72e81bd0959eb6a1de0b2eabd14b24757ba43fdbab91d569a0966e	
UploadFiles/UploadFiles/201908/2019082613395931.jpg	UploadFiles/UploadFiles/201908/2019082613395931.jpg	174832	0ff08d58b42c2d613a707fc47192bc270b90eb6b8defd4e69ee136abb19af4f9	0ff08d58b42c2d613a707fc47192bc270b90eb6b8defd4e69ee136abb19af4f9	
UploadFiles/UploadFiles/201908/2019082613395947.jpg	UploadFiles/UploadFiles/201908/2019082613395947.jpg	85618	60d8f71c8e87b47a8858dbe4cba28db947be52c9a536f08ae64af04cb52cd1ac	60d8f71c8e87b47a8858dbe4cba28db947be52c9a536f08ae64af04cb52cd1ac	
UploadFiles/UploadFiles/201908/2019082613395952.jpg	UploadFiles/UploadFiles/201908/2019082613395952.jpg	143478	ae4592e7392bd92da64b766fe05eb342b5ef62a457e0493e2d0d743842ed5b66	ae4592e7392bd92da64b766fe05eb342b5ef62a457e0493e2d0d743842ed5b66	
UploadFiles/UploadFiles/201908/2019082613395955.jpg	UploadFiles/UploadFiles/201908/2019082613395955.jpg	57526	eb67851e1afce70a28f3aa944ecf2c06f14b51ff3d79e854e82d99ac8fac5cef	eb67851e1afce70a28f3aa944ecf2c06f14b51ff3d79e854e82d99ac8fac5cef	
UploadFiles/UploadFiles/201908/2019082613395970.jpg	UploadFiles/UploadFiles/201908/2019082613395970.jpg	45887	77c6f6c829157b1709bbf4a63fb154673daca3f4a8dbd08611322caa92b7c9ca	77c6f6c829157b1709bbf4a63fb154673daca3f4a8dbd08611322caa92b7c9ca	
UploadFiles/UploadFiles/201908/2019082613403541.jpg	UploadFiles/UploadFiles/201908/2019082613403541.jpg	141235	c1c55922228071654d5a2b6e49755387b6ff348c3bc70a7c07e7275010a8724b	c1c55922228071654d5a2b6e49755387b6ff348c3bc70a7c07e7275010a8724b	
UploadFiles/UploadFiles/201908/2019082613403563.jpg	UploadFiles/UploadFiles/201908/2019082613403563.jpg	45634	75db8def3954c943a6b395d71c85edfa21bb18d089b09ff3f27940257c132e55	75db8def3954c943a6b395d71c85edfa21bb18d089b09ff3f27940257c132e55	
UploadFiles/UploadFiles/201908/2019082613403571.jpg	UploadFiles/UploadFiles/201908/2019082613403571.jpg	171646	39331c9bed91e01f18149f30ee60ffb425af201ce6da8db361f5dda6a4b89ea0	39331c9bed91e01f18149f30ee60ffb425af201ce6da8db361f5dda6a4b89ea0	
UploadFiles/UploadFiles/201908/2019082613403580.jpg	UploadFiles/UploadFiles/201908/2019082613403580.jpg	170895	79931bf40f5622fa11fcfb131c808b1b2ff486a3eb982019a0f37a6836848547	79931bf40f5622fa11fcfb131c808b1b2ff486a3eb982019a0f37a6836848547	
UploadFiles/UploadFiles/201908/2019082614083373.jpg	UploadFiles/UploadFiles/201908/2019082614083373.jpg	409141	4f7add0533a3352c1619684e56f189762af3c4e5883a8b5e661da968afcbc23a	4f7add0533a3352c1619684e56f189762af3c4e5883a8b5e661da968afcbc23a	
UploadFiles/UploadFiles/201908/2019082614091132.jpg	UploadFiles/UploadFiles/201908/2019082614091132.jpg	187206	85a4016f78580e11c6f6d5e3675bb98e0caceebf2711ed421b1137c1202a26dc	85a4016f78580e11c6f6d5e3675bb98e0caceebf2711ed421b1137c1202a26dc	
UploadFiles/UploadFiles/201908/2019082614091154.jpg	UploadFiles/UploadFiles/201908/2019082614091154.jpg	249897	1c0c5a12d3f3488044d6e744fcf1ee34bd869cb864be86d75388cae5d86d9b3d	1c0c5a12d3f3488044d6e744fcf1ee34bd869cb864be86d75388cae5d86d9b3d	
UploadFiles/UploadFiles/201908/2019082614091162.jpg	UploadFiles/UploadFiles/201908/2019082614091162.jpg	559766	a569e316c307d9774c41b9559acd4002a4dd1501a997ff91c75d5a16cf70a03a	a569e316c307d9774c41b9559acd4002a4dd1501a997ff91c75d5a16cf70a03a	
UploadFiles/UploadFiles/201908/2019082614091171.jpg	UploadFiles/UploadFiles/201908/2019082614091171.jpg	158622	9ad9eef8f5ff7c5addacef07ae2e89c10c8d42fdab7fb3c6d68745bcb59f855c	9ad9eef8f5ff7c5addacef07ae2e89c10c8d42fdab7fb3c6d68745bcb59f855c	
UploadFiles/UploadFiles/201908/2019082614101000.jpg	UploadFiles/UploadFiles/201908/2019082614101000.jpg	185452	8cb7ae2bdc72376d5d635cfee52d810f3c98c2fc7b281357a2062b98361ff169	8cb7ae2bdc72376d5d635cfee52d810f3c98c2fc7b281357a2062b98361ff169	
UploadFiles/UploadFiles/201908/2019082614102404.jpg	UploadFiles/UploadFiles/201908/2019082614102404.jpg	193447	34ebc4fcc7649742104771929f580bdb554e4f20562e76a4470742d24da11762	34ebc4fcc7649742104771929f580bdb554e4f20562e76a4470742d24da11762	
UploadFiles/UploadFiles/201908/2019082614105994.jpg	UploadFiles/UploadFiles/201908/2019082614105994.jpg	183100	027278276d34f1fcc0a440460d69ccc9335858c3b02c6d557e7a539f2932ac70	027278276d34f1fcc0a440460d69ccc9335858c3b02c6d557e7a539f2932ac70	
UploadFiles/UploadFiles/201908/2019082614113967.jpg	UploadFiles/UploadFiles/201908/2019082614113967.jpg	275689	879ff935fc9d4f550c16721428085a81bc2425bce0686a32e9386236f9cc511e	879ff935fc9d4f550c16721428085a81bc2425bce0686a32e9386236f9cc511e	
UploadFiles/UploadFiles/201908/2019082614121332.jpg	UploadFiles/UploadFiles/201908/2019082614121332.jpg	686744	3bd041a73d5de08830744a82f659d1ee9721614147967fbf6cda741e3d46dce3	3bd041a73d5de08830744a82f659d1ee9721614147967fbf6cda741e3d46dce3	
UploadFiles/UploadFiles/201908/2019082614124141.jpg	UploadFiles/UploadFiles/201908/2019082614124141.jpg	397446	37adf3e62012283d283668d5e114304a196160a78aa466043a700eee44035102	37adf3e62012283d283668d5e114304a196160a78aa466043a700eee44035102	
UploadFiles/UploadFiles/201908/2019082614124169.jpg	UploadFiles/UploadFiles/201908/2019082614124169.jpg	258973	2baea71ca3934213d78da600a178e1b86c537efde1446783cf3c9a2246c58f0c	2baea71ca3934213d78da600a178e1b86c537efde1446783cf3c9a2246c58f0c	
UploadFiles/UploadFiles/201908/2019082614124177.jpg	UploadFiles/UploadFiles/201908/2019082614124177.jpg	478254	e8c889ffc69ec9cc37eff2995ab8a9b8069c56e42280cf750c19fb2f9d6c0af2	e8c889ffc69ec9cc37eff2995ab8a9b8069c56e42280cf750c19fb2f9d6c0af2	
UploadFiles/UploadFiles/201908/2019082614124180.jpg	UploadFiles/UploadFiles/201908/2019082614124180.jpg	188977	7b18dcdc6a805340e9418e6e8abeef49d71aa5476f1a4cb9947999dc8a4cc64e	7b18dcdc6a805340e9418e6e8abeef49d71aa5476f1a4cb9947999dc8a4cc64e	
UploadFiles/UploadFiles/201908/2019082614560558.jpg	UploadFiles/UploadFiles/201908/2019082614560558.jpg	169359	9141a8d38f0d34bd5ee05ef12cb7249a26cd1c9d6893bc47b95242ff351ae565	9141a8d38f0d34bd5ee05ef12cb7249a26cd1c9d6893bc47b95242ff351ae565	
UploadFiles/UploadFiles/201908/2019082614570332.jpg	UploadFiles/UploadFiles/201908/2019082614570332.jpg	214089	59c889d56500524f0a02451677fcf8a6dd5ff10b63a40d2df30b692f2355a2f0	59c889d56500524f0a02451677fcf8a6dd5ff10b63a40d2df30b692f2355a2f0	
UploadFiles/UploadFiles/201908/2019082614573147.jpg	UploadFiles/UploadFiles/201908/2019082614573147.jpg	221167	ebefd9cbef3af390fbd120a9a94cda6f2057afc7a1229ae308b3c05db035f42f	ebefd9cbef3af390fbd120a9a94cda6f2057afc7a1229ae308b3c05db035f42f	
UploadFiles/UploadFiles/201908/2019082614580896.jpg	UploadFiles/UploadFiles/201908/2019082614580896.jpg	107425	9938ff8669aebc8c7ad2cc66588a98cf8eee79dc4ccd34622ef2e4c6acffbe77	9938ff8669aebc8c7ad2cc66588a98cf8eee79dc4ccd34622ef2e4c6acffbe77	
UploadFiles/UploadFiles/201908/2019082614583003.jpg	UploadFiles/UploadFiles/201908/2019082614583003.jpg	109402	f0b6f0604c441c34501ad8e55ae7a1ae0a94e487bf8be60015cee56945561513	f0b6f0604c441c34501ad8e55ae7a1ae0a94e487bf8be60015cee56945561513	
UploadFiles/UploadFiles/201908/2019082614583094.jpg	UploadFiles/UploadFiles/201908/2019082614583094.jpg	184469	fe0ba8f76ba8e6978a5ccf5b94edb3919ee1e372dbc2f02893f28a9deaa1913a	fe0ba8f76ba8e6978a5ccf5b94edb3919ee1e372dbc2f02893f28a9deaa1913a	
UploadFiles/UploadFiles/201908/2019082614585392.jpg	UploadFiles/UploadFiles/201908/2019082614585392.jpg	152537	a4b56f2aa8b2669d8308c873ad26f54c3af882764c4ce7a07b0ff94c74c81bf2	a4b56f2aa8b2669d8308c873ad26f54c3af882764c4ce7a07b0ff94c74c81bf2	
UploadFiles/UploadFiles/201908/2019082615111966.jpg	UploadFiles/UploadFiles/201908/2019082615111966.jpg	278477	9a57e66ce2ff8a225911781124da87484600c19fe379dafa0e1913ec5553b118	9a57e66ce2ff8a225911781124da87484600c19fe379dafa0e1913ec5553b118	
UploadFiles/UploadFiles/201908/2019082615111988.jpg	UploadFiles/UploadFiles/201908/2019082615111988.jpg	312900	e87cbd9c76805fab286fd309881b00adaa79e569075839c76d3d9b378413fe23	e87cbd9c76805fab286fd309881b00adaa79e569075839c76d3d9b378413fe23	
UploadFiles/UploadFiles/201908/2019082615111996.jpg	UploadFiles/UploadFiles/201908/2019082615111996.jpg	262857	f80caf421c90a3550f67b6160b2b70f099c28f5ff4903964b0f23672b2a16da4	f80caf421c90a3550f67b6160b2b70f099c28f5ff4903964b0f23672b2a16da4	
UploadFiles/UploadFiles/201908/2019082615313107.jpg	UploadFiles/UploadFiles/201908/2019082615313107.jpg	895911	0a6091447198c8f28e7a2088cb825b983299b47f0d5c1bb934560c0b70cc1619	0a6091447198c8f28e7a2088cb825b983299b47f0d5c1bb934560c0b70cc1619	
UploadFiles/UploadFiles/201908/2019082615315559.jpg	UploadFiles/UploadFiles/201908/2019082615315559.jpg	919790	5e08da2317c6657ee4a29781946a95f40d004f1b6200f6fd4f4ac25991e294d1	5e08da2317c6657ee4a29781946a95f40d004f1b6200f6fd4f4ac25991e294d1	
UploadFiles/UploadFiles/201908/2019082615322050.jpg	UploadFiles/UploadFiles/201908/2019082615322050.jpg	895911	0a6091447198c8f28e7a2088cb825b983299b47f0d5c1bb934560c0b70cc1619	0a6091447198c8f28e7a2088cb825b983299b47f0d5c1bb934560c0b70cc1619	
UploadFiles/UploadFiles/201908/2019082615585226.jpg	UploadFiles/UploadFiles/201908/2019082615585226.jpg	119680	69c1a8e7a434f3085631299e1e89354f5e8e8f4a0ab399f48d8c153681fe8d0e	69c1a8e7a434f3085631299e1e89354f5e8e8f4a0ab399f48d8c153681fe8d0e	
UploadFiles/UploadFiles/201908/2019082615592690.jpg	UploadFiles/UploadFiles/201908/2019082615592690.jpg	137731	71dd076f4dca06dee81dea7971c6e0b879b5c1558c9b5c8d69824eb6755f4e1b	71dd076f4dca06dee81dea7971c6e0b879b5c1558c9b5c8d69824eb6755f4e1b	
UploadFiles/UploadFiles/201908/2019082616000670.jpg	UploadFiles/UploadFiles/201908/2019082616000670.jpg	87239	78f237f559ba633645e5c7f32cfbde31ecd5754a70613ac45b1394ed1a5c8a19	78f237f559ba633645e5c7f32cfbde31ecd5754a70613ac45b1394ed1a5c8a19	
UploadFiles/UploadFiles/201908/2019082616234130.jpg	UploadFiles/UploadFiles/201908/2019082616234130.jpg	262213	3291d2256a8d3aac6e2857793016be1f044ff896cb06d23e3aba9f35fafd4cf0	3291d2256a8d3aac6e2857793016be1f044ff896cb06d23e3aba9f35fafd4cf0	
UploadFiles/UploadFiles/201908/2019082616241689.jpg	UploadFiles/UploadFiles/201908/2019082616241689.jpg	152205	87ef543bf4e365f983aca287556823ec7d4b9f8cff7a9d22c777f8964c10c5ab	87ef543bf4e365f983aca287556823ec7d4b9f8cff7a9d22c777f8964c10c5ab	
UploadFiles/UploadFiles/201908/2019082616250205.jpg	UploadFiles/UploadFiles/201908/2019082616250205.jpg	140009	7342d670745edf3ecee94844664a57e5f1ab06e3c149145f56c0d776c774ba8f	7342d670745edf3ecee94844664a57e5f1ab06e3c149145f56c0d776c774ba8f	
UploadFiles/UploadFiles/201908/2019082616250213.jpg	UploadFiles/UploadFiles/201908/2019082616250213.jpg	142898	de8cfc34b29aed3f50760233592de6fdab571b55fe0ca9fe3ef387437bc844bc	de8cfc34b29aed3f50760233592de6fdab571b55fe0ca9fe3ef387437bc844bc	
UploadFiles/UploadFiles/201908/2019082616250222.jpg	UploadFiles/UploadFiles/201908/2019082616250222.jpg	93551	ac62a030ee15618feb5c77358dd38a1c09f2af34310db9a09042871796624ee4	ac62a030ee15618feb5c77358dd38a1c09f2af34310db9a09042871796624ee4	
UploadFiles/UploadFiles/201908/2019082616250240.jpg	UploadFiles/UploadFiles/201908/2019082616250240.jpg	107445	42cc68b31bcc587055ba11f192eb1bb8164b61bea01153d1b92f9ff5d611627c	42cc68b31bcc587055ba11f192eb1bb8164b61bea01153d1b92f9ff5d611627c	
UploadFiles/UploadFiles/201908/2019082616250282.jpg	UploadFiles/UploadFiles/201908/2019082616250282.jpg	157258	54d24e38394561eaeae4c81d13ce45842ea077f0087abc0d18a6487cc2cc7dcf	54d24e38394561eaeae4c81d13ce45842ea077f0087abc0d18a6487cc2cc7dcf	
UploadFiles/UploadFiles/201908/2019082616260328.jpg	UploadFiles/UploadFiles/201908/2019082616260328.jpg	136491	beaccb26613a00a665c4441d3ab3d87c06aa210ff2f61c28592aa774c312ff37	beaccb26613a00a665c4441d3ab3d87c06aa210ff2f61c28592aa774c312ff37	
UploadFiles/UploadFiles/201908/2019082616260336.jpg	UploadFiles/UploadFiles/201908/2019082616260336.jpg	139546	94a0d23a671a0bb6ee10c6662de1e0d974eeb5764938e7318f80953dc3faacc2	94a0d23a671a0bb6ee10c6662de1e0d974eeb5764938e7318f80953dc3faacc2	
UploadFiles/UploadFiles/201908/2019082616265149.jpg	UploadFiles/UploadFiles/201908/2019082616265149.jpg	131189	35c6dfe6b80402610a3a0a21ffe1cdf5170cb75d44784f2d9bb771af49cfd741	35c6dfe6b80402610a3a0a21ffe1cdf5170cb75d44784f2d9bb771af49cfd741	
UploadFiles/UploadFiles/201908/2019082616265171.jpg	UploadFiles/UploadFiles/201908/2019082616265171.jpg	160418	1130bf636a7506aa0847c2415b99d64855197d357d892973653dd5abea094fd2	1130bf636a7506aa0847c2415b99d64855197d357d892973653dd5abea094fd2	
UploadFiles/UploadFiles/201908/2019082616265179.jpg	UploadFiles/UploadFiles/201908/2019082616265179.jpg	172511	7730391747232cf03d5759502e8493932f513bb7f170376c71bf9523354da934	7730391747232cf03d5759502e8493932f513bb7f170376c71bf9523354da934	
UploadFiles/UploadFiles/201908/2019082616274194.jpg	UploadFiles/UploadFiles/201908/2019082616274194.jpg	120817	8fc6b7bfd1839c36e451fd6ea4028f984588bcd8f1af98ec2aaedd28a9e66b73	8fc6b7bfd1839c36e451fd6ea4028f984588bcd8f1af98ec2aaedd28a9e66b73	
UploadFiles/UploadFiles/201908/2019082616281970.jpg	UploadFiles/UploadFiles/201908/2019082616281970.jpg	96679	62739465b302bf7eb7a9d6a4fe5da192bed1358ff8a9abef248e64b4a8ff1764	62739465b302bf7eb7a9d6a4fe5da192bed1358ff8a9abef248e64b4a8ff1764	
UploadFiles/UploadFiles/201908/2019082616290714.jpg	UploadFiles/UploadFiles/201908/2019082616290714.jpg	131613	21257966450c3ccc248e71feb8767e4ebb4730f182d1405b48e9913e9ae55262	21257966450c3ccc248e71feb8767e4ebb4730f182d1405b48e9913e9ae55262	
UploadFiles/UploadFiles/201908/2019082616291940.jpg	UploadFiles/UploadFiles/201908/2019082616291940.jpg	170864	3c353c60be3d78e777e4405b46652d7f61f4fa030f1f9efea1a00c49442eed06	3c353c60be3d78e777e4405b46652d7f61f4fa030f1f9efea1a00c49442eed06	
UploadFiles/UploadFiles/201908/2019082616300647.jpg	UploadFiles/UploadFiles/201908/2019082616300647.jpg	166645	375caf7d3f5a920b7ba964c3d396e480d7ea089cc225ee7e6a047da69cab1c51	375caf7d3f5a920b7ba964c3d396e480d7ea089cc225ee7e6a047da69cab1c51	
UploadFiles/UploadFiles/201908/2019082616301610.jpg	UploadFiles/UploadFiles/201908/2019082616301610.jpg	110518	32e2d174e4410f7520c76ecbdff242a10f8b775144e497db8cd338391f982eb6	32e2d174e4410f7520c76ecbdff242a10f8b775144e497db8cd338391f982eb6	
UploadFiles/UploadFiles/201908/2019082616312313.jpg	UploadFiles/UploadFiles/201908/2019082616312313.jpg	145038	fbb8767086838caf9f8aac2f04454ab25b4640808b1338af5f68e6ec513c6857	fbb8767086838caf9f8aac2f04454ab25b4640808b1338af5f68e6ec513c6857	
UploadFiles/UploadFiles/201908/2019082616312363.jpg	UploadFiles/UploadFiles/201908/2019082616312363.jpg	92610	d7db0281b3be9d5aee336159317143eafa3dc9d4aa180b65737ed143797fe8d4	d7db0281b3be9d5aee336159317143eafa3dc9d4aa180b65737ed143797fe8d4	
UploadFiles/UploadFiles/201908/2019082616312385.jpg	UploadFiles/UploadFiles/201908/2019082616312385.jpg	78765	4e8f18bcd7c7a0abb56c2c32cde30f289a6d97f85dbad518fdf51a50a4d5b5fd	4e8f18bcd7c7a0abb56c2c32cde30f289a6d97f85dbad518fdf51a50a4d5b5fd	
UploadFiles/UploadFiles/201908/2019082616314491.jpg	UploadFiles/UploadFiles/201908/2019082616314491.jpg	117474	3e9ab00274b9cb0cb2d57181a787b94465ae8d0dd09b4ef5e9a857f6ad2dd030	3e9ab00274b9cb0cb2d57181a787b94465ae8d0dd09b4ef5e9a857f6ad2dd030	
UploadFiles/UploadFiles/201908/2019082616314499.jpg	UploadFiles/UploadFiles/201908/2019082616314499.jpg	118850	4056fbd4afb1da5a3d15e22d53ab48ffec6fc6e42e674442ecfc12262a491cbd	4056fbd4afb1da5a3d15e22d53ab48ffec6fc6e42e674442ecfc12262a491cbd	
UploadFiles/UploadFiles/201908/2019082710390922.jpg	UploadFiles/UploadFiles/201908/2019082710390922.jpg	53201	e1e52b3daa72e81bd0959eb6a1de0b2eabd14b24757ba43fdbab91d569a0966e	e1e52b3daa72e81bd0959eb6a1de0b2eabd14b24757ba43fdbab91d569a0966e	
UploadFiles/UploadFiles/201908/2019082715434022.jpg	UploadFiles/UploadFiles/201908/2019082715434022.jpg	3584125	24875bb5b993e537b0a669a4140733931a8ffc985c2d7ebba9aee922acfa4ff5	24875bb5b993e537b0a669a4140733931a8ffc985c2d7ebba9aee922acfa4ff5	
UploadFiles/UploadFiles/201908/2019082808530753.jpg	UploadFiles/UploadFiles/201908/2019082808530753.jpg	7716009	6aa77e8b775fd6d8a475bd5b5e88aff8d70a46eca27b827625d71d823b06ab92	6aa77e8b775fd6d8a475bd5b5e88aff8d70a46eca27b827625d71d823b06ab92	
UploadFiles/UploadFiles/201908/2019082908573246.png	UploadFiles/UploadFiles/201908/2019082908573246.png	48686	02efcf989b2427c938a71bc2ada01276b09c0917f184108686e1f911b1010604	02efcf989b2427c938a71bc2ada01276b09c0917f184108686e1f911b1010604	
UploadFiles/UploadFiles/201908/2019082908581657.png	UploadFiles/UploadFiles/201908/2019082908581657.png	48686	02efcf989b2427c938a71bc2ada01276b09c0917f184108686e1f911b1010604	02efcf989b2427c938a71bc2ada01276b09c0917f184108686e1f911b1010604	
UploadFiles/UploadFiles/201908/2019082909253733.png	UploadFiles/UploadFiles/201908/2019082909253733.png	66081	6c618de323849383621bad8f4bd808fef76b74e8c297498f052a4374b6903a2b	6c618de323849383621bad8f4bd808fef76b74e8c297498f052a4374b6903a2b	
UploadFiles/UploadFiles/201908/2019083014152589.jpg	UploadFiles/UploadFiles/201908/2019083014152589.jpg	56662	ceb2fd50f613b5f6bb9d753036cbcf45b8ed308d449c833778e156602f7630a4	ceb2fd50f613b5f6bb9d753036cbcf45b8ed308d449c833778e156602f7630a4	
UploadFiles/UploadFiles/201908/2019083015062817.jpg	UploadFiles/UploadFiles/201908/2019083015062817.jpg	47411	b910d97f7d3ba7996e707bc706fca95f3f38600a5a9ad862ea9ec73dd9604297	b910d97f7d3ba7996e707bc706fca95f3f38600a5a9ad862ea9ec73dd9604297	
UploadFiles/UploadFiles/201909/2019090110385372.jpg	UploadFiles/UploadFiles/201909/2019090110385372.jpg	215874	1eee9b2497789970c623d4f9a740865a0fb5d69c1d1c58598c59644981065399	1eee9b2497789970c623d4f9a740865a0fb5d69c1d1c58598c59644981065399	
UploadFiles/UploadFiles/201909/2019090110502741.png	UploadFiles/UploadFiles/201909/2019090110502741.png	1350425	e9b9bc2799102c5255ed64630a25496a199332a33af076a87a4bda128e1055ba	e9b9bc2799102c5255ed64630a25496a199332a33af076a87a4bda128e1055ba	
UploadFiles/UploadFiles/201909/2019090110504215.png	UploadFiles/UploadFiles/201909/2019090110504215.png	1088549	b9e439a16d5af0ed7b46ded5c8d3bf9215d18fd6ad3774b5af70d355fffd50fd	b9e439a16d5af0ed7b46ded5c8d3bf9215d18fd6ad3774b5af70d355fffd50fd	
UploadFiles/UploadFiles/201909/2019090110510624.png	UploadFiles/UploadFiles/201909/2019090110510624.png	823118	abec3d83681e88bdce5e20e0a39be478bfc5e228b6b69c214c2f22f208b0be1c	abec3d83681e88bdce5e20e0a39be478bfc5e228b6b69c214c2f22f208b0be1c	
UploadFiles/UploadFiles/201909/2019090110512129.png	UploadFiles/UploadFiles/201909/2019090110512129.png	801135	15fb3eb417f2bf35d93552074608255e33198c4847db2560da232eb3f9479125	15fb3eb417f2bf35d93552074608255e33198c4847db2560da232eb3f9479125	
UploadFiles/UploadFiles/201909/2019090110514931.jpg	UploadFiles/UploadFiles/201909/2019090110514931.jpg	401157	bb9b7776bb25e501d96085c8dfeec700d1e24b9464a89a4bc5c29660ed2de8e8	bb9b7776bb25e501d96085c8dfeec700d1e24b9464a89a4bc5c29660ed2de8e8	
UploadFiles/UploadFiles/201909/2019090110521738.jpg	UploadFiles/UploadFiles/201909/2019090110521738.jpg	465944	98958e7fbd48f250118d331f50c3681d8ae3d649a32f174cd4cbb72b9f263d07	98958e7fbd48f250118d331f50c3681d8ae3d649a32f174cd4cbb72b9f263d07	
UploadFiles/UploadFiles/201909/2019090110523888.png	UploadFiles/UploadFiles/201909/2019090110523888.png	778101	1ebe4c3fab698139cd354ba916e8a804251b2c510fff12dda74513b166d60f81	1ebe4c3fab698139cd354ba916e8a804251b2c510fff12dda74513b166d60f81	
UploadFiles/UploadFiles/201909/2019090110525142.png	UploadFiles/UploadFiles/201909/2019090110525142.png	880246	de2f858dc79492df931ac41c0b229db2898888015dc06cc96f8b3d08c4502f49	de2f858dc79492df931ac41c0b229db2898888015dc06cc96f8b3d08c4502f49	
UploadFiles/UploadFiles/201909/2019090110530868.png	UploadFiles/UploadFiles/201909/2019090110530868.png	823119	1054e026d5681b7843cfd7f75f2d6b35f5efc237aef4d9fc253ead69e4d11f81	1054e026d5681b7843cfd7f75f2d6b35f5efc237aef4d9fc253ead69e4d11f81	
UploadFiles/UploadFiles/201909/2019090110532841.jpg	UploadFiles/UploadFiles/201909/2019090110532841.jpg	228752	3fbc61d1fe292a202bd9ac1df7fa08b914f458fd28b00727d108ecebec165b4e	3fbc61d1fe292a202bd9ac1df7fa08b914f458fd28b00727d108ecebec165b4e	
UploadFiles/UploadFiles/201909/2019090110534163.jpg	UploadFiles/UploadFiles/201909/2019090110534163.jpg	217256	19320e67514d811e30a484423f371950ca076f68e883c9945dfca379264f6803	19320e67514d811e30a484423f371950ca076f68e883c9945dfca379264f6803	
UploadFiles/UploadFiles/201909/2019090110551061.jpg	UploadFiles/UploadFiles/201909/2019090110551061.jpg	285796	37b6ca06de186f4cc361ec63513047c7e627014fee05d5933d8b3d08d5723b83	37b6ca06de186f4cc361ec63513047c7e627014fee05d5933d8b3d08d5723b83	
UploadFiles/UploadFiles/201909/2019090110552484.jpg	UploadFiles/UploadFiles/201909/2019090110552484.jpg	243188	f0d8e762dbecd960f5b3ffd83e90609871894c3165ecc511ac270a1126930f38	f0d8e762dbecd960f5b3ffd83e90609871894c3165ecc511ac270a1126930f38	
UploadFiles/UploadFiles/201909/2019090110553844.png	UploadFiles/UploadFiles/201909/2019090110553844.png	1039736	ebc1c163ff5c3e69e2c7e9ad0cfe357b007e47b765a8a9a4dddf88736ccf1ce8	ebc1c163ff5c3e69e2c7e9ad0cfe357b007e47b765a8a9a4dddf88736ccf1ce8	
UploadFiles/UploadFiles/201909/2019090111223698.png	UploadFiles/UploadFiles/201909/2019090111223698.png	19185	330a075a88db3da83db618eb36480de65abb66659fced7357a7b52cb35368130	330a075a88db3da83db618eb36480de65abb66659fced7357a7b52cb35368130	
UploadFiles/UploadFiles/201909/2019090114032542.png	UploadFiles/UploadFiles/201909/2019090114032542.png	24276	727050447756712c4cc5c0f61610ae5738c7181d759e18a4c3fe766b7362e143	727050447756712c4cc5c0f61610ae5738c7181d759e18a4c3fe766b7362e143	
UploadFiles/UploadFiles/201909/2019090209234437.png	UploadFiles/UploadFiles/201909/2019090209234437.png	463293	d4dafd638f7d99c62b52ec56d926dbf6b0671d603a19a4b84a806bb261336dfe	d4dafd638f7d99c62b52ec56d926dbf6b0671d603a19a4b84a806bb261336dfe	
UploadFiles/UploadFiles/201909/2019090209241294.jpg	UploadFiles/UploadFiles/201909/2019090209241294.jpg	5451845	d3d996d93a5dd17dc466df7f21db9a8a65a3588ed443ca608175db923cba2354	d3d996d93a5dd17dc466df7f21db9a8a65a3588ed443ca608175db923cba2354	
UploadFiles/UploadFiles/201909/2019090209385314.jpg	UploadFiles/UploadFiles/201909/2019090209385314.jpg	132052	62e5ac3061fc2d43c2772d1152f0dca21919cee442e0e31a3c1e26d988c06ef4	62e5ac3061fc2d43c2772d1152f0dca21919cee442e0e31a3c1e26d988c06ef4	
UploadFiles/UploadFiles/201909/2019090209390819.jpg	UploadFiles/UploadFiles/201909/2019090209390819.jpg	91899	eb88ceaeb86378330b5a29d96988dd14741bd98e8a098507ad144e1df8961ead	eb88ceaeb86378330b5a29d96988dd14741bd98e8a098507ad144e1df8961ead	
UploadFiles/UploadFiles/201909/2019090209595323.jpg	UploadFiles/UploadFiles/201909/2019090209595323.jpg	119498	9e04a414b0f0e05a473f27f02d385ecf553d1f625c39e616be1c8b40d0ca9fd4	9e04a414b0f0e05a473f27f02d385ecf553d1f625c39e616be1c8b40d0ca9fd4	
UploadFiles/UploadFiles/201909/2019090210011783.jpg	UploadFiles/UploadFiles/201909/2019090210011783.jpg	240854	056e6f597e2dc011441e75e9edcc421a3efdac553407d6dca51417142feb1e6c	056e6f597e2dc011441e75e9edcc421a3efdac553407d6dca51417142feb1e6c	
UploadFiles/UploadFiles/201909/2019090210013303.jpg	UploadFiles/UploadFiles/201909/2019090210013303.jpg	268606	48fd13f5211d20b67640a76833988e96bff5cb0f7afd3220d1457fb9a9e62561	48fd13f5211d20b67640a76833988e96bff5cb0f7afd3220d1457fb9a9e62561	
UploadFiles/UploadFiles/201909/2019090210015036.jpg	UploadFiles/UploadFiles/201909/2019090210015036.jpg	277266	a518f31fabfae03f1794cbe3d662f92379385f6b7bcc3caf6b997b500e2c0c3c	a518f31fabfae03f1794cbe3d662f92379385f6b7bcc3caf6b997b500e2c0c3c	
UploadFiles/UploadFiles/201909/2019090210020814.jpg	UploadFiles/UploadFiles/201909/2019090210020814.jpg	346506	5581f938724baa2cc8169823d0949e0bb2b7667b09d5af882b8a450e80bacde1	5581f938724baa2cc8169823d0949e0bb2b7667b09d5af882b8a450e80bacde1	
UploadFiles/UploadFiles/201909/2019090210274340.jpg	UploadFiles/UploadFiles/201909/2019090210274340.jpg	167200	e9348b35b77e3a9c398ad9b768505d4a7626318f5a26d38cd5ef560b0f97918d	e9348b35b77e3a9c398ad9b768505d4a7626318f5a26d38cd5ef560b0f97918d	
UploadFiles/UploadFiles/201909/2019090210280143.jpg	UploadFiles/UploadFiles/201909/2019090210280143.jpg	386521	17787a4648fad8dff9e28477a0bea3bf80c758449ded0eb2841a76f04e2d7dab	17787a4648fad8dff9e28477a0bea3bf80c758449ded0eb2841a76f04e2d7dab	
UploadFiles/UploadFiles/201909/2019090210320822.png	UploadFiles/UploadFiles/201909/2019090210320822.png	846523	3cbadd07013b057e8d82b83108e6309061cebddfa8bdd0f678caad3763ff86d3	3cbadd07013b057e8d82b83108e6309061cebddfa8bdd0f678caad3763ff86d3	
UploadFiles/UploadFiles/201909/2019090210325083.png	UploadFiles/UploadFiles/201909/2019090210325083.png	913170	7f4e9c8ff5c8613ddffaa3cdb30082a7e7a58d83194ff49172c84e78a7fd605b	7f4e9c8ff5c8613ddffaa3cdb30082a7e7a58d83194ff49172c84e78a7fd605b	
UploadFiles/UploadFiles/201909/2019090210331025.png	UploadFiles/UploadFiles/201909/2019090210331025.png	1030751	40c6eab375a2a9158cc7a053904aaace32e0ad3d55f17c97cb585136f61e202c	40c6eab375a2a9158cc7a053904aaace32e0ad3d55f17c97cb585136f61e202c	
UploadFiles/UploadFiles/201909/2019090210332657.jpg	UploadFiles/UploadFiles/201909/2019090210332657.jpg	463902	d25728a6bf222a6c27107ab8acb1d88653a809778defb6c00c28311ff94012ee	d25728a6bf222a6c27107ab8acb1d88653a809778defb6c00c28311ff94012ee	
UploadFiles/UploadFiles/201909/2019090210334673.png	UploadFiles/UploadFiles/201909/2019090210334673.png	2109458	165f5616ab3a18f4116d45131ee6fed650a8d1a8bfe147b974528e49eadf9fc5	165f5616ab3a18f4116d45131ee6fed650a8d1a8bfe147b974528e49eadf9fc5	
UploadFiles/UploadFiles/201909/2019090210391457.png	UploadFiles/UploadFiles/201909/2019090210391457.png	72765	c183918f36f680a2b60bf2e269680a66bdae3264b1c344994b822d48ab796a46	c183918f36f680a2b60bf2e269680a66bdae3264b1c344994b822d48ab796a46	
UploadFiles/UploadFiles/201909/2019090210391466.jpg	UploadFiles/UploadFiles/201909/2019090210391466.jpg	27908	26df717a21930a815aa13117cffcb088dc3c1cf298dc83f9a6a8cbb7d85e9b26	26df717a21930a815aa13117cffcb088dc3c1cf298dc83f9a6a8cbb7d85e9b26	
UploadFiles/UploadFiles/201909/2019090210514677.jpg	UploadFiles/UploadFiles/201909/2019090210514677.jpg	150095	40ca1bc934f2aab150c68c30ea4092b12e629b07eb125711266fcefc551170b6	40ca1bc934f2aab150c68c30ea4092b12e629b07eb125711266fcefc551170b6	
UploadFiles/UploadFiles/201909/2019090210515997.jpg	UploadFiles/UploadFiles/201909/2019090210515997.jpg	106049	e4a960c1ab3f199f906922ea22588d6390a6b8cbded82e35ecfb1d9caff175d7	e4a960c1ab3f199f906922ea22588d6390a6b8cbded82e35ecfb1d9caff175d7	
UploadFiles/UploadFiles/201909/2019090210521619.jpg	UploadFiles/UploadFiles/201909/2019090210521619.jpg	115017	ac880c6cb11c212dd9f41d0940be2cdcfff564a00103abb369b265d2ea99f711	ac880c6cb11c212dd9f41d0940be2cdcfff564a00103abb369b265d2ea99f711	
UploadFiles/UploadFiles/201909/2019090210522768.jpg	UploadFiles/UploadFiles/201909/2019090210522768.jpg	94651	f99ff7427bd6ca1d9dea6746644bb4551ceb4f66e30b13ea1ddba7028a281e60	f99ff7427bd6ca1d9dea6746644bb4551ceb4f66e30b13ea1ddba7028a281e60	
UploadFiles/UploadFiles/201909/2019090210524022.jpg	UploadFiles/UploadFiles/201909/2019090210524022.jpg	96220	f691e08cb51e825c9c88d0accffc9a64a5751ed783405642b813f5c2b171192e	f691e08cb51e825c9c88d0accffc9a64a5751ed783405642b813f5c2b171192e	
UploadFiles/UploadFiles/201909/2019090210525130.jpg	UploadFiles/UploadFiles/201909/2019090210525130.jpg	95758	e0e21b9d42b74522ad289ce84dfb864b712cafea18f203bd7cb1eb13298f196b	e0e21b9d42b74522ad289ce84dfb864b712cafea18f203bd7cb1eb13298f196b	
UploadFiles/UploadFiles/201909/2019090211064359.jpg	UploadFiles/UploadFiles/201909/2019090211064359.jpg	346493	dc60dddb02faaa2eb83277d7a99dac5e883faf049d668d32dcdb068f681047dd	dc60dddb02faaa2eb83277d7a99dac5e883faf049d668d32dcdb068f681047dd	
UploadFiles/UploadFiles/201909/2019090211070351.jpg	UploadFiles/UploadFiles/201909/2019090211070351.jpg	202388	4db732c31e9f985ef2185a736ea43deb811edb33edb0d583f174c62f000a4b9e	4db732c31e9f985ef2185a736ea43deb811edb33edb0d583f174c62f000a4b9e	
UploadFiles/UploadFiles/201909/2019090211072248.jpg	UploadFiles/UploadFiles/201909/2019090211072248.jpg	201550	bf5bddae906a57476461481506cf8ab417a79e8dc6c89dce0281af26d8875981	bf5bddae906a57476461481506cf8ab417a79e8dc6c89dce0281af26d8875981	
UploadFiles/UploadFiles/201909/2019090211073735.jpg	UploadFiles/UploadFiles/201909/2019090211073735.jpg	206290	2e3bcecabacea08d683a83b10ceb929c0331e67c1dafd65cf74e4db2c6a483b7	2e3bcecabacea08d683a83b10ceb929c0331e67c1dafd65cf74e4db2c6a483b7	
UploadFiles/UploadFiles/201909/2019090211075126.jpg	UploadFiles/UploadFiles/201909/2019090211075126.jpg	202241	1f9a510bb860b804d0c6ed7501e7d6c3635d0380bf4752ca6b0618688ac070bd	1f9a510bb860b804d0c6ed7501e7d6c3635d0380bf4752ca6b0618688ac070bd	
UploadFiles/UploadFiles/201909/2019090211080834.jpg	UploadFiles/UploadFiles/201909/2019090211080834.jpg	219162	16e3a3b10cc1298b831b96450299a62459c67d017c56baa564660ebf4d5f8b09	16e3a3b10cc1298b831b96450299a62459c67d017c56baa564660ebf4d5f8b09	
UploadFiles/UploadFiles/201909/2019090211082339.jpg	UploadFiles/UploadFiles/201909/2019090211082339.jpg	197249	dfd33dfced92a3686416a2eb80f3bf72515ba8203bed7efeec6b7b01903cbde7	dfd33dfced92a3686416a2eb80f3bf72515ba8203bed7efeec6b7b01903cbde7	
UploadFiles/UploadFiles/201909/2019090211083583.jpg	UploadFiles/UploadFiles/201909/2019090211083583.jpg	192986	a33c13073ceedd35d32a7c93e94fff51e5d4c59eb7d7f55217f4d4ef2be75714	a33c13073ceedd35d32a7c93e94fff51e5d4c59eb7d7f55217f4d4ef2be75714	
UploadFiles/UploadFiles/201909/2019090211084711.jpg	UploadFiles/UploadFiles/201909/2019090211084711.jpg	275263	ebd75ed125fdb1afb65eff4171637bfc92c61f4098864212410853f1791b0afd	ebd75ed125fdb1afb65eff4171637bfc92c61f4098864212410853f1791b0afd	
UploadFiles/UploadFiles/201909/2019090211092020.jpg	UploadFiles/UploadFiles/201909/2019090211092020.jpg	382656	68e13aaf8c6e0b80149a4a3dc2fdf30906ec607a90379de35387f41189931ed8	68e13aaf8c6e0b80149a4a3dc2fdf30906ec607a90379de35387f41189931ed8	
UploadFiles/UploadFiles/201909/2019090211092042.jpg	UploadFiles/UploadFiles/201909/2019090211092042.jpg	295342	2723323302668b0dc7b85628aaa8bbec870f3c9e92dfe7575511175c18cf7428	2723323302668b0dc7b85628aaa8bbec870f3c9e92dfe7575511175c18cf7428	
UploadFiles/UploadFiles/201909/2019090211092050.jpg	UploadFiles/UploadFiles/201909/2019090211092050.jpg	378508	d5506199d33256bb116be9d0100d1db508342530db68d74c264a8d790a6024bb	d5506199d33256bb116be9d0100d1db508342530db68d74c264a8d790a6024bb	
UploadFiles/UploadFiles/201909/2019090211092059.jpg	UploadFiles/UploadFiles/201909/2019090211092059.jpg	404985	8f09d4ba12550f179b9dfafd398c3f2a0157729c12f41d7e8c958314957cb515	8f09d4ba12550f179b9dfafd398c3f2a0157729c12f41d7e8c958314957cb515	
UploadFiles/UploadFiles/201909/2019090211094376.jpg	UploadFiles/UploadFiles/201909/2019090211094376.jpg	300365	4399c598d7f27cacfdebb18a2f97c7a850afb3210e8c947d59dbb377b8e240c1	4399c598d7f27cacfdebb18a2f97c7a850afb3210e8c947d59dbb377b8e240c1	
UploadFiles/UploadFiles/201909/2019090316430157.jpg	UploadFiles/UploadFiles/201909/2019090316430157.jpg	457132	2933f7d4708ffd358bed5e286d41cd756997f2050aa20d7cbe81fef16c11895b	2933f7d4708ffd358bed5e286d41cd756997f2050aa20d7cbe81fef16c11895b	
UploadFiles/UploadFiles/201909/2019090316430166.jpg	UploadFiles/UploadFiles/201909/2019090316430166.jpg	537476	1c418f0f75bdfe32fff237faaac2654a4efab82c400dba20e4b3f6b1d8230276	1c418f0f75bdfe32fff237faaac2654a4efab82c400dba20e4b3f6b1d8230276	
UploadFiles/UploadFiles/201909/2019090409275291.jpg	UploadFiles/UploadFiles/201909/2019090409275291.jpg	242020	6ab5a3facf74a9283e6aea94fe8771c593fe6e8cce1bb1b1689aa49c2d8b8cf1	6ab5a3facf74a9283e6aea94fe8771c593fe6e8cce1bb1b1689aa49c2d8b8cf1	
UploadFiles/UploadFiles/201909/2019090409280854.jpg	UploadFiles/UploadFiles/201909/2019090409280854.jpg	157322	2f9379e3bb7fd9340cc75ee8a7e11a60af42ef80d703f453b9b100e94929764c	2f9379e3bb7fd9340cc75ee8a7e11a60af42ef80d703f453b9b100e94929764c	
UploadFiles/UploadFiles/201909/2019090409282404.jpg	UploadFiles/UploadFiles/201909/2019090409282404.jpg	381123	56b1fa503f484f3dbabd799facc8834c614749cd3218812c36333ea369349029	56b1fa503f484f3dbabd799facc8834c614749cd3218812c36333ea369349029	
UploadFiles/UploadFiles/201909/2019090409283714.jpg	UploadFiles/UploadFiles/201909/2019090409283714.jpg	179359	103f2069132905603be0e7d4d61e487e9daa3187f340446971c931206ebb3f5c	103f2069132905603be0e7d4d61e487e9daa3187f340446971c931206ebb3f5c	
UploadFiles/UploadFiles/201909/2019090409305746.png	UploadFiles/UploadFiles/201909/2019090409305746.png	656656	1531b99cb6884467fe7dab51e68a316502c6366effdbf8548f9ecf84a4d3617b	1531b99cb6884467fe7dab51e68a316502c6366effdbf8548f9ecf84a4d3617b	
UploadFiles/UploadFiles/201909/2019090409314606.jpg	UploadFiles/UploadFiles/201909/2019090409314606.jpg	49527	74a05f1cddf8b8dc5ac86802d844c1ec3121d18b1ec6211a73d27fd16a9b3860	74a05f1cddf8b8dc5ac86802d844c1ec3121d18b1ec6211a73d27fd16a9b3860	
UploadFiles/UploadFiles/201909/2019090409320502.jpg	UploadFiles/UploadFiles/201909/2019090409320502.jpg	39855	7e5ecbdfc43d50e1e821bb4f8e58eca5d338051d339bb958ae73314b14573eca	7e5ecbdfc43d50e1e821bb4f8e58eca5d338051d339bb958ae73314b14573eca	
UploadFiles/UploadFiles/201909/2019090409322254.jpg	UploadFiles/UploadFiles/201909/2019090409322254.jpg	55407	4e4123872466bc78565966d29dc2794ff3b663e91c0fc72fb426a716727f4258	4e4123872466bc78565966d29dc2794ff3b663e91c0fc72fb426a716727f4258	
UploadFiles/UploadFiles/201909/2019090409372301.jpg	UploadFiles/UploadFiles/201909/2019090409372301.jpg	1170386	f8f8374054e166460749b37a2a522716d354dea48aceed10cfd99fd55605d4a8	f8f8374054e166460749b37a2a522716d354dea48aceed10cfd99fd55605d4a8	
UploadFiles/UploadFiles/201909/2019090409372386.jpg	UploadFiles/UploadFiles/201909/2019090409372386.jpg	363878	d6c262446e6ed6b50f18f3a7cf707fff41f1ef5ecde1b84b72566ff4725bcb50	d6c262446e6ed6b50f18f3a7cf707fff41f1ef5ecde1b84b72566ff4725bcb50	
UploadFiles/UploadFiles/201909/2019090409374730.jpg	UploadFiles/UploadFiles/201909/2019090409374730.jpg	1331836	2f773aaf1dda6522db0dadb4f756d4e8ce25aeaf84f328587a9eddbd058e0968	2f773aaf1dda6522db0dadb4f756d4e8ce25aeaf84f328587a9eddbd058e0968	
UploadFiles/UploadFiles/201909/2019090409381019.jpg	UploadFiles/UploadFiles/201909/2019090409381019.jpg	424940	f3a55ac94c16694420f4da8d3cb01923e96fd53956f32de8b41e9ea6ad4ebe69	f3a55ac94c16694420f4da8d3cb01923e96fd53956f32de8b41e9ea6ad4ebe69	
UploadFiles/UploadFiles/201909/2019090416191668.jpg	UploadFiles/UploadFiles/201909/2019090416191668.jpg	268205	cc0b3148c777746dc3bcb490d10df73069550fb3ccc613a47c7c30f4a0f76d53	cc0b3148c777746dc3bcb490d10df73069550fb3ccc613a47c7c30f4a0f76d53	
UploadFiles/UploadFiles/201909/2019090416193197.png	UploadFiles/UploadFiles/201909/2019090416193197.png	508368	dfdf2cd24f056e2526b1cf9d65e2cbfae3fbf79196f4cf34eed82cfdeb60601b	dfdf2cd24f056e2526b1cf9d65e2cbfae3fbf79196f4cf34eed82cfdeb60601b	
UploadFiles/UploadFiles/201909/2019090416195002.png	UploadFiles/UploadFiles/201909/2019090416195002.png	571434	9dfecb9a5f1eae8d4dc0976434b80c55ca61c125f808a5619802fce18523b767	9dfecb9a5f1eae8d4dc0976434b80c55ca61c125f808a5619802fce18523b767	
UploadFiles/UploadFiles/201909/2019090416200217.png	UploadFiles/UploadFiles/201909/2019090416200217.png	700681	a3d01ebb2f806ae978ae2689e219197c0f0752852c7f19ce016a0aa8206872f1	a3d01ebb2f806ae978ae2689e219197c0f0752852c7f19ce016a0aa8206872f1	
UploadFiles/UploadFiles/201909/2019090510100931.jpg	UploadFiles/UploadFiles/201909/2019090510100931.jpg	41029	d453a79075bc78a00a455607cf4adb26efa9b16645cfd467683069d3a2fe1b00	d453a79075bc78a00a455607cf4adb26efa9b16645cfd467683069d3a2fe1b00	
UploadFiles/UploadFiles/201909/2019090510232574.jpg	UploadFiles/UploadFiles/201909/2019090510232574.jpg	5004685	fb05552b3afb30489568936f1c1ee749361a64622939aeeb18c0853b54d09cbb	fb05552b3afb30489568936f1c1ee749361a64622939aeeb18c0853b54d09cbb	
UploadFiles/UploadFiles/201909/2019090510234737.jpg	UploadFiles/UploadFiles/201909/2019090510234737.jpg	5004685	fb05552b3afb30489568936f1c1ee749361a64622939aeeb18c0853b54d09cbb	fb05552b3afb30489568936f1c1ee749361a64622939aeeb18c0853b54d09cbb	
UploadFiles/UploadFiles/201909/2019090608254312.png	UploadFiles/UploadFiles/201909/2019090608254312.png	4434	17f9fa27231536c2ff3d41847977535371f1181dabae66197208f9be88f0aa57	17f9fa27231536c2ff3d41847977535371f1181dabae66197208f9be88f0aa57	
UploadFiles/UploadFiles/201909/2019090608301739.jpg	UploadFiles/UploadFiles/201909/2019090608301739.jpg	15988	0e684790f120db1eb398e279beea00ffc22ca40f29efd11ac76afe2c0b79bfeb	0e684790f120db1eb398e279beea00ffc22ca40f29efd11ac76afe2c0b79bfeb	
UploadFiles/UploadFiles/201909/2019090614382862.png	UploadFiles/UploadFiles/201909/2019090614382862.png	2620	0bcc23246c891e842e121fb9e05a97e1b3ce872e91c0a8cfb818ed163baf0d2f	0bcc23246c891e842e121fb9e05a97e1b3ce872e91c0a8cfb818ed163baf0d2f	
UploadFiles/UploadFiles/201909/2019090614390936.png	UploadFiles/UploadFiles/201909/2019090614390936.png	2620	0bcc23246c891e842e121fb9e05a97e1b3ce872e91c0a8cfb818ed163baf0d2f	0bcc23246c891e842e121fb9e05a97e1b3ce872e91c0a8cfb818ed163baf0d2f	
UploadFiles/UploadFiles/201909/2019090615082149.jpg	UploadFiles/UploadFiles/201909/2019090615082149.jpg	204399	cb1edafba5f936016c3536dd9ab685d5da37ede2c5affda913f4904c267e2176	cb1edafba5f936016c3536dd9ab685d5da37ede2c5affda913f4904c267e2176	
UploadFiles/UploadFiles/201909/2019090915392975.png	UploadFiles/UploadFiles/201909/2019090915392975.png	6567	c54b01790fe99e0558dd1ddab678ff59a31ab165b2ffc08def9067d103e8aacf	c54b01790fe99e0558dd1ddab678ff59a31ab165b2ffc08def9067d103e8aacf	
UploadFiles/UploadFiles/201909/2019091010251338.jpg	UploadFiles/UploadFiles/201909/2019091010251338.jpg	5022901	5258f45fc6fc7da10273a9791e9a2da1bab65a776d8356bbcc6099de9b35ffc6	5258f45fc6fc7da10273a9791e9a2da1bab65a776d8356bbcc6099de9b35ffc6	
UploadFiles/UploadFiles/201909/2019091015154832.jpg	UploadFiles/UploadFiles/201909/2019091015154832.jpg	2244566	67389b105585f3d9273d5e9de707f452b79238c0d5897b7e3a181b933b7432be	67389b105585f3d9273d5e9de707f452b79238c0d5897b7e3a181b933b7432be	
UploadFiles/UploadFiles/201909/2019091015160736.jpg	UploadFiles/UploadFiles/201909/2019091015160736.jpg	288883	7ab89eca1d5475a0fa225b02907ff6c27f8962f6027cf8f00ad903310ce4c7da	7ab89eca1d5475a0fa225b02907ff6c27f8962f6027cf8f00ad903310ce4c7da	
UploadFiles/UploadFiles/201909/2019091015164840.jpg	UploadFiles/UploadFiles/201909/2019091015164840.jpg	2084169	baaf42a4c08181fcebedaf88811cd24bfbbfd278cbc0c6e71297aeb09e9f036b	baaf42a4c08181fcebedaf88811cd24bfbbfd278cbc0c6e71297aeb09e9f036b	
UploadFiles/UploadFiles/201909/2019091015183889.png	UploadFiles/UploadFiles/201909/2019091015183889.png	1364481	c2f42eef56d2b29f28c4718e99f2de134fed8fe0328fe32c00d4168fcd1c951b	c2f42eef56d2b29f28c4718e99f2de134fed8fe0328fe32c00d4168fcd1c951b	
UploadFiles/UploadFiles/201909/2019091015190451.png	UploadFiles/UploadFiles/201909/2019091015190451.png	505411	cde553d8e8ccc3545d90a9faf5c4242798b63cb2d7a708fd556069461c535e4b	cde553d8e8ccc3545d90a9faf5c4242798b63cb2d7a708fd556069461c535e4b	
UploadFiles/UploadFiles/201909/2019091015193979.jpg	UploadFiles/UploadFiles/201909/2019091015193979.jpg	264255	7ff99b64822af85948e19f891497133d5b2f100a7b0193a095678687cb067911	7ff99b64822af85948e19f891497133d5b2f100a7b0193a095678687cb067911	
UploadFiles/UploadFiles/201909/2019091015194041.jpg	UploadFiles/UploadFiles/201909/2019091015194041.jpg	202677	956d8c67543a05913a37e51e69da00a997ed3dd2fe91f16a4be48cd1a4511358	956d8c67543a05913a37e51e69da00a997ed3dd2fe91f16a4be48cd1a4511358	
UploadFiles/UploadFiles/201909/2019091015200585.png	UploadFiles/UploadFiles/201909/2019091015200585.png	488844	7b4839875f816333e3ef6e7a21899f2648e57731bdf3b729316fe660e33d732b	7b4839875f816333e3ef6e7a21899f2648e57731bdf3b729316fe660e33d732b	
UploadFiles/UploadFiles/201909/2019091015202248.jpg	UploadFiles/UploadFiles/201909/2019091015202248.jpg	247225	7ddbaefb06e63aac93880563253ecc320ea2b5ded789f83234edf9f6a97b5008	7ddbaefb06e63aac93880563253ecc320ea2b5ded789f83234edf9f6a97b5008	
UploadFiles/UploadFiles/201909/2019091015204355.png	UploadFiles/UploadFiles/201909/2019091015204355.png	683439	f0525735cfbf74fd1fec03202c36a06c7764d8cb841ae34cb9ed03b62c916e82	f0525735cfbf74fd1fec03202c36a06c7764d8cb841ae34cb9ed03b62c916e82	
UploadFiles/UploadFiles/201909/2019091015222044.png	UploadFiles/UploadFiles/201909/2019091015222044.png	755515	990a2bf95bfb2af1c8ad12ddc94870faed439c198af1be6c5c9f9d66e336f116	990a2bf95bfb2af1c8ad12ddc94870faed439c198af1be6c5c9f9d66e336f116	
UploadFiles/UploadFiles/201909/2019091015223593.png	UploadFiles/UploadFiles/201909/2019091015223593.png	460092	227ae22eea794cedcbd9b6f3a3f66922b485a236abf9372c85f6b688a496b1a3	227ae22eea794cedcbd9b6f3a3f66922b485a236abf9372c85f6b688a496b1a3	
UploadFiles/UploadFiles/201909/2019091015225788.jpg	UploadFiles/UploadFiles/201909/2019091015225788.jpg	292400	23304608834f067a9ae8754c47730a93494ed2c819f53ccc8d41a22ef80a8bfd	23304608834f067a9ae8754c47730a93494ed2c819f53ccc8d41a22ef80a8bfd	
UploadFiles/UploadFiles/201909/2019091015234716.png	UploadFiles/UploadFiles/201909/2019091015234716.png	89429	c45c3a430efbd6e995fc6770f0f308d2f91ff104356b4414cd927825513a2ad3	c45c3a430efbd6e995fc6770f0f308d2f91ff104356b4414cd927825513a2ad3	
UploadFiles/UploadFiles/201909/2019091015240996.jpg	UploadFiles/UploadFiles/201909/2019091015240996.jpg	310670	c3ca1fe5cdbde47c923ac03e372c6ef57dff54b24376efbd55c2b23b5b32459b	c3ca1fe5cdbde47c923ac03e372c6ef57dff54b24376efbd55c2b23b5b32459b	
UploadFiles/UploadFiles/201909/2019091015243409.jpg	UploadFiles/UploadFiles/201909/2019091015243409.jpg	1445255	2603e907e852f75fd17b7178ff98f3a1121d5b37738bcef53e24bc5f5140add6	2603e907e852f75fd17b7178ff98f3a1121d5b37738bcef53e24bc5f5140add6	
UploadFiles/UploadFiles/201909/2019091015251385.png	UploadFiles/UploadFiles/201909/2019091015251385.png	1150032	ae95304101e34841469611ccfc9834f05b256b8c6c1a3363daf5b54305fec3af	ae95304101e34841469611ccfc9834f05b256b8c6c1a3363daf5b54305fec3af	
UploadFiles/UploadFiles/201909/2019091015254647.png	UploadFiles/UploadFiles/201909/2019091015254647.png	1008477	c43acdb4fbb3b29c69d443aefe3a653b4a8d733186aefaa5cc661b8fbdcc085c	c43acdb4fbb3b29c69d443aefe3a653b4a8d733186aefaa5cc661b8fbdcc085c	
UploadFiles/UploadFiles/201909/2019091015254655.png	UploadFiles/UploadFiles/201909/2019091015254655.png	1312210	06bef8053981707c89c48d6caf806f23f1f34b79275aa782c596ae35212c6a81	06bef8053981707c89c48d6caf806f23f1f34b79275aa782c596ae35212c6a81	
UploadFiles/UploadFiles/201909/2019091015261219.jpg	UploadFiles/UploadFiles/201909/2019091015261219.jpg	265360	47a56dbdca1ec09a6c45203232c710030f6e6d13fe7d8332290c2e8ec0db0972	47a56dbdca1ec09a6c45203232c710030f6e6d13fe7d8332290c2e8ec0db0972	
UploadFiles/UploadFiles/201909/2019091015264967.jpg	UploadFiles/UploadFiles/201909/2019091015264967.jpg	218613	976a597fe91b04c4db5e5dec80342fd8ca31a2f8c9df5027e90d63436b59f6cd	976a597fe91b04c4db5e5dec80342fd8ca31a2f8c9df5027e90d63436b59f6cd	
UploadFiles/UploadFiles/201909/2019091015271934.jpg	UploadFiles/UploadFiles/201909/2019091015271934.jpg	228191	7984d9d4d150de02b0678d22d5771702f214c4be7ec9cc6879ff66339082bce1	7984d9d4d150de02b0678d22d5771702f214c4be7ec9cc6879ff66339082bce1	
UploadFiles/UploadFiles/201909/2019091015275355.jpg	UploadFiles/UploadFiles/201909/2019091015275355.jpg	385148	21fc6ba520d003d811cc6a300665668bf74574deb12286e7c9384daae92bfe8d	21fc6ba520d003d811cc6a300665668bf74574deb12286e7c9384daae92bfe8d	
UploadFiles/UploadFiles/201909/2019091015283270.jpg	UploadFiles/UploadFiles/201909/2019091015283270.jpg	2278896	c063730553789664fcd68b2a679e1d329c77696e7414d1a294b584be5923f023	c063730553789664fcd68b2a679e1d329c77696e7414d1a294b584be5923f023	
UploadFiles/UploadFiles/201909/2019091015285844.png	UploadFiles/UploadFiles/201909/2019091015285844.png	792116	fc3394afcef71b48723989f5c2859e0a00667b7dd4a66bf12035f5e3c2015ce7	fc3394afcef71b48723989f5c2859e0a00667b7dd4a66bf12035f5e3c2015ce7	
UploadFiles/UploadFiles/201909/2019091015293575.png	UploadFiles/UploadFiles/201909/2019091015293575.png	1156525	90fa779feaca10499727608b8c31c8fe2a1c965f5ba125f99ba5bdedcdef36d6	90fa779feaca10499727608b8c31c8fe2a1c965f5ba125f99ba5bdedcdef36d6	
UploadFiles/UploadFiles/201909/2019091015310772.jpg	UploadFiles/UploadFiles/201909/2019091015310772.jpg	352033	ef22a89f6626f647c79ad655254a1bffb0899e056cb4ed6990093b94f24c723f	ef22a89f6626f647c79ad655254a1bffb0899e056cb4ed6990093b94f24c723f	
UploadFiles/UploadFiles/201909/2019091015312497.png	UploadFiles/UploadFiles/201909/2019091015312497.png	883283	4640781835a0071f6de7048372def5aec356a1bfdcb0d8a314836d4d034feeb1	4640781835a0071f6de7048372def5aec356a1bfdcb0d8a314836d4d034feeb1	
UploadFiles/UploadFiles/201909/2019091015315213.jpg	UploadFiles/UploadFiles/201909/2019091015315213.jpg	2368905	27a6874b15135ebe214350b1af11cd05346a1ca54ab12371f975521b4c86d969	27a6874b15135ebe214350b1af11cd05346a1ca54ab12371f975521b4c86d969	
UploadFiles/UploadFiles/201909/2019091108390014.jpg	UploadFiles/UploadFiles/201909/2019091108390014.jpg	211736	5e9c1de74a2c1760af9cb388de7547a4458cef561c21c970ae2d10dbec8f9c32	5e9c1de74a2c1760af9cb388de7547a4458cef561c21c970ae2d10dbec8f9c32	
UploadFiles/UploadFiles/201909/2019091108391466.jpg	UploadFiles/UploadFiles/201909/2019091108391466.jpg	159430	f6e92e54182f28e65d7769ab34bc9aec561d689c9c3f4d9a32f0519ce97bcb7f	f6e92e54182f28e65d7769ab34bc9aec561d689c9c3f4d9a32f0519ce97bcb7f	
UploadFiles/UploadFiles/201909/2019091108393437.jpg	UploadFiles/UploadFiles/201909/2019091108393437.jpg	268655	c87af4fcd8da946de384f68e4e635303ab91b19ca91bfe1547ba2a8b4625c2db	c87af4fcd8da946de384f68e4e635303ab91b19ca91bfe1547ba2a8b4625c2db	
UploadFiles/UploadFiles/201909/2019091108393459.jpg	UploadFiles/UploadFiles/201909/2019091108393459.jpg	198153	898ff1028c715dad3ceef5a1a04bbed9c56e42b50ff3126af141e29555c666fd	898ff1028c715dad3ceef5a1a04bbed9c56e42b50ff3126af141e29555c666fd	
UploadFiles/UploadFiles/201909/2019091108393468.jpg	UploadFiles/UploadFiles/201909/2019091108393468.jpg	293741	e7284a04274c5dc3f3a78a6ffcef9cb49b7c2a1995e518c5a0bea82c527b3c20	e7284a04274c5dc3f3a78a6ffcef9cb49b7c2a1995e518c5a0bea82c527b3c20	
UploadFiles/UploadFiles/201909/2019091208434592.png	UploadFiles/UploadFiles/201909/2019091208434592.png	45515	6205e91c642730daa932e064d68c55d87ab5285cd5b74285ad11371ebc4f2568	6205e91c642730daa932e064d68c55d87ab5285cd5b74285ad11371ebc4f2568	
UploadFiles/UploadFiles/201909/2019091214543341.jpg	UploadFiles/UploadFiles/201909/2019091214543341.jpg	1116970	58c0f271c1066f23dd79ef241c5cb37146896cd24dbcdd05aea5d9e2202d6398	58c0f271c1066f23dd79ef241c5cb37146896cd24dbcdd05aea5d9e2202d6398	
UploadFiles/UploadFiles/201909/2019091214543349.jpg	UploadFiles/UploadFiles/201909/2019091214543349.jpg	1196458	c0ba3433e3ca46623feed4374eb16e42455a1a487cea7d6eb775050c7d69ac9a	c0ba3433e3ca46623feed4374eb16e42455a1a487cea7d6eb775050c7d69ac9a	
UploadFiles/UploadFiles/201909/2019091214545829.jpg	UploadFiles/UploadFiles/201909/2019091214545829.jpg	1931786	c36db5e5356a7b70b2de4c16f565fc04646535747963459545f07b468997ccf8	c36db5e5356a7b70b2de4c16f565fc04646535747963459545f07b468997ccf8	
UploadFiles/UploadFiles/201909/2019091214551637.jpg	UploadFiles/UploadFiles/201909/2019091214551637.jpg	1807545	7ce9c75383affd4da0019c9935d89348831f9aeca5861551c47a8a60628c2f2c	7ce9c75383affd4da0019c9935d89348831f9aeca5861551c47a8a60628c2f2c	
UploadFiles/UploadFiles/201909/2019091214560684.jpg	UploadFiles/UploadFiles/201909/2019091214560684.jpg	68868	ae967a96ec6e4e9f23eba5696c58f5a60950bb7708bd14e89b0e2080204c3314	ae967a96ec6e4e9f23eba5696c58f5a60950bb7708bd14e89b0e2080204c3314	
UploadFiles/UploadFiles/201909/2019091215052328.jpg	UploadFiles/UploadFiles/201909/2019091215052328.jpg	807506	ee1f433e4fd05b2c0c837bb7310091f8338910d042cbf236f31bdfd4a4e15838	ee1f433e4fd05b2c0c837bb7310091f8338910d042cbf236f31bdfd4a4e15838	
UploadFiles/UploadFiles/201909/2019091610441165.jpg	UploadFiles/UploadFiles/201909/2019091610441165.jpg	270166	d8bc2f42ff5cbda2f3a416542e0c863cba63e029b873f4665329f5126a047dcd	d8bc2f42ff5cbda2f3a416542e0c863cba63e029b873f4665329f5126a047dcd	
UploadFiles/UploadFiles/201909/2019091610442705.jpg	UploadFiles/UploadFiles/201909/2019091610442705.jpg	262443	dac4063fcbdbbe2a1a78dafa3cf8ed429beb22e963e89f397d69cd93c1ebc99a	dac4063fcbdbbe2a1a78dafa3cf8ed429beb22e963e89f397d69cd93c1ebc99a	
UploadFiles/UploadFiles/201909/2019091610462062.jpg	UploadFiles/UploadFiles/201909/2019091610462062.jpg	165220	c1b6607a91307811b9be032dcbb518be27f42042526da0f3829f73087e04fdb1	c1b6607a91307811b9be032dcbb518be27f42042526da0f3829f73087e04fdb1	
UploadFiles/UploadFiles/201909/2019091610470886.jpg	UploadFiles/UploadFiles/201909/2019091610470886.jpg	182050	1a7c2b16dd2f8a7be2d6483cbf313b2135c2515f60793cc39eed0ed941ea4105	1a7c2b16dd2f8a7be2d6483cbf313b2135c2515f60793cc39eed0ed941ea4105	
UploadFiles/UploadFiles/201909/2019091714210438.jpg	UploadFiles/UploadFiles/201909/2019091714210438.jpg	730057	724b433bf0191aef39ffff3b46fbaf933c3fb2287db1b6ad463e5da3bc45d3ac	724b433bf0191aef39ffff3b46fbaf933c3fb2287db1b6ad463e5da3bc45d3ac	
UploadFiles/UploadFiles/201909/2019091814291763.jpg	UploadFiles/UploadFiles/201909/2019091814291763.jpg	169121	1d3d19a478017ab44dc74b9ab72cd7ba79f80b44727fd72091d5a5a56b94f4ee	1d3d19a478017ab44dc74b9ab72cd7ba79f80b44727fd72091d5a5a56b94f4ee	
UploadFiles/UploadFiles/201909/2019092008450061.png	UploadFiles/UploadFiles/201909/2019092008450061.png	25825	84f0e8834a3c24e78d8b04ae6cd5e50883d808e2ea49cb2b766b6c69992b5da8	84f0e8834a3c24e78d8b04ae6cd5e50883d808e2ea49cb2b766b6c69992b5da8	
UploadFiles/UploadFiles/201909/2019092008453744.png	UploadFiles/UploadFiles/201909/2019092008453744.png	111100	b2ebc5cd14e1f03f2e983b3ab8b20b3362d0ca282aff44e2bb70edeee275ef92	b2ebc5cd14e1f03f2e983b3ab8b20b3362d0ca282aff44e2bb70edeee275ef92	
UploadFiles/UploadFiles/201909/2019092008460162.png	UploadFiles/UploadFiles/201909/2019092008460162.png	93513	45d27fe9d659c78aa1fcc4d832988b4987989835f35e2fff5aec6e700c9e1103	45d27fe9d659c78aa1fcc4d832988b4987989835f35e2fff5aec6e700c9e1103	
UploadFiles/UploadFiles/201909/2019092008461991.png	UploadFiles/UploadFiles/201909/2019092008461991.png	53322	08a66f69f1aaed21bd3e9d27782864d0e186bc18759f2572849bd10222e53820	08a66f69f1aaed21bd3e9d27782864d0e186bc18759f2572849bd10222e53820	
UploadFiles/UploadFiles/201909/2019092008473660.png	UploadFiles/UploadFiles/201909/2019092008473660.png	9550	6dacd317e7e8883735ec336457afb2e934467860c8840acc9f4ccf20fe039cbf	6dacd317e7e8883735ec336457afb2e934467860c8840acc9f4ccf20fe039cbf	
UploadFiles/UploadFiles/201909/2019092315265045.jpg	UploadFiles/UploadFiles/201909/2019092315265045.jpg	245548	0f2c1fd630b7bb6a5c4ecb1d44f4a0bbe28fdaa5bef1fac47a818ad66334f48a	0f2c1fd630b7bb6a5c4ecb1d44f4a0bbe28fdaa5bef1fac47a818ad66334f48a	
UploadFiles/UploadFiles/201909/2019092315265060.jpg	UploadFiles/UploadFiles/201909/2019092315265060.jpg	231734	cb39c136fc35910fb7d72cb311cbd8fb69c2f11630ca5f5be12b9c2723d3c45f	cb39c136fc35910fb7d72cb311cbd8fb69c2f11630ca5f5be12b9c2723d3c45f	
UploadFiles/UploadFiles/201909/2019092315265069.jpg	UploadFiles/UploadFiles/201909/2019092315265069.jpg	387799	2d9979e219f8451c3170a2a8fac9e81415dd97e6ec26e7fe40c92d947e72243b	2d9979e219f8451c3170a2a8fac9e81415dd97e6ec26e7fe40c92d947e72243b	
UploadFiles/UploadFiles/201909/2019092315271341.jpg	UploadFiles/UploadFiles/201909/2019092315271341.jpg	311709	72beb57d3913bdc337dc1917bf8277ad7a2fc6d76637ac8b651bb7d5d5d9d50e	72beb57d3913bdc337dc1917bf8277ad7a2fc6d76637ac8b651bb7d5d5d9d50e	
UploadFiles/UploadFiles/201909/2019092315271362.jpg	UploadFiles/UploadFiles/201909/2019092315271362.jpg	268184	172ba88fcb2d75e23473c2ddb1282616469fa5fd1a075be090e6490c380fe1b9	172ba88fcb2d75e23473c2ddb1282616469fa5fd1a075be090e6490c380fe1b9	
UploadFiles/UploadFiles/201909/2019092315271371.jpg	UploadFiles/UploadFiles/201909/2019092315271371.jpg	336254	63f053d4f34c2f44d861cbfedfe099e03f77dc32b72623a1e5fed7580a2818a3	63f053d4f34c2f44d861cbfedfe099e03f77dc32b72623a1e5fed7580a2818a3	
UploadFiles/UploadFiles/201909/2019092315273458.jpg	UploadFiles/UploadFiles/201909/2019092315273458.jpg	353807	40b338de48b5980cd33a1651e176e7cfd5282a05ba4c2a3ce68560462d9cf55b	40b338de48b5980cd33a1651e176e7cfd5282a05ba4c2a3ce68560462d9cf55b	
UploadFiles/UploadFiles/201909/2019092317521111.jpg	UploadFiles/UploadFiles/201909/2019092317521111.jpg	271764	4140d684120e60dd680781ab2efa4bc04691e77aa3e48080c8588d856f50089f	4140d684120e60dd680781ab2efa4bc04691e77aa3e48080c8588d856f50089f	
UploadFiles/UploadFiles/201909/2019092409172747.png	UploadFiles/UploadFiles/201909/2019092409172747.png	2332383	884f36feb04565edc6a33218cccbdbf165064706043b938de2e863cf93af28bb	884f36feb04565edc6a33218cccbdbf165064706043b938de2e863cf93af28bb	
UploadFiles/UploadFiles/201909/2019092409172749.png	UploadFiles/UploadFiles/201909/2019092409172749.png	2035089	d4c98060823f8726ccaa66a012199f9bb380d785b119cee80888f036764d0ede	d4c98060823f8726ccaa66a012199f9bb380d785b119cee80888f036764d0ede	
UploadFiles/UploadFiles/201909/2019092516005382.jpg	UploadFiles/UploadFiles/201909/2019092516005382.jpg	20689	2bba06ce4706229097d829b3fc2f613d000d0b01508eb75bceeb1efdee7c1a0e	2bba06ce4706229097d829b3fc2f613d000d0b01508eb75bceeb1efdee7c1a0e	
UploadFiles/UploadFiles/201909/2019092516010830.jpg	UploadFiles/UploadFiles/201909/2019092516010830.jpg	37620	6546e1cf58c0ffaf70965791f3c915903c69101aef4732695af271e02953241f	6546e1cf58c0ffaf70965791f3c915903c69101aef4732695af271e02953241f	
UploadFiles/UploadFiles/201909/2019092616134048.jpg	UploadFiles/UploadFiles/201909/2019092616134048.jpg	124841	7fe7d3300d20af8737719b17002196ed741c72600c09c2183b35a25b95fb43ad	7fe7d3300d20af8737719b17002196ed741c72600c09c2183b35a25b95fb43ad	
UploadFiles/UploadFiles/201909/2019092616134070.jpg	UploadFiles/UploadFiles/201909/2019092616134070.jpg	90773	6ca9fc1d1081bfba4bb34366b3ad6c3fd354f7723f2a585b14a731c5b14c0282	6ca9fc1d1081bfba4bb34366b3ad6c3fd354f7723f2a585b14a731c5b14c0282	
UploadFiles/UploadFiles/201909/2019092616134078.jpg	UploadFiles/UploadFiles/201909/2019092616134078.jpg	118358	92501742486513a1d75eae5f7d028d1af91bce1b974c7a9f3ca2c9313d6980fa	92501742486513a1d75eae5f7d028d1af91bce1b974c7a9f3ca2c9313d6980fa	
UploadFiles/UploadFiles/201909/2019092616140914.jpg	UploadFiles/UploadFiles/201909/2019092616140914.jpg	134214	d282c2bd9c808414ece333627884212a62c7ab3de01b5d3517e64de1c68a8073	d282c2bd9c808414ece333627884212a62c7ab3de01b5d3517e64de1c68a8073	
UploadFiles/UploadFiles/201909/2019092616140936.jpg	UploadFiles/UploadFiles/201909/2019092616140936.jpg	114034	47db4e054b61b0570548306f7b729e0d86de0f83667482ffc641c2f58b775b02	47db4e054b61b0570548306f7b729e0d86de0f83667482ffc641c2f58b775b02	
UploadFiles/UploadFiles/201909/2019092616140944.jpg	UploadFiles/UploadFiles/201909/2019092616140944.jpg	139986	e546784cdc36f97027d5ec27b6f7041d89e626f276749bcaf4d59554b939849a	e546784cdc36f97027d5ec27b6f7041d89e626f276749bcaf4d59554b939849a	
UploadFiles/UploadFiles/201909/2019092616193339.jpg	UploadFiles/UploadFiles/201909/2019092616193339.jpg	119489	ea0e2b72c91c75ba5d1c38dc20ce73cfdba218e735438d00c3632089a5a19320	ea0e2b72c91c75ba5d1c38dc20ce73cfdba218e735438d00c3632089a5a19320	
UploadFiles/UploadFiles/201909/2019092616244834.jpg	UploadFiles/UploadFiles/201909/2019092616244834.jpg	140685	fea1bce26466fa380cd66fd7ba4265502e897162a679448b897aa79a1aac7fed	fea1bce26466fa380cd66fd7ba4265502e897162a679448b897aa79a1aac7fed	
UploadFiles/UploadFiles/201909/2019092616250732.jpg	UploadFiles/UploadFiles/201909/2019092616250732.jpg	135042	e6ace0430afceec83ba3557890f667733b443ff70c9c9c32ee5d782b2bc8e1f8	e6ace0430afceec83ba3557890f667733b443ff70c9c9c32ee5d782b2bc8e1f8	
UploadFiles/UploadFiles/201909/2019092616252224.jpg	UploadFiles/UploadFiles/201909/2019092616252224.jpg	129181	c14545bb47411b605c83e26af190db72f5a7864b32bf8a37d907921558fa00ee	c14545bb47411b605c83e26af190db72f5a7864b32bf8a37d907921558fa00ee	
UploadFiles/UploadFiles/201909/2019092616255515.jpg	UploadFiles/UploadFiles/201909/2019092616255515.jpg	103881	bc12804052feaaf242ee5490db272e5d2aae81400c3cfcd28aefdbc6bf629fce	bc12804052feaaf242ee5490db272e5d2aae81400c3cfcd28aefdbc6bf629fce	
UploadFiles/UploadFiles/201909/2019092616255536.jpg	UploadFiles/UploadFiles/201909/2019092616255536.jpg	151856	e6b8285de2d8e09559b81054a23c1bbb5d86e3b7d77ae3c0c8c37ff43cba5010	e6b8285de2d8e09559b81054a23c1bbb5d86e3b7d77ae3c0c8c37ff43cba5010	
UploadFiles/UploadFiles/201909/2019092616255537.jpg	UploadFiles/UploadFiles/201909/2019092616255537.jpg	120023	73a1055c4a6461c50ace611f9f9efb5a0a61f7573cfee2de328629379523754c	73a1055c4a6461c50ace611f9f9efb5a0a61f7573cfee2de328629379523754c	
UploadFiles/UploadFiles/201909/2019092616255545.jpg	UploadFiles/UploadFiles/201909/2019092616255545.jpg	117700	d637fba5470b918224a1a135a0981e4975f4cd5837373f146c538b019fd672e5	d637fba5470b918224a1a135a0981e4975f4cd5837373f146c538b019fd672e5	
UploadFiles/UploadFiles/201909/2019092616255555.jpg	UploadFiles/UploadFiles/201909/2019092616255555.jpg	92328	15dbdb033b01fbdafa4a5e40786f520352cbc78104d4f89d88179cd18f9a4df1	15dbdb033b01fbdafa4a5e40786f520352cbc78104d4f89d88179cd18f9a4df1	
UploadFiles/UploadFiles/201909/2019092616261304.jpg	UploadFiles/UploadFiles/201909/2019092616261304.jpg	146060	003debf8de47081fea5597dd5ec30c128c81830d234121a38946c5d448a42d47	003debf8de47081fea5597dd5ec30c128c81830d234121a38946c5d448a42d47	
UploadFiles/UploadFiles/201909/2019092616292590.png	UploadFiles/UploadFiles/201909/2019092616292590.png	2476821	5254e181f51ade190dd45aeca787d62a7381c9a49757fc7a22ef58f41bad3818	5254e181f51ade190dd45aeca787d62a7381c9a49757fc7a22ef58f41bad3818	
UploadFiles/UploadFiles/201909/2019092616311268.jpg	UploadFiles/UploadFiles/201909/2019092616311268.jpg	105862	70a3e4146221cf5753f94b4d0672576f70794a46201722a5df8efae1a914a23c	70a3e4146221cf5753f94b4d0672576f70794a46201722a5df8efae1a914a23c	
UploadFiles/UploadFiles/201909/2019092616312949.jpg	UploadFiles/UploadFiles/201909/2019092616312949.jpg	97155	6a3cdc0801a118b168ad6774e663b8114ba7e7e78a9ecb46237ed52cfd1164e2	6a3cdc0801a118b168ad6774e663b8114ba7e7e78a9ecb46237ed52cfd1164e2	
UploadFiles/UploadFiles/201909/2019092616312957.jpg	UploadFiles/UploadFiles/201909/2019092616312957.jpg	101410	ccfe2e872f0a6add6c70c26dd251fb173d566b1c9c76f5ef6375646304ac5346	ccfe2e872f0a6add6c70c26dd251fb173d566b1c9c76f5ef6375646304ac5346	
UploadFiles/UploadFiles/201909/2019092616314109.jpg	UploadFiles/UploadFiles/201909/2019092616314109.jpg	63033	b93b35022edaec69e89bfa1fec61dbd79da49d79f0dc76578b8e188abe8c39d8	b93b35022edaec69e89bfa1fec61dbd79da49d79f0dc76578b8e188abe8c39d8	
UploadFiles/UploadFiles/201909/2019092616320072.jpg	UploadFiles/UploadFiles/201909/2019092616320072.jpg	59763	047537d8240118a29c13d0408fd991e517552a36294f49d958160f02d8cffec1	047537d8240118a29c13d0408fd991e517552a36294f49d958160f02d8cffec1	
UploadFiles/UploadFiles/201909/2019092616320080.jpg	UploadFiles/UploadFiles/201909/2019092616320080.jpg	129754	0d4fc3ca454556d238b1627bd0127cde95d8138e57aa66c3a33826632bebe0e9	0d4fc3ca454556d238b1627bd0127cde95d8138e57aa66c3a33826632bebe0e9	
UploadFiles/UploadFiles/201909/2019092616325558.jpg	UploadFiles/UploadFiles/201909/2019092616325558.jpg	54423	3a5bfc77adfac377ff9be094c04c8be28d5c2923e5864e6835b2ff6dde5b9ad5	3a5bfc77adfac377ff9be094c04c8be28d5c2923e5864e6835b2ff6dde5b9ad5	
UploadFiles/UploadFiles/201909/2019092616325562.jpg	UploadFiles/UploadFiles/201909/2019092616325562.jpg	61818	20e2137b7cd2c13bc4a4807989db4e1da88cb3ff19f73f6f478cc79322b81f10	20e2137b7cd2c13bc4a4807989db4e1da88cb3ff19f73f6f478cc79322b81f10	
UploadFiles/UploadFiles/201909/2019092616325579.jpg	UploadFiles/UploadFiles/201909/2019092616325579.jpg	41788	ed6fcfd9e4bfe3bbadb0e9a31c531a4701a5477e32f83d91e511ceb0d4e1468b	ed6fcfd9e4bfe3bbadb0e9a31c531a4701a5477e32f83d91e511ceb0d4e1468b	
UploadFiles/UploadFiles/201909/2019092616325580.jpg	UploadFiles/UploadFiles/201909/2019092616325580.jpg	50134	a1bf250fd872c384f66ecc88dc1a755396a8ad679dc88a29ad285540ed5d0156	a1bf250fd872c384f66ecc88dc1a755396a8ad679dc88a29ad285540ed5d0156	
UploadFiles/UploadFiles/201909/2019092616325588.jpg	UploadFiles/UploadFiles/201909/2019092616325588.jpg	49270	c2390133fd751c071ac2ababc45f9e2ae1f5b7a49536a5fe4ede2e8f82747576	c2390133fd751c071ac2ababc45f9e2ae1f5b7a49536a5fe4ede2e8f82747576	
UploadFiles/UploadFiles/201909/2019092616325589.jpg	UploadFiles/UploadFiles/201909/2019092616325589.jpg	52993	34f3b19a1b219fb406d408b5317abd685adf03979dd598025a34be9b2f65490b	34f3b19a1b219fb406d408b5317abd685adf03979dd598025a34be9b2f65490b	
UploadFiles/UploadFiles/201909/2019092616325598.jpg	UploadFiles/UploadFiles/201909/2019092616325598.jpg	64568	dae2723c900e54b532534a3ca72481d82dc590b88dd2c1152d05141fc448f86b	dae2723c900e54b532534a3ca72481d82dc590b88dd2c1152d05141fc448f86b	
UploadFiles/UploadFiles/201909/2019092616331214.jpg	UploadFiles/UploadFiles/201909/2019092616331214.jpg	121669	40d3d29e3e210de820b57e4e294e23e2663b937461d340f1a7cd89d3065fa830	40d3d29e3e210de820b57e4e294e23e2663b937461d340f1a7cd89d3065fa830	
UploadFiles/UploadFiles/201909/2019092616331222.jpg	UploadFiles/UploadFiles/201909/2019092616331222.jpg	104233	e626ba30cbef5b074b2081f9f3ca806326ed6fd565c731609edc762d32c7ba2c	e626ba30cbef5b074b2081f9f3ca806326ed6fd565c731609edc762d32c7ba2c	
UploadFiles/UploadFiles/201909/2019092616332491.jpg	UploadFiles/UploadFiles/201909/2019092616332491.jpg	47830	bf89419198e2c0cc6ce75face6b1c53fa50a9bf2ba6907f055e5b35ecbef794b	bf89419198e2c0cc6ce75face6b1c53fa50a9bf2ba6907f055e5b35ecbef794b	
UploadFiles/UploadFiles/201909/2019092618381910.jpg	UploadFiles/UploadFiles/201909/2019092618381910.jpg	118815	4dd660af406fe6042c114dc7478af67a309b415b596e76bfb498c4662e0cf6ad	4dd660af406fe6042c114dc7478af67a309b415b596e76bfb498c4662e0cf6ad	
UploadFiles/UploadFiles/201909/2019092714035710.jpg	UploadFiles/UploadFiles/201909/2019092714035710.jpg	21918	806007a0df5b48dd40809218fdf4ae2d4f4d69d01467a7e8a3ba3bfe334065be	806007a0df5b48dd40809218fdf4ae2d4f4d69d01467a7e8a3ba3bfe334065be	
UploadFiles/UploadFiles/201909/2019092915102141.jpg	UploadFiles/UploadFiles/201909/2019092915102141.jpg	417479	57e67a0c2944480a2c5f8961a7f38287f907de73c16a3985520a4cba718efea7	57e67a0c2944480a2c5f8961a7f38287f907de73c16a3985520a4cba718efea7	
UploadFiles/UploadFiles/201909/2019092915361464.jpg	UploadFiles/UploadFiles/201909/2019092915361464.jpg	184317	d1fff2c310d03bf8db9abb94782f2a76a756e6e6c9848c39d7513efd114ba5ce	d1fff2c310d03bf8db9abb94782f2a76a756e6e6c9848c39d7513efd114ba5ce	
UploadFiles/UploadFiles/201909/2019092915364603.jpg	UploadFiles/UploadFiles/201909/2019092915364603.jpg	183965	ac2119931e709ee48f1fc6ec1556b3bc5c51d2e1cec028094027b99c22c0df7d	ac2119931e709ee48f1fc6ec1556b3bc5c51d2e1cec028094027b99c22c0df7d	
UploadFiles/UploadFiles/201909/2019092916031505.jpg	UploadFiles/UploadFiles/201909/2019092916031505.jpg	98584	d9bba9a73e4cf72be0b6a6a59bb0aa129fe00172f6fcb9953c687dce594cad49	d9bba9a73e4cf72be0b6a6a59bb0aa129fe00172f6fcb9953c687dce594cad49	
UploadFiles/UploadFiles/201909/2019092916032654.jpg	UploadFiles/UploadFiles/201909/2019092916032654.jpg	116035	52b6e1ef1883f9f18b681c047b9d3157cebcbcea112be94296bd3bef8f317697	52b6e1ef1883f9f18b681c047b9d3157cebcbcea112be94296bd3bef8f317697	
UploadFiles/UploadFiles/201909/2019092916033881.jpg	UploadFiles/UploadFiles/201909/2019092916033881.jpg	125414	1aa162f419a36610f4792a3fe58f00b7e904ed8edce0c87c3bf50c1b8d26c5e5	1aa162f419a36610f4792a3fe58f00b7e904ed8edce0c87c3bf50c1b8d26c5e5	
UploadFiles/UploadFiles/201909/2019092916034844.jpg	UploadFiles/UploadFiles/201909/2019092916034844.jpg	134974	ff074fe7de76a6d301d9a5e24b56efbb9560f23308f8d81b31fedf7727af3dcb	ff074fe7de76a6d301d9a5e24b56efbb9560f23308f8d81b31fedf7727af3dcb	
UploadFiles/UploadFiles/201909/2019092916040466.png	UploadFiles/UploadFiles/201909/2019092916040466.png	27951	95576a23496b672c86925c54b848d8ed9f2007b5d2f958df0601a8d5be316cbc	95576a23496b672c86925c54b848d8ed9f2007b5d2f958df0601a8d5be316cbc	
UploadFiles/UploadFiles/201909/2019092916040474.png	UploadFiles/UploadFiles/201909/2019092916040474.png	29136	0b34e223d3be01fbfb3395e46f68248c5c1cf29d90bedda334fdc01b3a98cc83	0b34e223d3be01fbfb3395e46f68248c5c1cf29d90bedda334fdc01b3a98cc83	
UploadFiles/UploadFiles/201909/2019092916042670.jpg	UploadFiles/UploadFiles/201909/2019092916042670.jpg	105634	f0c957c7627da866e6b7b1869ac234d0f6b1b31414fbd321ab9d554f2d809537	f0c957c7627da866e6b7b1869ac234d0f6b1b31414fbd321ab9d554f2d809537	
UploadFiles/UploadFiles/201909/2019092916064729.jpg	UploadFiles/UploadFiles/201909/2019092916064729.jpg	122027	58bdad1084e378b51b82ca0a5ba1c24f2a867cb5b0699984f7b47d436f56385e	58bdad1084e378b51b82ca0a5ba1c24f2a867cb5b0699984f7b47d436f56385e	
UploadFiles/UploadFiles/201909/2019092916065717.jpg	UploadFiles/UploadFiles/201909/2019092916065717.jpg	90782	99a4e8077e512092a90458d18d86e1cb0038e26a25e3c491ebdb252bb4eae162	99a4e8077e512092a90458d18d86e1cb0038e26a25e3c491ebdb252bb4eae162	
UploadFiles/UploadFiles/201909/2019092916082405.jpg	UploadFiles/UploadFiles/201909/2019092916082405.jpg	142059	41436accf4c16eae3ffd77bbaae51401c79afe920651709968967cc1880f2364	41436accf4c16eae3ffd77bbaae51401c79afe920651709968967cc1880f2364	
UploadFiles/UploadFiles/201909/2019092916082413.jpg	UploadFiles/UploadFiles/201909/2019092916082413.jpg	156247	134a89dec8bb6462d0f927f925f9cdf4678a85f7ab8a01c255aadf4ed8651333	134a89dec8bb6462d0f927f925f9cdf4678a85f7ab8a01c255aadf4ed8651333	
UploadFiles/UploadFiles/201909/2019092916084638.jpg	UploadFiles/UploadFiles/201909/2019092916084638.jpg	190044	3808334d19daa23cec078acf5a4e5f1bb05d7d1b5b4d68e6148a13d25e9b6d51	3808334d19daa23cec078acf5a4e5f1bb05d7d1b5b4d68e6148a13d25e9b6d51	
UploadFiles/UploadFiles/201909/2019092916084646.jpg	UploadFiles/UploadFiles/201909/2019092916084646.jpg	180067	fe4d36ed7043858b1934578e30a9128855008730af7fbcd84851415750d03150	fe4d36ed7043858b1934578e30a9128855008730af7fbcd84851415750d03150	
UploadFiles/UploadFiles/201909/2019092916090452.jpg	UploadFiles/UploadFiles/201909/2019092916090452.jpg	172321	f5709942483a52f9304957a23cc815974a4f9575a911d70b42fa9b9a6375f849	f5709942483a52f9304957a23cc815974a4f9575a911d70b42fa9b9a6375f849	
UploadFiles/UploadFiles/201909/2019092916090460.jpg	UploadFiles/UploadFiles/201909/2019092916090460.jpg	163471	f552cb1456ebfd5966264b380ad3fc55920e8a557e8a96770b10e0ace2801eea	f552cb1456ebfd5966264b380ad3fc55920e8a557e8a96770b10e0ace2801eea	
UploadFiles/UploadFiles/201909/2019092916174675.jpg	UploadFiles/UploadFiles/201909/2019092916174675.jpg	128385	2c6e69e4ae8b23e9ab9f01c6ce18a2884d0be1d73eac3eeb104169269f4a905a	2c6e69e4ae8b23e9ab9f01c6ce18a2884d0be1d73eac3eeb104169269f4a905a	
UploadFiles/UploadFiles/201909/2019092916180198.jpg	UploadFiles/UploadFiles/201909/2019092916180198.jpg	96068	11d55705542bacaa1185d6a03a83508c58772bce1278075fd4d98f54d46a9903	11d55705542bacaa1185d6a03a83508c58772bce1278075fd4d98f54d46a9903	
UploadFiles/UploadFiles/201909/2019092916181302.jpg	UploadFiles/UploadFiles/201909/2019092916181302.jpg	132084	28959a0e1071c2cdd1d4954dfc26422a98e71ca419e008ca49a245b4a09daca0	28959a0e1071c2cdd1d4954dfc26422a98e71ca419e008ca49a245b4a09daca0	
UploadFiles/UploadFiles/201909/2019093009022607.png	UploadFiles/UploadFiles/201909/2019093009022607.png	45363	d69ca9f9b1b011772903c4f8e308bece1950ad534421935f4f1d48823fa59fc4	d69ca9f9b1b011772903c4f8e308bece1950ad534421935f4f1d48823fa59fc4	
UploadFiles/UploadFiles/201909/2019093009022616.png	UploadFiles/UploadFiles/201909/2019093009022616.png	42934	c682f88e0b09c5a8adbbeedb7636674ff7eeaeeb744d05237582c53f1b4899dc	c682f88e0b09c5a8adbbeedb7636674ff7eeaeeb744d05237582c53f1b4899dc	
UploadFiles/UploadFiles/201909/2019093009022620.png	UploadFiles/UploadFiles/201909/2019093009022620.png	40804	aee768bbf6762d8ee0e197813074d62b9c635062b271a324af245acd9dd08037	aee768bbf6762d8ee0e197813074d62b9c635062b271a324af245acd9dd08037	
UploadFiles/UploadFiles/201909/2019093009022633.png	UploadFiles/UploadFiles/201909/2019093009022633.png	34780	3a71782dd5c19e9fcfa5afe1399119092c876b40ffd3feca13c577b5706d999a	3a71782dd5c19e9fcfa5afe1399119092c876b40ffd3feca13c577b5706d999a	
UploadFiles/UploadFiles/201909/2019093009022637.png	UploadFiles/UploadFiles/201909/2019093009022637.png	29054	c957621016d927571eb0fa5de69d2473562ebdbd4f1a91f284509f71f042a30a	c957621016d927571eb0fa5de69d2473562ebdbd4f1a91f284509f71f042a30a	
UploadFiles/UploadFiles/201909/2019093009022638.png	UploadFiles/UploadFiles/201909/2019093009022638.png	37181	024751648019d208bc3f44e2f350627de39f35ed220416674b4717fb3ef695f3	024751648019d208bc3f44e2f350627de39f35ed220416674b4717fb3ef695f3	
UploadFiles/UploadFiles/201909/2019093009022653.png	UploadFiles/UploadFiles/201909/2019093009022653.png	40447	537a6416905109505ff9a78122c2915c2eadb1783c940b4eec5bda0ce28c1d4e	537a6416905109505ff9a78122c2915c2eadb1783c940b4eec5bda0ce28c1d4e	
UploadFiles/UploadFiles/201909/2019093009022655.png	UploadFiles/UploadFiles/201909/2019093009022655.png	42137	f612204d459b55a4dd05d762e8b36555fa73da13f043427fde1da80ba0a8cb2a	f612204d459b55a4dd05d762e8b36555fa73da13f043427fde1da80ba0a8cb2a	
UploadFiles/UploadFiles/201909/2019093009022658.png	UploadFiles/UploadFiles/201909/2019093009022658.png	28113	c42411f4fa0f4111040311c35d5de06928860c5a8f4c422d5fa7a6aeb6fe992b	c42411f4fa0f4111040311c35d5de06928860c5a8f4c422d5fa7a6aeb6fe992b	
UploadFiles/UploadFiles/201910/2019100714125170.jpg	UploadFiles/UploadFiles/201910/2019100714125170.jpg	4693148	291ebb7046790844af14b1365b1902c954fb7383a181ded9b25a919e9a91fe14	291ebb7046790844af14b1365b1902c954fb7383a181ded9b25a919e9a91fe14	
UploadFiles/UploadFiles/201910/2019100714135894.jpg	UploadFiles/UploadFiles/201910/2019100714135894.jpg	4304715	6180d4ddb5e9dc76f7c8db503bfedfd9e02bbaecc6f673729efc0de50ef0403d	6180d4ddb5e9dc76f7c8db503bfedfd9e02bbaecc6f673729efc0de50ef0403d	
UploadFiles/UploadFiles/201910/2019100714141190.jpg	UploadFiles/UploadFiles/201910/2019100714141190.jpg	4304715	6180d4ddb5e9dc76f7c8db503bfedfd9e02bbaecc6f673729efc0de50ef0403d	6180d4ddb5e9dc76f7c8db503bfedfd9e02bbaecc6f673729efc0de50ef0403d	
UploadFiles/UploadFiles/201910/2019100714143310.jpg	UploadFiles/UploadFiles/201910/2019100714143310.jpg	4647296	ac9f817e4526f815dc484be70e6c64fa9b53426769eb46284861f48fff76353c	ac9f817e4526f815dc484be70e6c64fa9b53426769eb46284861f48fff76353c	
UploadFiles/UploadFiles/201910/2019100714160397.jpg	UploadFiles/UploadFiles/201910/2019100714160397.jpg	4080159	cdcc323e777f7662df2319388ebfac5c147cc8c1023fb91bf859bda036c21198	cdcc323e777f7662df2319388ebfac5c147cc8c1023fb91bf859bda036c21198	
UploadFiles/UploadFiles/201910/2019100714170716.jpg	UploadFiles/UploadFiles/201910/2019100714170716.jpg	4080159	cdcc323e777f7662df2319388ebfac5c147cc8c1023fb91bf859bda036c21198	cdcc323e777f7662df2319388ebfac5c147cc8c1023fb91bf859bda036c21198	
UploadFiles/UploadFiles/201910/2019100714340206.png	UploadFiles/UploadFiles/201910/2019100714340206.png	200905	2a60475f5e537084821008c0ab90f9e501277dec36aa4ccb22d07e688c2e5d4e	2a60475f5e537084821008c0ab90f9e501277dec36aa4ccb22d07e688c2e5d4e	
UploadFiles/UploadFiles/201910/2019100714343310.png	UploadFiles/UploadFiles/201910/2019100714343310.png	200905	2a60475f5e537084821008c0ab90f9e501277dec36aa4ccb22d07e688c2e5d4e	2a60475f5e537084821008c0ab90f9e501277dec36aa4ccb22d07e688c2e5d4e	
UploadFiles/UploadFiles/201910/2019100714343395.png	UploadFiles/UploadFiles/201910/2019100714343395.png	175890	4e9b67fe0a32c902d25034872daca3fc9810c584e02627e198cfbfc57d3a5c09	4e9b67fe0a32c902d25034872daca3fc9810c584e02627e198cfbfc57d3a5c09	
UploadFiles/UploadFiles/201910/2019100809594720.jpg	UploadFiles/UploadFiles/201910/2019100809594720.jpg	216434	e55270b83f6ecde7a69167ffedf651ffdd591df0077a00f2a58d4315850f5e89	e55270b83f6ecde7a69167ffedf651ffdd591df0077a00f2a58d4315850f5e89	
UploadFiles/UploadFiles/201910/2019100809594729.jpg	UploadFiles/UploadFiles/201910/2019100809594729.jpg	178941	4c0df77fff221a3b5d82ca5a8b49a7adc6a79144a40fd914ae69c4bc2e1c75c7	4c0df77fff221a3b5d82ca5a8b49a7adc6a79144a40fd914ae69c4bc2e1c75c7	
UploadFiles/UploadFiles/201910/2019100809594742.jpg	UploadFiles/UploadFiles/201910/2019100809594742.jpg	126905	3fe65cf4b8ce45eb98fb432bc069b2b52f106a577732a36d438d7c19ca6cad4c	3fe65cf4b8ce45eb98fb432bc069b2b52f106a577732a36d438d7c19ca6cad4c	
UploadFiles/UploadFiles/201910/2019100810000840.png	UploadFiles/UploadFiles/201910/2019100810000840.png	479612	711f65cea381933b8f9037ecae8759a73a82a847c3753b51d7952363d346eb00	711f65cea381933b8f9037ecae8759a73a82a847c3753b51d7952363d346eb00	
UploadFiles/UploadFiles/201910/2019100810003010.png	UploadFiles/UploadFiles/201910/2019100810003010.png	419616	27fa44cbae5092e1e2b096d14b602d16ec29d1326609db403f088a83beb65273	27fa44cbae5092e1e2b096d14b602d16ec29d1326609db403f088a83beb65273	
UploadFiles/UploadFiles/201910/2019100810004356.jpg	UploadFiles/UploadFiles/201910/2019100810004356.jpg	117383	7819cd836c1a7e07ee0ad20fccf10675f7428034bbb7d823efd395edb89c6d73	7819cd836c1a7e07ee0ad20fccf10675f7428034bbb7d823efd395edb89c6d73	
UploadFiles/UploadFiles/201910/2019100810010486.jpg	UploadFiles/UploadFiles/201910/2019100810010486.jpg	53588	2935f289a11123c8bdf7856b43760fc393fff70676fde262ecadd753a56344b8	2935f289a11123c8bdf7856b43760fc393fff70676fde262ecadd753a56344b8	
UploadFiles/UploadFiles/201910/2019100810110217.jpg	UploadFiles/UploadFiles/201910/2019100810110217.jpg	3851712	38046ffbed77b6e8ab980a139a996d4f0b09f955b8f8c4bf919b49c67e8bdb58	38046ffbed77b6e8ab980a139a996d4f0b09f955b8f8c4bf919b49c67e8bdb58	
UploadFiles/UploadFiles/201910/2019100810112259.jpg	UploadFiles/UploadFiles/201910/2019100810112259.jpg	196574	4ed5279a89838abb15a839cacbfde41fce33afc7491a601ceab199e0c5ef4e5c	4ed5279a89838abb15a839cacbfde41fce33afc7491a601ceab199e0c5ef4e5c	
UploadFiles/UploadFiles/201910/2019100810115061.png	UploadFiles/UploadFiles/201910/2019100810115061.png	545918	3bf53185b6d28804c2ae8126163bcb3755c836de3d1c77a46d25a89469111313	3bf53185b6d28804c2ae8126163bcb3755c836de3d1c77a46d25a89469111313	
UploadFiles/UploadFiles/201910/2019100810130555.png	UploadFiles/UploadFiles/201910/2019100810130555.png	507602	44ec60942dd9db7de649be7435c37610d4b23df7b5e38eb4d715f3f1a313460d	44ec60942dd9db7de649be7435c37610d4b23df7b5e38eb4d715f3f1a313460d	
UploadFiles/UploadFiles/201910/2019100810132679.jpg	UploadFiles/UploadFiles/201910/2019100810132679.jpg	268091	bf700f49b49b4eb6b08eece829e1685835257f79655b3d9507f301e4e2baf058	bf700f49b49b4eb6b08eece829e1685835257f79655b3d9507f301e4e2baf058	
UploadFiles/UploadFiles/201910/2019100810135103.jpg	UploadFiles/UploadFiles/201910/2019100810135103.jpg	247028	642b7b8f7a71237dc83d224b1155a31f9ca38e5f1c5460af51f2ca397e7288f3	642b7b8f7a71237dc83d224b1155a31f9ca38e5f1c5460af51f2ca397e7288f3	
UploadFiles/UploadFiles/201910/2019100810141082.jpg	UploadFiles/UploadFiles/201910/2019100810141082.jpg	209299	66015865de528f57b742c7fd143b71b279e988ecb1359f688342b19e7572cf76	66015865de528f57b742c7fd143b71b279e988ecb1359f688342b19e7572cf76	
UploadFiles/UploadFiles/201910/2019100810143664.png	UploadFiles/UploadFiles/201910/2019100810143664.png	541635	4f2195be36452e83e171b864740ad0c22e6eecd5057002bf597cd6f7cd3773f1	4f2195be36452e83e171b864740ad0c22e6eecd5057002bf597cd6f7cd3773f1	
UploadFiles/UploadFiles/201910/2019100810145187.png	UploadFiles/UploadFiles/201910/2019100810145187.png	943400	aff7aa322e31dd20b3501daf280705502a3a853cb8c7ffa391a76f5c2278944b	aff7aa322e31dd20b3501daf280705502a3a853cb8c7ffa391a76f5c2278944b	
UploadFiles/UploadFiles/201910/2019100915372230.jpg	UploadFiles/UploadFiles/201910/2019100915372230.jpg	253868	8b41386df6f5f368f8b4e575ac6ae109bbdf173eb1b107ad08129fd561f880e3	8b41386df6f5f368f8b4e575ac6ae109bbdf173eb1b107ad08129fd561f880e3	
UploadFiles/UploadFiles/201910/2019100915372238.jpg	UploadFiles/UploadFiles/201910/2019100915372238.jpg	269616	71ee8e5b423dd0f45cfb63f28e3d37a9c29e370f9f4f71e326abfbca14af6d92	71ee8e5b423dd0f45cfb63f28e3d37a9c29e370f9f4f71e326abfbca14af6d92	
UploadFiles/UploadFiles/201910/2019100915380809.jpg	UploadFiles/UploadFiles/201910/2019100915380809.jpg	199961	773a99703269a0651e14e55e3dece14f58da04d8580fd7c24f07600d8c8a67a9	773a99703269a0651e14e55e3dece14f58da04d8580fd7c24f07600d8c8a67a9	
UploadFiles/UploadFiles/201910/2019100915380817.png	UploadFiles/UploadFiles/201910/2019100915380817.png	884890	9292fa1dc1157ebca0bb2af4eaff7a6b2c71e73b03af578a61fba6e90d981736	9292fa1dc1157ebca0bb2af4eaff7a6b2c71e73b03af578a61fba6e90d981736	
UploadFiles/UploadFiles/201910/2019100915382997.jpg	UploadFiles/UploadFiles/201910/2019100915382997.jpg	186689	1f5275005fd50ccd8fe412930e18348c8a606510c054ec6eafa3c3c1bde96787	1f5275005fd50ccd8fe412930e18348c8a606510c054ec6eafa3c3c1bde96787	
UploadFiles/UploadFiles/201910/2019100915384405.png	UploadFiles/UploadFiles/201910/2019100915384405.png	826856	2806ee9fda9aa7d1022c77ec940f694ed938e0fa1ad5332044fc9fdacaa68498	2806ee9fda9aa7d1022c77ec940f694ed938e0fa1ad5332044fc9fdacaa68498	
UploadFiles/UploadFiles/201910/2019100915390458.jpg	UploadFiles/UploadFiles/201910/2019100915390458.jpg	192270	29ea505c569a2a369ae733ebc222a686f831f9dc008e4a83c8a4f2506013408a	29ea505c569a2a369ae733ebc222a686f831f9dc008e4a83c8a4f2506013408a	
UploadFiles/UploadFiles/201910/2019100915393182.png	UploadFiles/UploadFiles/201910/2019100915393182.png	832034	c721877d8c02c2ce4a4813854c352a5bbecd2cfc71db09f63e5e9eaebbf8f19f	c721877d8c02c2ce4a4813854c352a5bbecd2cfc71db09f63e5e9eaebbf8f19f	
UploadFiles/UploadFiles/201910/2019100915393190.png	UploadFiles/UploadFiles/201910/2019100915393190.png	572221	b8c53356a4e52fe473a49284b9ab401bd82309e101af9a4269ab844421e0a850	b8c53356a4e52fe473a49284b9ab401bd82309e101af9a4269ab844421e0a850	
UploadFiles/UploadFiles/201910/2019101119134726.jpg	UploadFiles/UploadFiles/201910/2019101119134726.jpg	331914	036c59aa92ff12bc37d38140d04dc8de4e0eb16becdd08eaf2cd8fc53f54e069	036c59aa92ff12bc37d38140d04dc8de4e0eb16becdd08eaf2cd8fc53f54e069	
UploadFiles/UploadFiles/201910/2019101410035056.jpg	UploadFiles/UploadFiles/201910/2019101410035056.jpg	270878	ccf72d354aed7f6f7161cd3c9258b606ff75ca4b351eee6cb46526f4bf198e8d	ccf72d354aed7f6f7161cd3c9258b606ff75ca4b351eee6cb46526f4bf198e8d	
UploadFiles/UploadFiles/201910/2019101410035064.jpg	UploadFiles/UploadFiles/201910/2019101410035064.jpg	42630	c79c08038327759c410370b3056b5245f49b58e5dbe84fe106395a8381ee392d	c79c08038327759c410370b3056b5245f49b58e5dbe84fe106395a8381ee392d	
UploadFiles/UploadFiles/201910/2019101410041510.jpg	UploadFiles/UploadFiles/201910/2019101410041510.jpg	330049	3d3ab8147434a79be35504526c6977fd2a14a3c4c2007303ff59491b06beeafe	3d3ab8147434a79be35504526c6977fd2a14a3c4c2007303ff59491b06beeafe	
UploadFiles/UploadFiles/201910/2019101410041518.jpg	UploadFiles/UploadFiles/201910/2019101410041518.jpg	81311	26e47329eeb55b5f98985a8abdec79edc663bee4916f47e6ad00cdf932820e84	26e47329eeb55b5f98985a8abdec79edc663bee4916f47e6ad00cdf932820e84	
UploadFiles/UploadFiles/201910/2019101410281867.jpg	UploadFiles/UploadFiles/201910/2019101410281867.jpg	163974	c818191f3dc8ead8f027dd871dc3ed4e3dd6075a1b40f3cdc4e65d7a72f72ac1	c818191f3dc8ead8f027dd871dc3ed4e3dd6075a1b40f3cdc4e65d7a72f72ac1	
UploadFiles/UploadFiles/201910/2019101410281875.jpg	UploadFiles/UploadFiles/201910/2019101410281875.jpg	154331	0447480ac128d849143da12d336143434c5a5887d8c612b466334a0650fb4d20	0447480ac128d849143da12d336143434c5a5887d8c612b466334a0650fb4d20	
UploadFiles/UploadFiles/201910/2019101410284505.jpg	UploadFiles/UploadFiles/201910/2019101410284505.jpg	239423	e3d369973d25a31586251f8aff0809d6023804995be0ce59246fe7213bdb69ca	e3d369973d25a31586251f8aff0809d6023804995be0ce59246fe7213bdb69ca	
UploadFiles/UploadFiles/201910/2019101410284513.jpg	UploadFiles/UploadFiles/201910/2019101410284513.jpg	208884	49795dc021f7bf0face56d208ca6ab0786a097b362fae993de4b9fe804ea64ad	49795dc021f7bf0face56d208ca6ab0786a097b362fae993de4b9fe804ea64ad	
UploadFiles/UploadFiles/201910/2019101410284528.jpg	UploadFiles/UploadFiles/201910/2019101410284528.jpg	127527	7a598779bbc16642ab5cc43e66b14cc6eb002197615e20ffa5d5c659092d1b04	7a598779bbc16642ab5cc43e66b14cc6eb002197615e20ffa5d5c659092d1b04	
UploadFiles/UploadFiles/201910/2019101410284582.jpg	UploadFiles/UploadFiles/201910/2019101410284582.jpg	130393	77c82294ffd23f3c38b85d3549db36ebf850fbee7dbf731f09841602bb2dc869	77c82294ffd23f3c38b85d3549db36ebf850fbee7dbf731f09841602bb2dc869	
UploadFiles/UploadFiles/201910/2019101410291733.jpg	UploadFiles/UploadFiles/201910/2019101410291733.jpg	244246	046fc12cfd83f5be419bf71ea78efbeb9b76d869e4e7dae927b2203c1d838c80	046fc12cfd83f5be419bf71ea78efbeb9b76d869e4e7dae927b2203c1d838c80	
UploadFiles/UploadFiles/201910/2019101410291754.jpg	UploadFiles/UploadFiles/201910/2019101410291754.jpg	261682	fc4277d090f9ed4ee3b5a879e15acf3a505c07f2a264774f0676b0bbeea8629c	fc4277d090f9ed4ee3b5a879e15acf3a505c07f2a264774f0676b0bbeea8629c	
UploadFiles/UploadFiles/201910/2019101410291763.jpg	UploadFiles/UploadFiles/201910/2019101410291763.jpg	266471	d2d1c2108a0619a53c342d2df0f9211ac3247d893397865e5f84d1bb45050914	d2d1c2108a0619a53c342d2df0f9211ac3247d893397865e5f84d1bb45050914	
UploadFiles/UploadFiles/201910/2019101410291772.jpg	UploadFiles/UploadFiles/201910/2019101410291772.jpg	280549	1c7c4e6e4edc6f9a75e1d50cfe1bf5988fb1847e8c1abea47033ebf17fcf9d8b	1c7c4e6e4edc6f9a75e1d50cfe1bf5988fb1847e8c1abea47033ebf17fcf9d8b	
UploadFiles/UploadFiles/201910/2019101410293635.jpg	UploadFiles/UploadFiles/201910/2019101410293635.jpg	197429	e9fddbbc81717e2cabb389e9197eda6509af0ea93357c2f1c2db73d9591e1c92	e9fddbbc81717e2cabb389e9197eda6509af0ea93357c2f1c2db73d9591e1c92	
UploadFiles/UploadFiles/201910/2019101514162780.jpg	UploadFiles/UploadFiles/201910/2019101514162780.jpg	47411	b910d97f7d3ba7996e707bc706fca95f3f38600a5a9ad862ea9ec73dd9604297	b910d97f7d3ba7996e707bc706fca95f3f38600a5a9ad862ea9ec73dd9604297	
UploadFiles/UploadFiles/201910/2019101614195217.jpg	UploadFiles/UploadFiles/201910/2019101614195217.jpg	26000	462f134498a8ffe39216950b41d398e03b281cec30d38b595b50147cb3437677	462f134498a8ffe39216950b41d398e03b281cec30d38b595b50147cb3437677	
UploadFiles/UploadFiles/201910/2019101614195230.jpg	UploadFiles/UploadFiles/201910/2019101614195230.jpg	75232	29a41bc977955d2da2548714025cd8f25163fd5eab11f6df77e44b37b6f173b9	29a41bc977955d2da2548714025cd8f25163fd5eab11f6df77e44b37b6f173b9	
UploadFiles/UploadFiles/201910/2019101614195252.jpg	UploadFiles/UploadFiles/201910/2019101614195252.jpg	74143	950589a0e7d4ebbfdcf9b0d8e09616ea75400ecc82963b45156c04414fe2459d	950589a0e7d4ebbfdcf9b0d8e09616ea75400ecc82963b45156c04414fe2459d	
UploadFiles/UploadFiles/201910/2019101614195260.jpg	UploadFiles/UploadFiles/201910/2019101614195260.jpg	90933	6548eb44bc99f970d5f3be13a8d0f0574624d522896840decf5cde25e7aa9c6d	6548eb44bc99f970d5f3be13a8d0f0574624d522896840decf5cde25e7aa9c6d	
UploadFiles/UploadFiles/201910/2019101614195269.jpg	UploadFiles/UploadFiles/201910/2019101614195269.jpg	58210	cc5ee4ee7c07f864d72196fca2e9834fb7ccc83f71e7f1c7386a2e3174982a02	cc5ee4ee7c07f864d72196fca2e9834fb7ccc83f71e7f1c7386a2e3174982a02	
UploadFiles/UploadFiles/201910/2019101614195270.jpg	UploadFiles/UploadFiles/201910/2019101614195270.jpg	8613	194cd8ec443fb330374505460a2917fde836178823202480572237bd6170ea2a	194cd8ec443fb330374505460a2917fde836178823202480572237bd6170ea2a	
UploadFiles/UploadFiles/201910/2019101614195283.jpg	UploadFiles/UploadFiles/201910/2019101614195283.jpg	21680	7b0ed65d57e527be78dde62348a189aebcc66d0a410bc7118fef027b4c116e86	7b0ed65d57e527be78dde62348a189aebcc66d0a410bc7118fef027b4c116e86	
UploadFiles/UploadFiles/201910/2019101614195288.jpg	UploadFiles/UploadFiles/201910/2019101614195288.jpg	67363	25661c0d7d8e309890bbaad03de6f81587ae4fed9ddfef31b5ff0bac10fabde0	25661c0d7d8e309890bbaad03de6f81587ae4fed9ddfef31b5ff0bac10fabde0	
UploadFiles/UploadFiles/201910/2019101614195297.jpg	UploadFiles/UploadFiles/201910/2019101614195297.jpg	55856	5cf807ae7943b27c7bb64f82a3b920296141767585c1f594020d9c32883d6210	5cf807ae7943b27c7bb64f82a3b920296141767585c1f594020d9c32883d6210	
UploadFiles/UploadFiles/201910/2019101614204024.jpg	UploadFiles/UploadFiles/201910/2019101614204024.jpg	63911	ff3d1aca2647b8be414c0869d2adc4c020104d8c8945906a0ba74f8572e2e8f9	ff3d1aca2647b8be414c0869d2adc4c020104d8c8945906a0ba74f8572e2e8f9	
UploadFiles/UploadFiles/201910/2019101614204034.jpg	UploadFiles/UploadFiles/201910/2019101614204034.jpg	100107	04e6f3caeab231baa9ff9a9eed5e6bb2c6a992aed0539372b64eafa507b4b209	04e6f3caeab231baa9ff9a9eed5e6bb2c6a992aed0539372b64eafa507b4b209	
UploadFiles/UploadFiles/201910/2019101614204046.jpg	UploadFiles/UploadFiles/201910/2019101614204046.jpg	35830	bf152d5e85223862ad0662b64d3979a93d2f46efa613e1911142aa3beb57009c	bf152d5e85223862ad0662b64d3979a93d2f46efa613e1911142aa3beb57009c	
UploadFiles/UploadFiles/201910/2019101614204051.jpg	UploadFiles/UploadFiles/201910/2019101614204051.jpg	79708	264293f9107a1d4c2df43fa0485486def4b7b89185bd9d8c9a6192db2d72d113	264293f9107a1d4c2df43fa0485486def4b7b89185bd9d8c9a6192db2d72d113	
UploadFiles/UploadFiles/201910/2019101614204054.jpg	UploadFiles/UploadFiles/201910/2019101614204054.jpg	53451	e0dc60235e430df76934b4a8646b0579690705e100cbb5c361d9ff0ec4d75045	e0dc60235e430df76934b4a8646b0579690705e100cbb5c361d9ff0ec4d75045	
UploadFiles/UploadFiles/201910/2019101614204060.jpg	UploadFiles/UploadFiles/201910/2019101614204060.jpg	60841	39c4d6aba9acd1a1f5960bda73d5c2271fe107f1d3f96061f7b0752acea177c2	39c4d6aba9acd1a1f5960bda73d5c2271fe107f1d3f96061f7b0752acea177c2	
UploadFiles/UploadFiles/201910/2019101614204070.jpg	UploadFiles/UploadFiles/201910/2019101614204070.jpg	104238	274adcf22c7bbb9c65c00c338c338443f8588580b05b2df972bfa392c1a5b0ef	274adcf22c7bbb9c65c00c338c338443f8588580b05b2df972bfa392c1a5b0ef	
UploadFiles/UploadFiles/201910/2019101615543618.jpg	UploadFiles/UploadFiles/201910/2019101615543618.jpg	311314	fa382a66289ea187f75820c638dad258cd2da8a34a791bf77cc4a13046322560	fa382a66289ea187f75820c638dad258cd2da8a34a791bf77cc4a13046322560	
UploadFiles/UploadFiles/201910/2019101615545827.jpg	UploadFiles/UploadFiles/201910/2019101615545827.jpg	3498813	b0460ace0e4e1e29743f8449f30002556a0b785762c1921481cbeb4548a002a6	b0460ace0e4e1e29743f8449f30002556a0b785762c1921481cbeb4548a002a6	
UploadFiles/UploadFiles/201910/2019101615545848.jpg	UploadFiles/UploadFiles/201910/2019101615545848.jpg	178163	5ddbc96710599bc74e8052308a3710fdbc2f66a87847bb4cbeb76e0291950562	5ddbc96710599bc74e8052308a3710fdbc2f66a87847bb4cbeb76e0291950562	
UploadFiles/UploadFiles/201910/2019101615545857.jpg	UploadFiles/UploadFiles/201910/2019101615545857.jpg	208434	f09f343e19906eb55b7851897a15f47f05289ae7caa715f2775420ff4c82bd54	f09f343e19906eb55b7851897a15f47f05289ae7caa715f2775420ff4c82bd54	
UploadFiles/UploadFiles/201910/2019101615545860.jpg	UploadFiles/UploadFiles/201910/2019101615545860.jpg	284334	13eddec15dd87ec6ae7a518aeea1b2447a785a3d207ba6028e8285f901a8c03d	13eddec15dd87ec6ae7a518aeea1b2447a785a3d207ba6028e8285f901a8c03d	
UploadFiles/UploadFiles/201910/2019101616453344.jpg	UploadFiles/UploadFiles/201910/2019101616453344.jpg	1622723	3bac3c1a38b90fb7495044b546b24176cb482e6fb4d178cafe0bbe0bc0429203	3bac3c1a38b90fb7495044b546b24176cb482e6fb4d178cafe0bbe0bc0429203	
UploadFiles/UploadFiles/201910/2019101810480774.jpg	UploadFiles/UploadFiles/201910/2019101810480774.jpg	51859	c24af15d4cff581b1bcb24c683c623703f317aafb52a3452cc9455f5995d52b3	c24af15d4cff581b1bcb24c683c623703f317aafb52a3452cc9455f5995d52b3	
UploadFiles/UploadFiles/201910/2019101810484117.jpg	UploadFiles/UploadFiles/201910/2019101810484117.jpg	193481	dabb36a5cf7b2ba29f1924f0e8e51612a2e075fd867e8b27a67da17e58defa0b	dabb36a5cf7b2ba29f1924f0e8e51612a2e075fd867e8b27a67da17e58defa0b	
UploadFiles/UploadFiles/201910/2019101810485950.jpg	UploadFiles/UploadFiles/201910/2019101810485950.jpg	53201	e1e52b3daa72e81bd0959eb6a1de0b2eabd14b24757ba43fdbab91d569a0966e	e1e52b3daa72e81bd0959eb6a1de0b2eabd14b24757ba43fdbab91d569a0966e	
UploadFiles/UploadFiles/201910/2019102117551951.jpg	UploadFiles/UploadFiles/201910/2019102117551951.jpg	5055906	35540ef03967e41e4aeffe510584848b35f088d92f1f5df97da11fb9ff76bec0	35540ef03967e41e4aeffe510584848b35f088d92f1f5df97da11fb9ff76bec0	
UploadFiles/UploadFiles/201910/2019102117554563.jpg	UploadFiles/UploadFiles/201910/2019102117554563.jpg	5055906	35540ef03967e41e4aeffe510584848b35f088d92f1f5df97da11fb9ff76bec0	35540ef03967e41e4aeffe510584848b35f088d92f1f5df97da11fb9ff76bec0	
UploadFiles/UploadFiles/201910/2019102117561612.jpg	UploadFiles/UploadFiles/201910/2019102117561612.jpg	5055906	35540ef03967e41e4aeffe510584848b35f088d92f1f5df97da11fb9ff76bec0	35540ef03967e41e4aeffe510584848b35f088d92f1f5df97da11fb9ff76bec0	
UploadFiles/UploadFiles/201910/2019102213422810.png	UploadFiles/UploadFiles/201910/2019102213422810.png	2835047	d3132743ce1ac591bd8c3d414643bb10f4ec3b2411cb4e1a71292b7732b6ba18	d3132743ce1ac591bd8c3d414643bb10f4ec3b2411cb4e1a71292b7732b6ba18	
UploadFiles/UploadFiles/201910/2019102214123331.jpg	UploadFiles/UploadFiles/201910/2019102214123331.jpg	6790299	4c5cb1e32b8946cde83a9b36880c2ed96719c3e6b856d1da86f4692b9454eaad	4c5cb1e32b8946cde83a9b36880c2ed96719c3e6b856d1da86f4692b9454eaad	
UploadFiles/UploadFiles/201910/2019102215380986.jpg	UploadFiles/UploadFiles/201910/2019102215380986.jpg	284877	0b75ffcfcf2a6c4c69e04bbf24f950f9d4a653ac223d8d37d9a32d89ec1b9f48	0b75ffcfcf2a6c4c69e04bbf24f950f9d4a653ac223d8d37d9a32d89ec1b9f48	
UploadFiles/UploadFiles/201910/2019102215384786.jpg	UploadFiles/UploadFiles/201910/2019102215384786.jpg	205165	1f7effbcf1a237f5fd97e2b39a0352b58b1bce1bafb3b28c4c276de081153eec	1f7effbcf1a237f5fd97e2b39a0352b58b1bce1bafb3b28c4c276de081153eec	
UploadFiles/UploadFiles/201910/2019102215384794.jpg	UploadFiles/UploadFiles/201910/2019102215384794.jpg	216535	dad0234ab1558923d5c6930493a2cff499b241be2e3e7071167a92cc796b4b4d	dad0234ab1558923d5c6930493a2cff499b241be2e3e7071167a92cc796b4b4d	
UploadFiles/UploadFiles/201910/2019102215391858.jpg	UploadFiles/UploadFiles/201910/2019102215391858.jpg	191708	8c1b5fd78a605f3c71c327996bb162fd6d7eefc76a0ca41965cbcc80fb93d88a	8c1b5fd78a605f3c71c327996bb162fd6d7eefc76a0ca41965cbcc80fb93d88a	
UploadFiles/UploadFiles/201910/2019102215391879.jpg	UploadFiles/UploadFiles/201910/2019102215391879.jpg	314573	edf9f4f499a9291278a72113eb8a67d0f8480f5ac56214d47d5d1c28a5cbdd75	edf9f4f499a9291278a72113eb8a67d0f8480f5ac56214d47d5d1c28a5cbdd75	
UploadFiles/UploadFiles/201910/2019102215391880.jpg	UploadFiles/UploadFiles/201910/2019102215391880.jpg	204441	6a5d7841c02401e3cea47807631b77a5d192d62a660ce02446a3c508a3b7705f	6a5d7841c02401e3cea47807631b77a5d192d62a660ce02446a3c508a3b7705f	
UploadFiles/UploadFiles/201910/2019102215391894.jpg	UploadFiles/UploadFiles/201910/2019102215391894.jpg	260022	1b03f5f79a0c9fb280006c4929ef1cc923fac2c64da257fab1f012aa4c2cecc3	1b03f5f79a0c9fb280006c4929ef1cc923fac2c64da257fab1f012aa4c2cecc3	
UploadFiles/UploadFiles/201910/2019102215391897.jpg	UploadFiles/UploadFiles/201910/2019102215391897.jpg	309685	60d9e6727e0a35f976ff00c1d0df1e15c6ccf783e3f004f4ff2157803705c1f6	60d9e6727e0a35f976ff00c1d0df1e15c6ccf783e3f004f4ff2157803705c1f6	
UploadFiles/UploadFiles/201910/2019102215392651.png	UploadFiles/UploadFiles/201910/2019102215392651.png	2727072	9612cd12dc1d8622eed494db9c449ade4ff4c4a2add08f70896ffaa22928d5d4	9612cd12dc1d8622eed494db9c449ade4ff4c4a2add08f70896ffaa22928d5d4	
UploadFiles/UploadFiles/201910/2019102215392665.png	UploadFiles/UploadFiles/201910/2019102215392665.png	2954968	2e0c4588c3f829e4b4d592b6c7afbe546f5930330a0c7cb13895e5a3eb76b8e6	2e0c4588c3f829e4b4d592b6c7afbe546f5930330a0c7cb13895e5a3eb76b8e6	
UploadFiles/UploadFiles/201910/2019102215400502.jpg	UploadFiles/UploadFiles/201910/2019102215400502.jpg	209496	42e58f0cacfe5e92b6aabe64ef1c9cd4b38dd60683119eba86d0f95bcf13684f	42e58f0cacfe5e92b6aabe64ef1c9cd4b38dd60683119eba86d0f95bcf13684f	
UploadFiles/UploadFiles/201910/2019102215400504.jpg	UploadFiles/UploadFiles/201910/2019102215400504.jpg	167261	a8084d5e41428b5076e77cf099363ae9394f4779c5f8d4db85f7a3ca002a013c	a8084d5e41428b5076e77cf099363ae9394f4779c5f8d4db85f7a3ca002a013c	
UploadFiles/UploadFiles/201910/2019102215400518.jpg	UploadFiles/UploadFiles/201910/2019102215400518.jpg	182065	9f2aca788b23b72399a1b8fe8a6cac6c067d8c64dbcce82e00a4c89640ed62ad	9f2aca788b23b72399a1b8fe8a6cac6c067d8c64dbcce82e00a4c89640ed62ad	
UploadFiles/UploadFiles/201910/2019102215400521.jpg	UploadFiles/UploadFiles/201910/2019102215400521.jpg	200188	7717e2bf78c9668bca61bd520270606b9ded833075b7ec40b387f198be9c35da	7717e2bf78c9668bca61bd520270606b9ded833075b7ec40b387f198be9c35da	
UploadFiles/UploadFiles/201910/2019102215400581.jpg	UploadFiles/UploadFiles/201910/2019102215400581.jpg	171439	4206089acd301a64cadf59d812ea5231e1f25a118298876ede18404ca1c591c5	4206089acd301a64cadf59d812ea5231e1f25a118298876ede18404ca1c591c5	
UploadFiles/UploadFiles/201910/2019102215400584.jpg	UploadFiles/UploadFiles/201910/2019102215400584.jpg	192929	8c5f272c39bf34caf8e46f9b7a9ba04ae89b42232c32305855dad2573bffae2d	8c5f272c39bf34caf8e46f9b7a9ba04ae89b42232c32305855dad2573bffae2d	
UploadFiles/UploadFiles/201910/2019102215452007.jpg	UploadFiles/UploadFiles/201910/2019102215452007.jpg	88588	46f67730a15890c3fa39515f8318e5ce607246774100a70cb0b508d34b87897a	46f67730a15890c3fa39515f8318e5ce607246774100a70cb0b508d34b87897a	
UploadFiles/UploadFiles/201910/2019102215452098.jpg	UploadFiles/UploadFiles/201910/2019102215452098.jpg	37608	8a50308e636680e7b46bf0831623202244e0aa2560f5ff54c09e7889bee44ff9	8a50308e636680e7b46bf0831623202244e0aa2560f5ff54c09e7889bee44ff9	
UploadFiles/UploadFiles/201910/2019102215454388.jpg	UploadFiles/UploadFiles/201910/2019102215454388.jpg	140918	f63a7075d4f3b8c5ef844cc8f3240deb3738e411852753a8a4e7bd3e58cd8729	f63a7075d4f3b8c5ef844cc8f3240deb3738e411852753a8a4e7bd3e58cd8729	
UploadFiles/UploadFiles/201910/2019102215454396.jpg	UploadFiles/UploadFiles/201910/2019102215454396.jpg	7862	217aa29c666cfe824b9085bba2a2c6b7b6a8893c17d21b1440f00ebe19aeaa7e	217aa29c666cfe824b9085bba2a2c6b7b6a8893c17d21b1440f00ebe19aeaa7e	
UploadFiles/UploadFiles/201910/2019102307543892.jpg	UploadFiles/UploadFiles/201910/2019102307543892.jpg	35091	1d2f623bde09d3cdda8e01551fb00d9393a5e85e5bc100aee37ba01a187e2925	1d2f623bde09d3cdda8e01551fb00d9393a5e85e5bc100aee37ba01a187e2925	
UploadFiles/UploadFiles/201910/2019102309190123.jpg	UploadFiles/UploadFiles/201910/2019102309190123.jpg	158981	e5d7edb41e7575d8ecd3e520697387aa2eff687f03e40ecae38c262c2038529b	e5d7edb41e7575d8ecd3e520697387aa2eff687f03e40ecae38c262c2038529b	
UploadFiles/UploadFiles/201910/2019102309191861.jpg	UploadFiles/UploadFiles/201910/2019102309191861.jpg	110294	c78ce19077cae92a9a7ee3c3f843a7898ab8970ecf315ce2f19203cd9a50bfd7	c78ce19077cae92a9a7ee3c3f843a7898ab8970ecf315ce2f19203cd9a50bfd7	
UploadFiles/UploadFiles/201910/2019102309193587.jpg	UploadFiles/UploadFiles/201910/2019102309193587.jpg	102044	dca3f9c7f6ed2f5170903a3387b407294022d9c76531d0d8fe72124e3f9f57ca	dca3f9c7f6ed2f5170903a3387b407294022d9c76531d0d8fe72124e3f9f57ca	
UploadFiles/UploadFiles/201910/2019102309194852.jpg	UploadFiles/UploadFiles/201910/2019102309194852.jpg	143837	75b3cffd28117daa3e9785b1a71737f910e3f489b8fbddc084bb14bc708e4e92	75b3cffd28117daa3e9785b1a71737f910e3f489b8fbddc084bb14bc708e4e92	
UploadFiles/UploadFiles/201910/2019102311064593.png	UploadFiles/UploadFiles/201910/2019102311064593.png	2845997	1709cb47467e88b467fe29bd3cea964f2b668536e3f6a7fb33fc187fe99b990d	1709cb47467e88b467fe29bd3cea964f2b668536e3f6a7fb33fc187fe99b990d	
UploadFiles/UploadFiles/201910/2019102312405631.png	UploadFiles/UploadFiles/201910/2019102312405631.png	34983	2f8a7706285c8f6ad563448c325e076b12961f1c4a293ef3e41923eac512ca16	2f8a7706285c8f6ad563448c325e076b12961f1c4a293ef3e41923eac512ca16	
UploadFiles/UploadFiles/201910/2019102408470564.jpg	UploadFiles/UploadFiles/201910/2019102408470564.jpg	199446	d61ec7fd4e35bd12e83069af87599c9379fb8b74179aa73272ef3a4043211175	d61ec7fd4e35bd12e83069af87599c9379fb8b74179aa73272ef3a4043211175	
UploadFiles/UploadFiles/201910/2019102408470568.jpg	UploadFiles/UploadFiles/201910/2019102408470568.jpg	1966874	e2da0e4e308945f58e0132fcdcdf95954c2a2d15ec2b90eaf27aced59ebdd3f2	e2da0e4e308945f58e0132fcdcdf95954c2a2d15ec2b90eaf27aced59ebdd3f2	
UploadFiles/UploadFiles/201910/2019102408473891.jpg	UploadFiles/UploadFiles/201910/2019102408473891.jpg	146144	574a4926e72acc2c863b91b798dfa56eb0b6bf06809299a4bb417684073a9c8c	574a4926e72acc2c863b91b798dfa56eb0b6bf06809299a4bb417684073a9c8c	
UploadFiles/UploadFiles/201910/2019102408475791.jpg	UploadFiles/UploadFiles/201910/2019102408475791.jpg	126973	036467c3a987b65c2489b2b5afae9a19e485fc27ed6af8e08e8c54637290860c	036467c3a987b65c2489b2b5afae9a19e485fc27ed6af8e08e8c54637290860c	
UploadFiles/UploadFiles/201910/2019102408481444.jpg	UploadFiles/UploadFiles/201910/2019102408481444.jpg	63473	5a16287580a2003463b5e737b1aab19457e17a31554302c5f5f10cc33e280732	5a16287580a2003463b5e737b1aab19457e17a31554302c5f5f10cc33e280732	
UploadFiles/UploadFiles/201910/2019102408483147.jpg	UploadFiles/UploadFiles/201910/2019102408483147.jpg	233570	5af52e3fa42b4c072238a91a75d951b3a415c143810377125e83a4e76e8e6e56	5af52e3fa42b4c072238a91a75d951b3a415c143810377125e83a4e76e8e6e56	
UploadFiles/UploadFiles/201910/2019102408485111.jpg	UploadFiles/UploadFiles/201910/2019102408485111.jpg	90686	3f2c7260df789fc4a652116102775cd62e2460a7e3f620fd681391ce5d9218b2	3f2c7260df789fc4a652116102775cd62e2460a7e3f620fd681391ce5d9218b2	
UploadFiles/UploadFiles/201910/2019102408490776.jpg	UploadFiles/UploadFiles/201910/2019102408490776.jpg	93779	f020f95d9ed6154ee7ee1b30d01e34e4a818382981dd55345636b6edd3f9a5d3	f020f95d9ed6154ee7ee1b30d01e34e4a818382981dd55345636b6edd3f9a5d3	
UploadFiles/UploadFiles/201910/2019102408492916.jpg	UploadFiles/UploadFiles/201910/2019102408492916.jpg	104716	8426749c495116110cbc951db54d2c735daaec9e7b1efe23d56764976b41280c	8426749c495116110cbc951db54d2c735daaec9e7b1efe23d56764976b41280c	
UploadFiles/UploadFiles/201910/2019102415065769.jpg	UploadFiles/UploadFiles/201910/2019102415065769.jpg	101743	78fda5094565b04855978e21ae5e87d1237bc00460d2f17b18acb8751a3b309c	78fda5094565b04855978e21ae5e87d1237bc00460d2f17b18acb8751a3b309c	
UploadFiles/UploadFiles/201910/2019102416061858.png	UploadFiles/UploadFiles/201910/2019102416061858.png	2546643	7184bdd31d401c1f8352e0792775bac1940befca3f39712669b770c80cacfcb3	7184bdd31d401c1f8352e0792775bac1940befca3f39712669b770c80cacfcb3	
UploadFiles/UploadFiles/201910/2019102416064856.png	UploadFiles/UploadFiles/201910/2019102416064856.png	2546643	7184bdd31d401c1f8352e0792775bac1940befca3f39712669b770c80cacfcb3	7184bdd31d401c1f8352e0792775bac1940befca3f39712669b770c80cacfcb3	
UploadFiles/UploadFiles/201910/2019102508414558.jpg	UploadFiles/UploadFiles/201910/2019102508414558.jpg	192191	37b2c43299e1d2e897fbcc489b880fbb93f852de18a27423ecdf1bf7d2b31a95	37b2c43299e1d2e897fbcc489b880fbb93f852de18a27423ecdf1bf7d2b31a95	
UploadFiles/UploadFiles/201910/2019102513242256.png	UploadFiles/UploadFiles/201910/2019102513242256.png	2734071	80c7b44950cf7ffad2f7e2b55d291e6bf346ef719175b7e60fad36ca8cca1e70	80c7b44950cf7ffad2f7e2b55d291e6bf346ef719175b7e60fad36ca8cca1e70	
UploadFiles/UploadFiles/201910/2019102513520349.jpg	UploadFiles/UploadFiles/201910/2019102513520349.jpg	182103	66999cdc7bbc34a85f1f35b3de1641f584d3e5bfe73713bf505614f2d49954e6	66999cdc7bbc34a85f1f35b3de1641f584d3e5bfe73713bf505614f2d49954e6	
UploadFiles/UploadFiles/201910/2019102513520351.jpg	UploadFiles/UploadFiles/201910/2019102513520351.jpg	202101	b14fc20d2f7cbb418bad94c9d10f39158a1192e2a14b161bf06c14c5f5f69e0b	b14fc20d2f7cbb418bad94c9d10f39158a1192e2a14b161bf06c14c5f5f69e0b	
UploadFiles/UploadFiles/201910/2019102513522571.jpg	UploadFiles/UploadFiles/201910/2019102513522571.jpg	279905	c76962a13c9cdd774e694fbc7f1a0504ca69e8958b26fed60c6745dfdf964b35	c76962a13c9cdd774e694fbc7f1a0504ca69e8958b26fed60c6745dfdf964b35	
UploadFiles/UploadFiles/201910/2019102513522593.jpg	UploadFiles/UploadFiles/201910/2019102513522593.jpg	272127	089abc2c1f703e18f108010bb8eec83347319aab545e7d6178932a799544cf7f	089abc2c1f703e18f108010bb8eec83347319aab545e7d6178932a799544cf7f	
UploadFiles/UploadFiles/201910/2019102513522595.jpg	UploadFiles/UploadFiles/201910/2019102513522595.jpg	230612	e71a03109124f7feceecb3330b004b1fbb102faa91cca4910c74b94958af569d	e71a03109124f7feceecb3330b004b1fbb102faa91cca4910c74b94958af569d	
UploadFiles/UploadFiles/201910/2019102909245963.png	UploadFiles/UploadFiles/201910/2019102909245963.png	189413	c72af76ad001b76fdffe4a053d31a7b27a8dc00e17b902d53567dd95ef8e21a8	c72af76ad001b76fdffe4a053d31a7b27a8dc00e17b902d53567dd95ef8e21a8	
UploadFiles/UploadFiles/201910/2019102909252734.jpg	UploadFiles/UploadFiles/201910/2019102909252734.jpg	200298	aa100bd47e14cf7183e9105a6a22161c6c4d9127ff942db0322906e8c575aec9	aa100bd47e14cf7183e9105a6a22161c6c4d9127ff942db0322906e8c575aec9	
UploadFiles/UploadFiles/201910/2019102909252756.jpg	UploadFiles/UploadFiles/201910/2019102909252756.jpg	224007	d5616f6b31b4bc7a9f8b14ede62a21e7e0e76ea9ea191adb6095cda43c7c71f6	d5616f6b31b4bc7a9f8b14ede62a21e7e0e76ea9ea191adb6095cda43c7c71f6	
UploadFiles/UploadFiles/201910/2019102909252764.jpg	UploadFiles/UploadFiles/201910/2019102909252764.jpg	249936	a9865c0563c567704d95a63b19cc7418c1f899bc8def9080f6101a98cc5ef482	a9865c0563c567704d95a63b19cc7418c1f899bc8def9080f6101a98cc5ef482	
UploadFiles/UploadFiles/201910/2019102909255299.jpg	UploadFiles/UploadFiles/201910/2019102909255299.jpg	496626	450849af0ba88262e281a292dc272733a8cd6a56d1655fd3a593b7f5912b2932	450849af0ba88262e281a292dc272733a8cd6a56d1655fd3a593b7f5912b2932	
UploadFiles/UploadFiles/201910/2019102909294005.jpg	UploadFiles/UploadFiles/201910/2019102909294005.jpg	52153	cc1135d6902c80e8f9807cf6c3e1d36c26d091da5b74a7c9452eb6b1c48ab55f	cc1135d6902c80e8f9807cf6c3e1d36c26d091da5b74a7c9452eb6b1c48ab55f	
UploadFiles/UploadFiles/201910/2019102909294013.jpg	UploadFiles/UploadFiles/201910/2019102909294013.jpg	90212	6f63852855bebb960379bec51769ce1afa73758ed7409c19db7eb2711c5bf35e	6f63852855bebb960379bec51769ce1afa73758ed7409c19db7eb2711c5bf35e	
UploadFiles/UploadFiles/201910/2019103008475766.jpg	UploadFiles/UploadFiles/201910/2019103008475766.jpg	243738	00a0bebfe2085fe32d594779a72586516f1a4683692c483169164e8667dff202	00a0bebfe2085fe32d594779a72586516f1a4683692c483169164e8667dff202	
UploadFiles/UploadFiles/201910/2019103008533197.jpg	UploadFiles/UploadFiles/201910/2019103008533197.jpg	192125	086fa884943d0f072c8fb30c9f545415ca77a140fbfa37fe7f65fe0292ff7090	086fa884943d0f072c8fb30c9f545415ca77a140fbfa37fe7f65fe0292ff7090	
UploadFiles/UploadFiles/201910/2019103008534880.jpg	UploadFiles/UploadFiles/201910/2019103008534880.jpg	153477	baaf062404d00ac0a546fdd5260679bf6db1057a5720504ea9e27a651b89f356	baaf062404d00ac0a546fdd5260679bf6db1057a5720504ea9e27a651b89f356	
UploadFiles/UploadFiles/201910/2019103015560497.png	UploadFiles/UploadFiles/201910/2019103015560497.png	4076234	1f5aaa8b923627eb4a31d79513a80ef4fd810bf54491ecc2f63e27b666067619	1f5aaa8b923627eb4a31d79513a80ef4fd810bf54491ecc2f63e27b666067619	
UploadFiles/UploadFiles/201910/2019103108164088.png	UploadFiles/UploadFiles/201910/2019103108164088.png	9656	3c244a39c59942a1884086d8b560f28e236a34c96b2d975750c034c8a01cbe68	3c244a39c59942a1884086d8b560f28e236a34c96b2d975750c034c8a01cbe68	
UploadFiles/UploadFiles/201910/2019103108270486.jpg	UploadFiles/UploadFiles/201910/2019103108270486.jpg	591465	c35b3cf155c86d18682847a70b27e52cfb28304119875d2f8718f7110ca04494	c35b3cf155c86d18682847a70b27e52cfb28304119875d2f8718f7110ca04494	
UploadFiles/UploadFiles/201910/2019103108270494.jpg	UploadFiles/UploadFiles/201910/2019103108270494.jpg	720858	d244adbb0ac06d23ce4f2c4ecf3b9048c61c8493ecba9fc5e377c004bda3e5e5	d244adbb0ac06d23ce4f2c4ecf3b9048c61c8493ecba9fc5e377c004bda3e5e5	
UploadFiles/UploadFiles/201910/2019103111431268.png	UploadFiles/UploadFiles/201910/2019103111431268.png	4076234	1f5aaa8b923627eb4a31d79513a80ef4fd810bf54491ecc2f63e27b666067619	1f5aaa8b923627eb4a31d79513a80ef4fd810bf54491ecc2f63e27b666067619	
UploadFiles/UploadFiles/201910/2019103111434961.jpg	UploadFiles/UploadFiles/201910/2019103111434961.jpg	1709707	27661ddfc62d9f40409fd46c4bc61bfc9e0c229b04c9868d2a6599ee4778a3ef	27661ddfc62d9f40409fd46c4bc61bfc9e0c229b04c9868d2a6599ee4778a3ef	
UploadFiles/UploadFiles/201911/2019110410444549.jpg	UploadFiles/UploadFiles/201911/2019110410444549.jpg	212984	98f1804407282ca64cb7fd23703fa4c59b6879287adc0189957b7fd9c1acbb3b	98f1804407282ca64cb7fd23703fa4c59b6879287adc0189957b7fd9c1acbb3b	
UploadFiles/UploadFiles/201911/2019110410444588.jpg	UploadFiles/UploadFiles/201911/2019110410444588.jpg	258031	d7c905378a50075f4854042fe59e9bb9f724903476a4cc95f0f537a292b7c044	d7c905378a50075f4854042fe59e9bb9f724903476a4cc95f0f537a292b7c044	
UploadFiles/UploadFiles/201911/2019110410460002.jpg	UploadFiles/UploadFiles/201911/2019110410460002.jpg	224101	fe91960985e131ebbb5b1efb4204d9fe9fca970aaedd2fe99b224ae98280b86a	fe91960985e131ebbb5b1efb4204d9fe9fca970aaedd2fe99b224ae98280b86a	
UploadFiles/UploadFiles/201911/2019110410465697.jpg	UploadFiles/UploadFiles/201911/2019110410465697.jpg	2638628	b9895b1a458519a4cf3614ee67838c09bb047ce56e7004e1cb54ae0239ef12b5	b9895b1a458519a4cf3614ee67838c09bb047ce56e7004e1cb54ae0239ef12b5	
UploadFiles/UploadFiles/201911/2019110410480299.jpg	UploadFiles/UploadFiles/201911/2019110410480299.jpg	229578	4d41bbfb421c8a778b99256ad5c8a43e5f37a3a96baa48b477688ebf7b815fa5	4d41bbfb421c8a778b99256ad5c8a43e5f37a3a96baa48b477688ebf7b815fa5	
UploadFiles/UploadFiles/201911/2019110413074057.jpg	UploadFiles/UploadFiles/201911/2019110413074057.jpg	5431638	9e1cd7de202ad64f6089db40d5883f270aee8530fe1df9e7f611c817638fe553	9e1cd7de202ad64f6089db40d5883f270aee8530fe1df9e7f611c817638fe553	
UploadFiles/UploadFiles/201911/2019110511051358.png	UploadFiles/UploadFiles/201911/2019110511051358.png	162053	0eeb189dfa59c4c55c4bd41c320b7c761a5a877aed4b88e8df272af72597a7a1	0eeb189dfa59c4c55c4bd41c320b7c761a5a877aed4b88e8df272af72597a7a1	
UploadFiles/UploadFiles/201911/2019110708390807.jpg	UploadFiles/UploadFiles/201911/2019110708390807.jpg	122929	c9c17239fcfce3aaf4627d196f30f15cd6d4847c22fdee132afc06206fd62d07	c9c17239fcfce3aaf4627d196f30f15cd6d4847c22fdee132afc06206fd62d07	
UploadFiles/UploadFiles/201911/2019110708390898.jpg	UploadFiles/UploadFiles/201911/2019110708390898.jpg	215312	39a5261db4712b439aa0a3c24ede9b30fff586d31f3ad6e510ca741ee6008294	39a5261db4712b439aa0a3c24ede9b30fff586d31f3ad6e510ca741ee6008294	
UploadFiles/UploadFiles/201911/2019110708392222.jpg	UploadFiles/UploadFiles/201911/2019110708392222.jpg	136469	5351c977edf47966670422e6459f4a7392ffbe0f6929dd64a77e89639b647d50	5351c977edf47966670422e6459f4a7392ffbe0f6929dd64a77e89639b647d50	
UploadFiles/UploadFiles/201911/2019110708393732.jpg	UploadFiles/UploadFiles/201911/2019110708393732.jpg	163421	5abbc5a43d328250c4455def6931022038a600c80581bf59551d34786b32a2c7	5abbc5a43d328250c4455def6931022038a600c80581bf59551d34786b32a2c7	
UploadFiles/UploadFiles/201911/2019110708395362.jpg	UploadFiles/UploadFiles/201911/2019110708395362.jpg	151420	e9f75a227bfd457e71995fecf8107cf34ffaf9469847b4565f8efbd0a236e8c2	e9f75a227bfd457e71995fecf8107cf34ffaf9469847b4565f8efbd0a236e8c2	
UploadFiles/UploadFiles/201911/2019110708395370.jpg	UploadFiles/UploadFiles/201911/2019110708395370.jpg	143677	3f57acb806b115a3aba3612df472ade163ca1a89c4b3a9957106824dd9f05f4b	3f57acb806b115a3aba3612df472ade163ca1a89c4b3a9957106824dd9f05f4b	
UploadFiles/UploadFiles/201911/2019110708400618.jpg	UploadFiles/UploadFiles/201911/2019110708400618.jpg	197256	1f1dd46a6e0d27b660c1bda18afbf73b3cbdf505ec9c4eca4d4fb5a9d730b5d0	1f1dd46a6e0d27b660c1bda18afbf73b3cbdf505ec9c4eca4d4fb5a9d730b5d0	
UploadFiles/UploadFiles/201911/2019110708401866.jpg	UploadFiles/UploadFiles/201911/2019110708401866.jpg	142295	ace90125d1251d774c778552ab53da62347feb9ee9960cc8655207ac063007ac	ace90125d1251d774c778552ab53da62347feb9ee9960cc8655207ac063007ac	
UploadFiles/UploadFiles/201911/2019110708403549.jpg	UploadFiles/UploadFiles/201911/2019110708403549.jpg	151612	2536268d4bb2f50e212fc7c53ecd21c9768eeae753be4f1f3da980e60913d6bc	2536268d4bb2f50e212fc7c53ecd21c9768eeae753be4f1f3da980e60913d6bc	
UploadFiles/UploadFiles/201911/2019110708403557.jpg	UploadFiles/UploadFiles/201911/2019110708403557.jpg	177713	6406b558f8a39b6c788e469b732c8fc639b47e53806068dced111aa446f71c0b	6406b558f8a39b6c788e469b732c8fc639b47e53806068dced111aa446f71c0b	
UploadFiles/UploadFiles/201911/2019110709091979.jpg	UploadFiles/UploadFiles/201911/2019110709091979.jpg	276344	fda5710adadf73052e5e8caca74f5f2a012cf65d360dbd4ff4bf7f5d6963114e	fda5710adadf73052e5e8caca74f5f2a012cf65d360dbd4ff4bf7f5d6963114e	
UploadFiles/UploadFiles/201911/2019110709093911.jpg	UploadFiles/UploadFiles/201911/2019110709093911.jpg	247395	dde5b556f3799e052762e2929b961064234e0f507619ecaee2ce82fef098162c	dde5b556f3799e052762e2929b961064234e0f507619ecaee2ce82fef098162c	
UploadFiles/UploadFiles/201911/2019110709093926.jpg	UploadFiles/UploadFiles/201911/2019110709093926.jpg	235337	3d715cf284eb7b9ca97e4db67e3a3d141fe732f92b7f7de8362411091244c246	3d715cf284eb7b9ca97e4db67e3a3d141fe732f92b7f7de8362411091244c246	
UploadFiles/UploadFiles/201911/2019110709093935.jpg	UploadFiles/UploadFiles/201911/2019110709093935.jpg	262614	13ba6955e75ae330640e3a19a181f2ad13b97fc425a34c41afe95f8335175518	13ba6955e75ae330640e3a19a181f2ad13b97fc425a34c41afe95f8335175518	
UploadFiles/UploadFiles/201911/2019110709101129.jpg	UploadFiles/UploadFiles/201911/2019110709101129.jpg	264235	455ac3d37f16d05c04e9c1ea5dc561146df406c59c2ba054fcf6dac9e4cdc5e8	455ac3d37f16d05c04e9c1ea5dc561146df406c59c2ba054fcf6dac9e4cdc5e8	
UploadFiles/UploadFiles/201911/2019110709101151.jpg	UploadFiles/UploadFiles/201911/2019110709101151.jpg	309059	1c3e481ec782ac428721115ea21ca6ef7994a552781048e9d5b1ab9dad3b8d4a	1c3e481ec782ac428721115ea21ca6ef7994a552781048e9d5b1ab9dad3b8d4a	
UploadFiles/UploadFiles/201911/2019110709101159.jpg	UploadFiles/UploadFiles/201911/2019110709101159.jpg	234660	31334c8b6759497e86a1b228a44d330079fc0575dd35c5861bf2a3dacabb9a81	31334c8b6759497e86a1b228a44d330079fc0575dd35c5861bf2a3dacabb9a81	
UploadFiles/UploadFiles/201911/2019110709101168.jpg	UploadFiles/UploadFiles/201911/2019110709101168.jpg	181304	f7e60ee16bc97dcbeeae0fc402459e6b739c1ef9faf96fc79abfada42157a835	f7e60ee16bc97dcbeeae0fc402459e6b739c1ef9faf96fc79abfada42157a835	
UploadFiles/UploadFiles/201911/2019110709110621.jpg	UploadFiles/UploadFiles/201911/2019110709110621.jpg	201034	a9bf24206f256df077d5602268fbc8a7fdb01d9d89388e011ee7985378b20ecc	a9bf24206f256df077d5602268fbc8a7fdb01d9d89388e011ee7985378b20ecc	
UploadFiles/UploadFiles/201911/2019110709110642.jpg	UploadFiles/UploadFiles/201911/2019110709110642.jpg	324902	90e8c6e1e18b2f7d709e777c694f0afbaa305d4a05362e0a1bcf4ba0b020ca4e	90e8c6e1e18b2f7d709e777c694f0afbaa305d4a05362e0a1bcf4ba0b020ca4e	
UploadFiles/UploadFiles/201911/2019110709110644.jpg	UploadFiles/UploadFiles/201911/2019110709110644.jpg	344873	d797da4d6b68bbc09091035f77852610e21ff511dabe2a9d96070a8cb829950a	d797da4d6b68bbc09091035f77852610e21ff511dabe2a9d96070a8cb829950a	
UploadFiles/UploadFiles/201911/2019110709110666.jpg	UploadFiles/UploadFiles/201911/2019110709110666.jpg	280358	438cc9722b873c07f68d6cc0db42dd6907699a1435cae7f9ffa50708e843d7eb	438cc9722b873c07f68d6cc0db42dd6907699a1435cae7f9ffa50708e843d7eb	
UploadFiles/UploadFiles/201911/2019110709113201.jpg	UploadFiles/UploadFiles/201911/2019110709113201.jpg	328776	c2fea77925b8451d73b534f3eeaeb5a6d52160bcb39c90a5a7ee64a91203edf0	c2fea77925b8451d73b534f3eeaeb5a6d52160bcb39c90a5a7ee64a91203edf0	
UploadFiles/UploadFiles/201911/2019110709113223.jpg	UploadFiles/UploadFiles/201911/2019110709113223.jpg	462974	da310ccd603d25e8346fbf0a2d3a422bd2067180cfdf0d1eeb257804ebb01663	da310ccd603d25e8346fbf0a2d3a422bd2067180cfdf0d1eeb257804ebb01663	
UploadFiles/UploadFiles/201911/2019110709113231.jpg	UploadFiles/UploadFiles/201911/2019110709113231.jpg	432908	ae9b29db5e286525c8eb1940568c5f0f5358b87c3f5901f1718d49d371e3675d	ae9b29db5e286525c8eb1940568c5f0f5358b87c3f5901f1718d49d371e3675d	
UploadFiles/UploadFiles/201911/2019110709122320.jpg	UploadFiles/UploadFiles/201911/2019110709122320.jpg	2443074	9e4fd80b2e29f4e2179f9b0b6e7d1118171783252435abba3ac5adcfd4927286	9e4fd80b2e29f4e2179f9b0b6e7d1118171783252435abba3ac5adcfd4927286	
UploadFiles/UploadFiles/201911/2019110709122328.jpg	UploadFiles/UploadFiles/201911/2019110709122328.jpg	2066909	bf3a2a23ef1315d12ae0c623a13459aec036664093d57d7ea6aed6692544e975	bf3a2a23ef1315d12ae0c623a13459aec036664093d57d7ea6aed6692544e975	
UploadFiles/UploadFiles/201911/2019110709124801.jpg	UploadFiles/UploadFiles/201911/2019110709124801.jpg	253078	82089118fbd326ff392f288b535eb2c95f5144f85f40b6715565c88059870c37	82089118fbd326ff392f288b535eb2c95f5144f85f40b6715565c88059870c37	
UploadFiles/UploadFiles/201911/2019110709124892.jpg	UploadFiles/UploadFiles/201911/2019110709124892.jpg	248243	732762e824fcf3e88f484ad58ac2a29524968a32a9428be1c7b39cc3508b1b0f	732762e824fcf3e88f484ad58ac2a29524968a32a9428be1c7b39cc3508b1b0f	
UploadFiles/UploadFiles/201911/2019111108435186.jpg	UploadFiles/UploadFiles/201911/2019111108435186.jpg	135628	ea46e6472140976830018ffa47a9c640e579b1326b97149453b89469a99d6b74	ea46e6472140976830018ffa47a9c640e579b1326b97149453b89469a99d6b74	
UploadFiles/UploadFiles/201911/2019111108443838.jpg	UploadFiles/UploadFiles/201911/2019111108443838.jpg	97522	eabcdb0230cf04ef2a1b8529ddda557a307c1f35794b48394324cda03e0fe73e	eabcdb0230cf04ef2a1b8529ddda557a307c1f35794b48394324cda03e0fe73e	
UploadFiles/UploadFiles/201911/2019111108443846.jpg	UploadFiles/UploadFiles/201911/2019111108443846.jpg	106122	d3ce964e9b1258493ae4a4b9bf4d928f68702b550b7621ed092029095d3c292a	d3ce964e9b1258493ae4a4b9bf4d928f68702b550b7621ed092029095d3c292a	
UploadFiles/UploadFiles/201911/2019111108450580.jpg	UploadFiles/UploadFiles/201911/2019111108450580.jpg	111510	34462c10db53cfa4112b5ece8dfa7313be47a9876e08be147cd5023af8a48c2e	34462c10db53cfa4112b5ece8dfa7313be47a9876e08be147cd5023af8a48c2e	
UploadFiles/UploadFiles/201911/2019111108471711.jpg	UploadFiles/UploadFiles/201911/2019111108471711.jpg	202013	7d79fd543c8c2631729703f139c82cb350c96f7599cacc0d89a518945a28c60f	7d79fd543c8c2631729703f139c82cb350c96f7599cacc0d89a518945a28c60f	
UploadFiles/UploadFiles/201911/2019111108471716.jpg	UploadFiles/UploadFiles/201911/2019111108471716.jpg	225246	8da82e35d21384b9dcd3dcb65c5030430de9b2b6068f461829009913989e37f4	8da82e35d21384b9dcd3dcb65c5030430de9b2b6068f461829009913989e37f4	
UploadFiles/UploadFiles/201911/2019111509113016.jpg	UploadFiles/UploadFiles/201911/2019111509113016.jpg	114244	6ebc9c5289e688fa476381e38292d62afb1e5175ced1ea4869d53de86b27ab4d	6ebc9c5289e688fa476381e38292d62afb1e5175ced1ea4869d53de86b27ab4d	
UploadFiles/UploadFiles/201911/2019111509115159.jpg	UploadFiles/UploadFiles/201911/2019111509115159.jpg	115962	fb20bc07e77f6998155f6f343779f99fd40ac61ed5343b6dc2a1f94224d230ec	fb20bc07e77f6998155f6f343779f99fd40ac61ed5343b6dc2a1f94224d230ec	
UploadFiles/UploadFiles/201911/2019111509184292.jpg	UploadFiles/UploadFiles/201911/2019111509184292.jpg	378240	4b642ee5ea5dddd63c1d5ed5c98b96d42b29477047382ca6fc0e89d6ec4ddd6e	4b642ee5ea5dddd63c1d5ed5c98b96d42b29477047382ca6fc0e89d6ec4ddd6e	
UploadFiles/UploadFiles/201911/2019111509190109.jpg	UploadFiles/UploadFiles/201911/2019111509190109.jpg	498699	2a4f9b3a70c4d5e1d1159112f09b77fc55e2879c9db02c7f5f520a1b613988fc	2a4f9b3a70c4d5e1d1159112f09b77fc55e2879c9db02c7f5f520a1b613988fc	
UploadFiles/UploadFiles/201911/2019111509190117.jpg	UploadFiles/UploadFiles/201911/2019111509190117.jpg	265575	bb85878028f64d8dfc7fd2647daf3ea2f7da8539c81fbdd173cdea53706186db	bb85878028f64d8dfc7fd2647daf3ea2f7da8539c81fbdd173cdea53706186db	
UploadFiles/UploadFiles/201911/2019111509193304.jpg	UploadFiles/UploadFiles/201911/2019111509193304.jpg	339994	505d4dedd629b55d97bf77789255de883f0cc94557bac96af163df240813efab	505d4dedd629b55d97bf77789255de883f0cc94557bac96af163df240813efab	
UploadFiles/UploadFiles/201911/2019111509193379.jpg	UploadFiles/UploadFiles/201911/2019111509193379.jpg	1157014	9836ed046c1c305dde5a4f30b88ef85d4f9f5cdf45ca3ba9f31de981aa3eb45f	9836ed046c1c305dde5a4f30b88ef85d4f9f5cdf45ca3ba9f31de981aa3eb45f	
UploadFiles/UploadFiles/201911/2019111509193394.jpg	UploadFiles/UploadFiles/201911/2019111509193394.jpg	319347	fa2a93fadf262fee65a49f08cdb09129598b3229a8094d9de4cda169da968cdc	fa2a93fadf262fee65a49f08cdb09129598b3229a8094d9de4cda169da968cdc	
UploadFiles/UploadFiles/201911/2019111509195022.jpg	UploadFiles/UploadFiles/201911/2019111509195022.jpg	324570	22766a22f45312855d531c1c5a09819019c390d798ff3a8b2957fe86eb3a9fd5	22766a22f45312855d531c1c5a09819019c390d798ff3a8b2957fe86eb3a9fd5	
UploadFiles/UploadFiles/201911/2019111509195030.jpg	UploadFiles/UploadFiles/201911/2019111509195030.jpg	288048	e90800687a658493deb133c579374a9837604adc49f3d609d7b613bc95d5b667	e90800687a658493deb133c579374a9837604adc49f3d609d7b613bc95d5b667	
UploadFiles/UploadFiles/201911/2019111509200308.jpg	UploadFiles/UploadFiles/201911/2019111509200308.jpg	339046	ea10c43d6a08d330faa3e53149380f95441b3d71411f79551bb012f0230bdac5	ea10c43d6a08d330faa3e53149380f95441b3d71411f79551bb012f0230bdac5	
UploadFiles/UploadFiles/201911/2019111807492165.png	UploadFiles/UploadFiles/201911/2019111807492165.png	428654	9400333f9bf973d55125c8cae103d760d269c146e8c07cf454337305a4ca9f0e	9400333f9bf973d55125c8cae103d760d269c146e8c07cf454337305a4ca9f0e	
UploadFiles/UploadFiles/201911/2019111814545182.jpg	UploadFiles/UploadFiles/201911/2019111814545182.jpg	294536	7a43592bdf2a36b8c59114f3fb1e6e2639a01d451018e0fdb6588ec3a7255ab2	7a43592bdf2a36b8c59114f3fb1e6e2639a01d451018e0fdb6588ec3a7255ab2	
UploadFiles/UploadFiles/201911/2019111814551099.jpg	UploadFiles/UploadFiles/201911/2019111814551099.jpg	24373	5a3fa82fd91f714b0c59ad4ddd5d46b5de7ee84064db17a1480194a8f0d39b3a	5a3fa82fd91f714b0c59ad4ddd5d46b5de7ee84064db17a1480194a8f0d39b3a	
UploadFiles/UploadFiles/201911/2019111814553534.jpg	UploadFiles/UploadFiles/201911/2019111814553534.jpg	27536	25852cdadc720907420521bf057dce1b7744a2d01f68dd23411a9a6c019d2fab	25852cdadc720907420521bf057dce1b7744a2d01f68dd23411a9a6c019d2fab	
UploadFiles/UploadFiles/201911/2019111814555824.jpg	UploadFiles/UploadFiles/201911/2019111814555824.jpg	95090	f349c471685a356c41b18c0340461e22208788ff125415b1c4e16ea82bd6a18f	f349c471685a356c41b18c0340461e22208788ff125415b1c4e16ea82bd6a18f	
UploadFiles/UploadFiles/201911/2019111814562493.jpg	UploadFiles/UploadFiles/201911/2019111814562493.jpg	103395	53f6c5adcd324a64b36f271c3b66cfc5eaf5b9180215bce856884203bc6803dc	53f6c5adcd324a64b36f271c3b66cfc5eaf5b9180215bce856884203bc6803dc	
UploadFiles/UploadFiles/201911/2019111814565963.jpg	UploadFiles/UploadFiles/201911/2019111814565963.jpg	71630	b620fccbf2a4a9c2329c1fbd3271d7678bcc0d137562694937968858edbec7b7	b620fccbf2a4a9c2329c1fbd3271d7678bcc0d137562694937968858edbec7b7	
UploadFiles/UploadFiles/201911/2019111814565971.jpg	UploadFiles/UploadFiles/201911/2019111814565971.jpg	71166	b97a92086ad3896b41cda843a9de2b13a0953879e676f989b24b92921c9430bf	b97a92086ad3896b41cda843a9de2b13a0953879e676f989b24b92921c9430bf	
UploadFiles/UploadFiles/201911/2019111815051713.jpg	UploadFiles/UploadFiles/201911/2019111815051713.jpg	216116	35a850a34aef94bcb9d0ce2ab7ce49b4648c0580c3cd62b8628824042578fd44	35a850a34aef94bcb9d0ce2ab7ce49b4648c0580c3cd62b8628824042578fd44	
UploadFiles/UploadFiles/201911/2019111815051722.jpg	UploadFiles/UploadFiles/201911/2019111815051722.jpg	145258	db8864c94ab06e4ae9dad012a409c257217d3c4b46671ce444b29bf776a657eb	db8864c94ab06e4ae9dad012a409c257217d3c4b46671ce444b29bf776a657eb	
UploadFiles/UploadFiles/201911/2019111815053517.jpg	UploadFiles/UploadFiles/201911/2019111815053517.jpg	109005	29d6417e69c64864ef497588f67ee1a67cb3b3bc98cfb26d087bf599137b6086	29d6417e69c64864ef497588f67ee1a67cb3b3bc98cfb26d087bf599137b6086	
UploadFiles/UploadFiles/201911/2019111815054915.jpg	UploadFiles/UploadFiles/201911/2019111815054915.jpg	100666	4f53a14948da8e56f72918b63ad3b1704688c47bfc82431799591edded271c41	4f53a14948da8e56f72918b63ad3b1704688c47bfc82431799591edded271c41	
UploadFiles/UploadFiles/201911/2019111815060622.jpg	UploadFiles/UploadFiles/201911/2019111815060622.jpg	114674	7b18a130cd00313a458ecad6ff82ad384879c60bb857296aa646e6ed676d3901	7b18a130cd00313a458ecad6ff82ad384879c60bb857296aa646e6ed676d3901	
UploadFiles/UploadFiles/201911/2019111815063554.jpg	UploadFiles/UploadFiles/201911/2019111815063554.jpg	141330	de8e1dfb909e23a1027f2c1e19d4b9d5311cc9a3b94a77ca24f5d0b8383896b2	de8e1dfb909e23a1027f2c1e19d4b9d5311cc9a3b94a77ca24f5d0b8383896b2	
UploadFiles/UploadFiles/201911/2019111815063562.jpg	UploadFiles/UploadFiles/201911/2019111815063562.jpg	176218	3edc35e2364fd8332eab0b7eb57d308c50b6839668d76f2891895b642e1d1b8e	3edc35e2364fd8332eab0b7eb57d308c50b6839668d76f2891895b642e1d1b8e	
UploadFiles/UploadFiles/201911/2019111815071244.jpg	UploadFiles/UploadFiles/201911/2019111815071244.jpg	157090	d5a06bc4c29e8ba2bd010a2ff0cd3a0c8c50344e6804385d19dc31f57b4def51	d5a06bc4c29e8ba2bd010a2ff0cd3a0c8c50344e6804385d19dc31f57b4def51	
UploadFiles/UploadFiles/201911/2019111815071248.jpg	UploadFiles/UploadFiles/201911/2019111815071248.jpg	135181	aff742478e1cd7b008211f88ad68d168edcc5fcdc8fe022b4c71a9f88fe31863	aff742478e1cd7b008211f88ad68d168edcc5fcdc8fe022b4c71a9f88fe31863	
UploadFiles/UploadFiles/201911/2019111815071256.jpg	UploadFiles/UploadFiles/201911/2019111815071256.jpg	132345	20987ccd22e0be54fed042a0fb875d6b5765cd0ce6cc4fb7ffbdedc83d9d2f47	20987ccd22e0be54fed042a0fb875d6b5765cd0ce6cc4fb7ffbdedc83d9d2f47	
UploadFiles/UploadFiles/201911/2019111815471005.jpg	UploadFiles/UploadFiles/201911/2019111815471005.jpg	370850	b9ebed886b138e0d9f8762d48e33219789fa9404aacaa530c0a9ebf779225403	b9ebed886b138e0d9f8762d48e33219789fa9404aacaa530c0a9ebf779225403	
UploadFiles/UploadFiles/201911/2019111815473126.jpg	UploadFiles/UploadFiles/201911/2019111815473126.jpg	421074	8276ee0fe15d5d2cb81590c5a3b4f6075d5fef83011e9632481162b8866a71ce	8276ee0fe15d5d2cb81590c5a3b4f6075d5fef83011e9632481162b8866a71ce	
UploadFiles/UploadFiles/201911/2019111815473154.jpg	UploadFiles/UploadFiles/201911/2019111815473154.jpg	517271	c9df91c0f3cb4f31e29dbc3099c65f98639f727205f5c75b086a9a39a3f4d018	c9df91c0f3cb4f31e29dbc3099c65f98639f727205f5c75b086a9a39a3f4d018	
UploadFiles/UploadFiles/201911/2019111815473163.jpg	UploadFiles/UploadFiles/201911/2019111815473163.jpg	388048	29db76cc0bcd2ede595538cf30bfb8daf1ed1c2cfe209fe8d4bfb452cf578163	29db76cc0bcd2ede595538cf30bfb8daf1ed1c2cfe209fe8d4bfb452cf578163	
UploadFiles/UploadFiles/201911/2019111815475259.jpg	UploadFiles/UploadFiles/201911/2019111815475259.jpg	514678	d9f4f286b0ef133dde30cb29793530f1cb6df5b4e82e6737fa3a424f88be7b9c	d9f4f286b0ef133dde30cb29793530f1cb6df5b4e82e6737fa3a424f88be7b9c	
UploadFiles/UploadFiles/201911/2019111815475274.jpg	UploadFiles/UploadFiles/201911/2019111815475274.jpg	441597	22ce4cef3a8291c077f9e9d48c3696cb2888abccc6414794263cce1420864cac	22ce4cef3a8291c077f9e9d48c3696cb2888abccc6414794263cce1420864cac	
UploadFiles/UploadFiles/201911/2019111815480413.jpg	UploadFiles/UploadFiles/201911/2019111815480413.jpg	579959	8717a36bdeb1d2581885d7ac003fae4f70ccdea356007101e62c897e11ee2c61	8717a36bdeb1d2581885d7ac003fae4f70ccdea356007101e62c897e11ee2c61	
UploadFiles/UploadFiles/201911/2019111815483109.jpg	UploadFiles/UploadFiles/201911/2019111815483109.jpg	415348	36e645675bd1496cf9f79c8327c6bb8868586d036dd42aeeb005cc62b94048e7	36e645675bd1496cf9f79c8327c6bb8868586d036dd42aeeb005cc62b94048e7	
UploadFiles/UploadFiles/201911/2019111815483131.jpg	UploadFiles/UploadFiles/201911/2019111815483131.jpg	459859	fdd5a086716a5512683c77e5699653b1c116acbdfa973ff58c2911f1f72808be	fdd5a086716a5512683c77e5699653b1c116acbdfa973ff58c2911f1f72808be	
UploadFiles/UploadFiles/201911/2019111815483139.jpg	UploadFiles/UploadFiles/201911/2019111815483139.jpg	480599	e28cae9f9efbf4bb09612173b581c2c530303a39e373f28b6d4e78f174d2d33e	e28cae9f9efbf4bb09612173b581c2c530303a39e373f28b6d4e78f174d2d33e	
UploadFiles/UploadFiles/201911/2019111815494379.jpg	UploadFiles/UploadFiles/201911/2019111815494379.jpg	546001	13151cdc9a1cc7d72b3c79a30a92389b34974566f217c30e5682ba9ff26aa494	13151cdc9a1cc7d72b3c79a30a92389b34974566f217c30e5682ba9ff26aa494	
UploadFiles/UploadFiles/201911/2019112014352832.png	UploadFiles/UploadFiles/201911/2019112014352832.png	5753274	9cdc1ae923226a36a73ee55451bbe5d096d8ff4969bb924dd282fab2d4d78ed7	9cdc1ae923226a36a73ee55451bbe5d096d8ff4969bb924dd282fab2d4d78ed7	
UploadFiles/UploadFiles/201911/2019112110094538.jpg	UploadFiles/UploadFiles/201911/2019112110094538.jpg	38465	792ca645a1a0868f615dd241e0e4bf2a842db7b366187bd4d70e5541c0fc884e	792ca645a1a0868f615dd241e0e4bf2a842db7b366187bd4d70e5541c0fc884e	
UploadFiles/UploadFiles/201911/2019112115582884.png	UploadFiles/UploadFiles/201911/2019112115582884.png	4126006	aa6fbcc892def56e172c7d8768e28928eb7cc0f48bfc91a0e8f0c8842b3314f5	aa6fbcc892def56e172c7d8768e28928eb7cc0f48bfc91a0e8f0c8842b3314f5	
UploadFiles/UploadFiles/201911/2019112208563074.jpg	UploadFiles/UploadFiles/201911/2019112208563074.jpg	2214694	3c044545cecc74a0fbf219b4b0e44a03d85990a53757fed50e5c1fc1741ccdb1	3c044545cecc74a0fbf219b4b0e44a03d85990a53757fed50e5c1fc1741ccdb1	
UploadFiles/UploadFiles/201911/2019112209555516.jpg	UploadFiles/UploadFiles/201911/2019112209555516.jpg	2273974	d8a087e448e8fa878b2cc48d0ae349daccf3ceebc8614cff185e16834cbc8909	d8a087e448e8fa878b2cc48d0ae349daccf3ceebc8614cff185e16834cbc8909	
UploadFiles/UploadFiles/201911/2019112209555518.jpg	UploadFiles/UploadFiles/201911/2019112209555518.jpg	2247118	7f66cdc83a52f4569161baee486fb21a027ddc6a02220cca484cb574221e3130	7f66cdc83a52f4569161baee486fb21a027ddc6a02220cca484cb574221e3130	
UploadFiles/UploadFiles/201911/2019112214532055.jpg	UploadFiles/UploadFiles/201911/2019112214532055.jpg	208324	b0f7c20c8152d2112aba4aa671346b3ba59f73a43c3aa8530221d9d6b9b6d430	b0f7c20c8152d2112aba4aa671346b3ba59f73a43c3aa8530221d9d6b9b6d430	
UploadFiles/UploadFiles/201911/2019112214532057.jpg	UploadFiles/UploadFiles/201911/2019112214532057.jpg	188288	1f02c0c6a274413f585ff7e2a8622c6562b503ba63868a0f6fc1373cd9d6649d	1f02c0c6a274413f585ff7e2a8622c6562b503ba63868a0f6fc1373cd9d6649d	
UploadFiles/UploadFiles/201911/2019112214570214.jpg	UploadFiles/UploadFiles/201911/2019112214570214.jpg	4441165	2229c3e27303673f9a76674b51ba40c11ca3cded043a8456f5b3e781a6396ff4	2229c3e27303673f9a76674b51ba40c11ca3cded043a8456f5b3e781a6396ff4	
UploadFiles/UploadFiles/201911/2019112214575456.jpg	UploadFiles/UploadFiles/201911/2019112214575456.jpg	144945	3149689d3284442f17db35e56d8612375652d183889831e0dd106a00e8690e0a	3149689d3284442f17db35e56d8612375652d183889831e0dd106a00e8690e0a	
UploadFiles/UploadFiles/201911/2019112214575466.jpg	UploadFiles/UploadFiles/201911/2019112214575466.jpg	160709	4baa13b0e3c92b1c31187283ef09d1d55cebabb20d76723e2ef3be979fd58920	4baa13b0e3c92b1c31187283ef09d1d55cebabb20d76723e2ef3be979fd58920	
UploadFiles/UploadFiles/201911/2019112214575474.jpg	UploadFiles/UploadFiles/201911/2019112214575474.jpg	189798	7096a8707fb4b16741004ca2d0cd477d4e3f3348ed9b396d8120c3c360b7320a	7096a8707fb4b16741004ca2d0cd477d4e3f3348ed9b396d8120c3c360b7320a	
UploadFiles/UploadFiles/201911/2019112214575495.jpg	UploadFiles/UploadFiles/201911/2019112214575495.jpg	205048	95ef300eed381e65ff825fd1698b5b717f2c513e26544ba27449f32a5ed67cc6	95ef300eed381e65ff825fd1698b5b717f2c513e26544ba27449f32a5ed67cc6	
UploadFiles/UploadFiles/201911/2019112214591410.jpg	UploadFiles/UploadFiles/201911/2019112214591410.jpg	130079	9629da234172e60c2779d237da2809fa99a2055c60cae461dd3f12e2f2e5911c	9629da234172e60c2779d237da2809fa99a2055c60cae461dd3f12e2f2e5911c	
UploadFiles/UploadFiles/201911/2019112214591412.jpg	UploadFiles/UploadFiles/201911/2019112214591412.jpg	200171	df1c59d1ff094d43592f3173a8fc1530b084afcd83657bbfa074f2cf06deaa7a	df1c59d1ff094d43592f3173a8fc1530b084afcd83657bbfa074f2cf06deaa7a	
UploadFiles/UploadFiles/201911/2019112214591487.jpg	UploadFiles/UploadFiles/201911/2019112214591487.jpg	138217	d3d79bfe8142abae85ace342c4c90b1b0d61da64e35f1e4220f877f235cd83ad	d3d79bfe8142abae85ace342c4c90b1b0d61da64e35f1e4220f877f235cd83ad	
UploadFiles/UploadFiles/201911/2019112215041010.png	UploadFiles/UploadFiles/201911/2019112215041010.png	1923238	59ed4b58e15ffb37fe17e5d60db001fb193de1c60459db90096f6354dfdce774	59ed4b58e15ffb37fe17e5d60db001fb193de1c60459db90096f6354dfdce774	
UploadFiles/UploadFiles/201911/2019112215043076.png	UploadFiles/UploadFiles/201911/2019112215043076.png	964044	f8b45be1e97c8188e13e15957f6afd70984427d4d386a190727eaad52f10f081	f8b45be1e97c8188e13e15957f6afd70984427d4d386a190727eaad52f10f081	
UploadFiles/UploadFiles/201911/2019112216034843.png	UploadFiles/UploadFiles/201911/2019112216034843.png	5712218	5b31c0afdfc65b9e9651f20e60c124ec2e0e00d1e275aa61bab84e5890f6492d	5b31c0afdfc65b9e9651f20e60c124ec2e0e00d1e275aa61bab84e5890f6492d	
UploadFiles/UploadFiles/201911/2019112509334278.png	UploadFiles/UploadFiles/201911/2019112509334278.png	210191	ab6059612424670743e579a7e185bd88054d61c6d5ea2f98a8769ba0d448c788	ab6059612424670743e579a7e185bd88054d61c6d5ea2f98a8769ba0d448c788	
UploadFiles/UploadFiles/201911/2019112509335992.jpg	UploadFiles/UploadFiles/201911/2019112509335992.jpg	274762	6b7f48c3bd972bcba5799b575db3f44e78fd939b6d5421f99199f2157cd5d15a	6b7f48c3bd972bcba5799b575db3f44e78fd939b6d5421f99199f2157cd5d15a	
UploadFiles/UploadFiles/201911/2019112509342541.jpg	UploadFiles/UploadFiles/201911/2019112509342541.jpg	308452	4d671e348e4ddfe697c29101f749dbe32a5646ee699284d452b4a0ca1c977161	4d671e348e4ddfe697c29101f749dbe32a5646ee699284d452b4a0ca1c977161	
UploadFiles/UploadFiles/201911/2019112509350594.jpg	UploadFiles/UploadFiles/201911/2019112509350594.jpg	188905	eed5d1c6ddb905bba054c672e704ed9e161b75707dd6bad902a09298fcbd106b	eed5d1c6ddb905bba054c672e704ed9e161b75707dd6bad902a09298fcbd106b	
UploadFiles/UploadFiles/201911/2019112510191460.jpg	UploadFiles/UploadFiles/201911/2019112510191460.jpg	103618	6f260d557e391367aca7b2278b6cadd9405f862dc2ed239d85f0525c5ddeedfa	6f260d557e391367aca7b2278b6cadd9405f862dc2ed239d85f0525c5ddeedfa	
UploadFiles/UploadFiles/201911/2019112510193646.jpg	UploadFiles/UploadFiles/201911/2019112510193646.jpg	116101	7ae762f775b5b3449bfac65dc143a618406296418d69948d95d95c5660fb9cd0	7ae762f775b5b3449bfac65dc143a618406296418d69948d95d95c5660fb9cd0	
UploadFiles/UploadFiles/201911/2019112510195165.jpg	UploadFiles/UploadFiles/201911/2019112510195165.jpg	81686	c866e7188a1adc37ffef326013d8c31eb39bc2b6e35e865a30586489b814e77a	c866e7188a1adc37ffef326013d8c31eb39bc2b6e35e865a30586489b814e77a	
UploadFiles/UploadFiles/201911/2019112513384768.jpg	UploadFiles/UploadFiles/201911/2019112513384768.jpg	78917	eb463e6a08af13527353a1a1eab0d7c08c30546f76d98f467e271bcea119acb5	eb463e6a08af13527353a1a1eab0d7c08c30546f76d98f467e271bcea119acb5	
UploadFiles/UploadFiles/201911/2019112614452174.png	UploadFiles/UploadFiles/201911/2019112614452174.png	52657	1f621c4097da208003b7b70409a3c6b0b83d42b200fa5dee75237cb698c277f6	1f621c4097da208003b7b70409a3c6b0b83d42b200fa5dee75237cb698c277f6	
UploadFiles/UploadFiles/201911/2019112711342762.png	UploadFiles/UploadFiles/201911/2019112711342762.png	5101362	99c5256836c432cbfa57b76bb6c53e400ee246222a9d992c504892e889bb9a2a	99c5256836c432cbfa57b76bb6c53e400ee246222a9d992c504892e889bb9a2a	
UploadFiles/UploadFiles/201911/2019113008112202.png	UploadFiles/UploadFiles/201911/2019113008112202.png	59636	e1cc2c0d8c5035cdcb6ab0fa7dbc2c1c55397ccf229a68793f0be49bb4160cec	e1cc2c0d8c5035cdcb6ab0fa7dbc2c1c55397ccf229a68793f0be49bb4160cec	
UploadFiles/UploadFiles/201912/2019120215214940.jpg	UploadFiles/UploadFiles/201912/2019120215214940.jpg	83662	73a481d57fb2974626f10d126327242f7926104016723b720bbcae3413ed61b4	73a481d57fb2974626f10d126327242f7926104016723b720bbcae3413ed61b4	
UploadFiles/UploadFiles/201912/2019120215221322.jpg	UploadFiles/UploadFiles/201912/2019120215221322.jpg	120927	80f38e93e1017c1cbc97a779763e4a0a263675f15f0489b7ced0d90f3648dcd9	80f38e93e1017c1cbc97a779763e4a0a263675f15f0489b7ced0d90f3648dcd9	
UploadFiles/UploadFiles/201912/2019120215221330.jpg	UploadFiles/UploadFiles/201912/2019120215221330.jpg	110592	2120a9ce2d4dec48e4795e2c0b7204b0982315326bccf95791d31a0c0a91fe34	2120a9ce2d4dec48e4795e2c0b7204b0982315326bccf95791d31a0c0a91fe34	
UploadFiles/UploadFiles/201912/2019120215230763.jpg	UploadFiles/UploadFiles/201912/2019120215230763.jpg	124524	7a5dee5ac8f06d0174b2873aa83b34f12831433c53a2f1e5efc0fa841602b7a0	7a5dee5ac8f06d0174b2873aa83b34f12831433c53a2f1e5efc0fa841602b7a0	
UploadFiles/UploadFiles/201912/2019120215230784.jpg	UploadFiles/UploadFiles/201912/2019120215230784.jpg	154542	5be9c869c629ef61035c78374fa7e7031852e58dc02f430346ce9275dd3a107e	5be9c869c629ef61035c78374fa7e7031852e58dc02f430346ce9275dd3a107e	
UploadFiles/UploadFiles/201912/2019120215230793.jpg	UploadFiles/UploadFiles/201912/2019120215230793.jpg	141801	d476762190f3db2c0d7afd1abfe2ecbb93528c2c8a8239c023536e1e7bf81205	d476762190f3db2c0d7afd1abfe2ecbb93528c2c8a8239c023536e1e7bf81205	
UploadFiles/UploadFiles/201912/2019120215255751.jpg	UploadFiles/UploadFiles/201912/2019120215255751.jpg	148169	2ed71753bde66ba4b6bbe19519c3d0aeb6f97ff5574ebd09c8d621a43b56ab0f	2ed71753bde66ba4b6bbe19519c3d0aeb6f97ff5574ebd09c8d621a43b56ab0f	
UploadFiles/UploadFiles/201912/2019120215255773.jpg	UploadFiles/UploadFiles/201912/2019120215255773.jpg	118661	d17e6fa52c57f0ef08a4b8c7b0ae876c9312d9c5866790425c2d550a240150f9	d17e6fa52c57f0ef08a4b8c7b0ae876c9312d9c5866790425c2d550a240150f9	
UploadFiles/UploadFiles/201912/2019120215255781.jpg	UploadFiles/UploadFiles/201912/2019120215255781.jpg	136815	b7bd0b3eb85efd2162cfb4d8af8e266e48e8dec63509b2a8918365bf26267931	b7bd0b3eb85efd2162cfb4d8af8e266e48e8dec63509b2a8918365bf26267931	
UploadFiles/UploadFiles/201912/2019120215292031.jpg	UploadFiles/UploadFiles/201912/2019120215292031.jpg	141801	d476762190f3db2c0d7afd1abfe2ecbb93528c2c8a8239c023536e1e7bf81205	d476762190f3db2c0d7afd1abfe2ecbb93528c2c8a8239c023536e1e7bf81205	
UploadFiles/UploadFiles/201912/2019120215292039.jpg	UploadFiles/UploadFiles/201912/2019120215292039.jpg	128670	452c25f3688c3af7966051b8e483d32c374e97fa40836abf3638d4f55bff470f	452c25f3688c3af7966051b8e483d32c374e97fa40836abf3638d4f55bff470f	
UploadFiles/UploadFiles/201912/2019120215574551.jpg	UploadFiles/UploadFiles/201912/2019120215574551.jpg	195004	941b7ef60fce0cdefda05dd0e8397d8d3a37defa508be6c39e7bebb9e0fcb3ee	941b7ef60fce0cdefda05dd0e8397d8d3a37defa508be6c39e7bebb9e0fcb3ee	
UploadFiles/UploadFiles/201912/2019120215574559.jpg	UploadFiles/UploadFiles/201912/2019120215574559.jpg	96910	0b3a71c55f51f660a12724c00d0bb65c5bb1b209c0f17eb590b4bd533bd14a6d	0b3a71c55f51f660a12724c00d0bb65c5bb1b209c0f17eb590b4bd533bd14a6d	
UploadFiles/UploadFiles/201912/2019120215580641.jpg	UploadFiles/UploadFiles/201912/2019120215580641.jpg	116263	e3d857af24792313e22aa983b0ee1064b3eadaa8be233d4a2d106eb789c9e985	e3d857af24792313e22aa983b0ee1064b3eadaa8be233d4a2d106eb789c9e985	
UploadFiles/UploadFiles/201912/2019120315191798.jpg	UploadFiles/UploadFiles/201912/2019120315191798.jpg	781957	8256cd957e3dc1e0aec724189e57464e3146120025193c32b55a5467e9c752af	8256cd957e3dc1e0aec724189e57464e3146120025193c32b55a5467e9c752af	
UploadFiles/UploadFiles/201912/2019120315192860.jpg	UploadFiles/UploadFiles/201912/2019120315192860.jpg	779462	d3f1c1089b6d6adf0aecccc2e319252c3c8f06246f8dcc40046a71679e9dd51f	d3f1c1089b6d6adf0aecccc2e319252c3c8f06246f8dcc40046a71679e9dd51f	
UploadFiles/UploadFiles/201912/2019120318202039.png	UploadFiles/UploadFiles/201912/2019120318202039.png	145949	6de5227a7b688c24a0a7d4fb633b6b2377de63ccbaa092b2a5bf0d8be72da47a	6de5227a7b688c24a0a7d4fb633b6b2377de63ccbaa092b2a5bf0d8be72da47a	
UploadFiles/UploadFiles/201912/2019120318223965.png	UploadFiles/UploadFiles/201912/2019120318223965.png	148098	4f294c60406ecbd7d306dfdfcb4c65299b076c106fae1b5a6d86585717780922	4f294c60406ecbd7d306dfdfcb4c65299b076c106fae1b5a6d86585717780922	
UploadFiles/UploadFiles/201912/2019120318251341.png	UploadFiles/UploadFiles/201912/2019120318251341.png	284628	59f2b7b46bfe0e2eeab7f817c3e4523ab05617a70f70e4391c1f4792c85e9cc9	59f2b7b46bfe0e2eeab7f817c3e4523ab05617a70f70e4391c1f4792c85e9cc9	
UploadFiles/UploadFiles/201912/2019120318270327.png	UploadFiles/UploadFiles/201912/2019120318270327.png	11232	8a703812258acf4de95d2e22feb844a92a447a3f65ab2537c1a490fe0ad18d3b	8a703812258acf4de95d2e22feb844a92a447a3f65ab2537c1a490fe0ad18d3b	
UploadFiles/UploadFiles/201912/2019120318283699.png	UploadFiles/UploadFiles/201912/2019120318283699.png	1596	b45025391684bdfd417e807b36e63ff6640429cec32804285f0f14c2e4a2589f	b45025391684bdfd417e807b36e63ff6640429cec32804285f0f14c2e4a2589f	
UploadFiles/UploadFiles/201912/2019120318304615.png	UploadFiles/UploadFiles/201912/2019120318304615.png	19587	6da85b3fc03f9999a127ec31b00c6594de84a3a728d6076fa110ccfe1fdef0db	6da85b3fc03f9999a127ec31b00c6594de84a3a728d6076fa110ccfe1fdef0db	
UploadFiles/UploadFiles/201912/2019120318490389.png	UploadFiles/UploadFiles/201912/2019120318490389.png	19587	6da85b3fc03f9999a127ec31b00c6594de84a3a728d6076fa110ccfe1fdef0db	6da85b3fc03f9999a127ec31b00c6594de84a3a728d6076fa110ccfe1fdef0db	
UploadFiles/UploadFiles/201912/2019120318500739.png	UploadFiles/UploadFiles/201912/2019120318500739.png	5435	445bc628d439a5eedd92a8187cae537d9f7aa04b51c12f4ad282bc3a8149e78f	445bc628d439a5eedd92a8187cae537d9f7aa04b51c12f4ad282bc3a8149e78f	
UploadFiles/UploadFiles/201912/2019120318510548.png	UploadFiles/UploadFiles/201912/2019120318510548.png	15500	f5abf0f517e5f0eff849c5505020d4db5231a43484f74963bb7176fb43d18a0f	f5abf0f517e5f0eff849c5505020d4db5231a43484f74963bb7176fb43d18a0f	
UploadFiles/UploadFiles/201912/2019120319000221.png	UploadFiles/UploadFiles/201912/2019120319000221.png	22563	f15f2c9e24571af66988b650536c3a37934114f61d8f32b34f239e9f847cc9a3	f15f2c9e24571af66988b650536c3a37934114f61d8f32b34f239e9f847cc9a3	
UploadFiles/UploadFiles/201912/2019120410370015.png	UploadFiles/UploadFiles/201912/2019120410370015.png	4331492	31c626231802f062421b05176c517a5495cc71283c4eb6ef8a620763e77468dd	31c626231802f062421b05176c517a5495cc71283c4eb6ef8a620763e77468dd	
UploadFiles/UploadFiles/201912/2019120507500824.png	UploadFiles/UploadFiles/201912/2019120507500824.png	5537133	baae3292d764dbd21770c2c23384e556f612dee7672b566e33a80e6865624e80	baae3292d764dbd21770c2c23384e556f612dee7672b566e33a80e6865624e80	
UploadFiles/UploadFiles/201912/2019120508422901.png	UploadFiles/UploadFiles/201912/2019120508422901.png	1564920	db15fa4a2c8022c03b28de78f2ad5ef019491478c67dea68742e9c1ab236619b	db15fa4a2c8022c03b28de78f2ad5ef019491478c67dea68742e9c1ab236619b	
UploadFiles/UploadFiles/201912/2019120508422923.png	UploadFiles/UploadFiles/201912/2019120508422923.png	1683030	f17ad99c5536b5b6a8d770587c64936662cabe2adaeb41ece35006b8c347c30a	f17ad99c5536b5b6a8d770587c64936662cabe2adaeb41ece35006b8c347c30a	
UploadFiles/UploadFiles/201912/2019120508422953.png	UploadFiles/UploadFiles/201912/2019120508422953.png	1034468	70b5a1e6cd6632fce6e9737ccb87cb14cb85857f9764f345b011c94d581159a3	70b5a1e6cd6632fce6e9737ccb87cb14cb85857f9764f345b011c94d581159a3	
UploadFiles/UploadFiles/201912/2019120508422968.png	UploadFiles/UploadFiles/201912/2019120508422968.png	1337412	4b3845dc06e687ef07a6367a1306298af1b0bf1e41555d0e6d66e87a0ce80984	4b3845dc06e687ef07a6367a1306298af1b0bf1e41555d0e6d66e87a0ce80984	
UploadFiles/UploadFiles/201912/2019120611433083.png	UploadFiles/UploadFiles/201912/2019120611433083.png	106523	ffd24d8971b3460f012588356485aeaa124659725ee618d289939d76e4dd8d23	ffd24d8971b3460f012588356485aeaa124659725ee618d289939d76e4dd8d23	
UploadFiles/UploadFiles/201912/2019121009334265.jpg	UploadFiles/UploadFiles/201912/2019121009334265.jpg	557738	25ae2f2cde7c27138987edca9b84cc2214753da760b1fdd88bf2bb8bfe24d65a	25ae2f2cde7c27138987edca9b84cc2214753da760b1fdd88bf2bb8bfe24d65a	
UploadFiles/UploadFiles/201912/2019121010300752.png	UploadFiles/UploadFiles/201912/2019121010300752.png	591211	b48cce31c5fc401432d2a969cc43379103ed35aa26ebb3c736d8a9c433c1e180	b48cce31c5fc401432d2a969cc43379103ed35aa26ebb3c736d8a9c433c1e180	
UploadFiles/UploadFiles/201912/2019121011002196.png	UploadFiles/UploadFiles/201912/2019121011002196.png	44468	02260dff17d42555e8495f51bd0c32ba05c29dcd56cb4aaa91fbcf7ebdac29ac	02260dff17d42555e8495f51bd0c32ba05c29dcd56cb4aaa91fbcf7ebdac29ac	
UploadFiles/UploadFiles/201912/2019121011073956.png	UploadFiles/UploadFiles/201912/2019121011073956.png	110764	4c4a86281fe3abe6ebcb01b5c0a2ba07512f04c01877ac5443c899383e2e3909	4c4a86281fe3abe6ebcb01b5c0a2ba07512f04c01877ac5443c899383e2e3909	
UploadFiles/UploadFiles/201912/2019121011081459.png	UploadFiles/UploadFiles/201912/2019121011081459.png	116540	3cb8c6f362ea1c560d6617441c87c2f62662bc7a9ea069baafd680b47a942cf8	3cb8c6f362ea1c560d6617441c87c2f62662bc7a9ea069baafd680b47a942cf8	
UploadFiles/UploadFiles/201912/2019121110530528.jpg	UploadFiles/UploadFiles/201912/2019121110530528.jpg	245994	9206e3daddd5d23091d6a95883d7774f322e25986ab332a96652da1b501e1a69	9206e3daddd5d23091d6a95883d7774f322e25986ab332a96652da1b501e1a69	
UploadFiles/UploadFiles/201912/2019121110532222.jpg	UploadFiles/UploadFiles/201912/2019121110532222.jpg	184620	09a2c37976e439601e75a81583e5e07422b9b06259df7f00b68b647067f4a20e	09a2c37976e439601e75a81583e5e07422b9b06259df7f00b68b647067f4a20e	
UploadFiles/UploadFiles/201912/2019121110551502.jpg	UploadFiles/UploadFiles/201912/2019121110551502.jpg	167281	490a6118b19e5d8fc2dd5c231e7cf5124f605e90eebc48ebb1c55f54d82ce5b1	490a6118b19e5d8fc2dd5c231e7cf5124f605e90eebc48ebb1c55f54d82ce5b1	
UploadFiles/UploadFiles/201912/2019121110551511.jpg	UploadFiles/UploadFiles/201912/2019121110551511.jpg	178311	95d0241504ddc6e027cc947a3aa47ccd1b4c73afb1b90047b3b68d35606012e3	95d0241504ddc6e027cc947a3aa47ccd1b4c73afb1b90047b3b68d35606012e3	
UploadFiles/UploadFiles/201912/2019121110551663.jpg	UploadFiles/UploadFiles/201912/2019121110551663.jpg	159247	f9634c3b933c437c102438d3e3e4ca43cbd26de0ace788aae66dc3f8a718f2cb	f9634c3b933c437c102438d3e3e4ca43cbd26de0ace788aae66dc3f8a718f2cb	
UploadFiles/UploadFiles/201912/2019121110553096.jpg	UploadFiles/UploadFiles/201912/2019121110553096.jpg	214096	8c81164a6a1485997fa4d997c3d7a6fc7fba4e062c2891efee3a447390894724	8c81164a6a1485997fa4d997c3d7a6fc7fba4e062c2891efee3a447390894724	
UploadFiles/UploadFiles/201912/2019121111010940.jpg	UploadFiles/UploadFiles/201912/2019121111010940.jpg	77886	42ad5c186311e15c9d3de8c25b763ed9c8b1e2eba54145d991c0dae8104f79c9	42ad5c186311e15c9d3de8c25b763ed9c8b1e2eba54145d991c0dae8104f79c9	
UploadFiles/UploadFiles/201912/2019121111013350.jpg	UploadFiles/UploadFiles/201912/2019121111013350.jpg	259120	39f0b7e2ad1ad99d798e39c5063a1c29aeea6a5939c919ccf32158966b898504	39f0b7e2ad1ad99d798e39c5063a1c29aeea6a5939c919ccf32158966b898504	
UploadFiles/UploadFiles/201912/2019121111015076.jpg	UploadFiles/UploadFiles/201912/2019121111015076.jpg	263590	99e413a5f1ba7db07e54a0890902e3f76e1414f47a49e15439834c29f7538c5c	99e413a5f1ba7db07e54a0890902e3f76e1414f47a49e15439834c29f7538c5c	
UploadFiles/UploadFiles/201912/2019121111021949.jpg	UploadFiles/UploadFiles/201912/2019121111021949.jpg	194952	23e52f3345439ee0f677c2a9a665cc75b2e3ec3c4f18ad8f2272c9b0ca3d6206	23e52f3345439ee0f677c2a9a665cc75b2e3ec3c4f18ad8f2272c9b0ca3d6206	
UploadFiles/UploadFiles/201912/2019121111022668.jpg	UploadFiles/UploadFiles/201912/2019121111022668.jpg	203034	4c8dcc7c5201942e8b3126eb6c9401d9d4055c5eca5f5e3dfe447b47d8be8120	4c8dcc7c5201942e8b3126eb6c9401d9d4055c5eca5f5e3dfe447b47d8be8120	
UploadFiles/UploadFiles/201912/2019121111023972.jpg	UploadFiles/UploadFiles/201912/2019121111023972.jpg	212518	81270fe94cdd033884bfff949a2a94fdfa58f42dc2dc62f619f4fd603e8e618c	81270fe94cdd033884bfff949a2a94fdfa58f42dc2dc62f619f4fd603e8e618c	
UploadFiles/UploadFiles/201912/2019121111025307.jpg	UploadFiles/UploadFiles/201912/2019121111025307.jpg	281808	aa3ea40bfc892ecbea2dcdb2d8ee134fa37958f1bcd62744c93f22a887d51465	aa3ea40bfc892ecbea2dcdb2d8ee134fa37958f1bcd62744c93f22a887d51465	
UploadFiles/UploadFiles/201912/2019121111031331.jpg	UploadFiles/UploadFiles/201912/2019121111031331.jpg	320713	4a3bac8268044ba7d04da3714ce0d4c80a8ea4f00768f38c712e60985767dba1	4a3bac8268044ba7d04da3714ce0d4c80a8ea4f00768f38c712e60985767dba1	
UploadFiles/UploadFiles/201912/2019121111035205.jpg	UploadFiles/UploadFiles/201912/2019121111035205.jpg	231748	47a32fbcac158e2c9e71a05f7a3c7e9ffa685a5cbfa706e2730a02fb274b9c85	47a32fbcac158e2c9e71a05f7a3c7e9ffa685a5cbfa706e2730a02fb274b9c85	
UploadFiles/UploadFiles/201912/2019121111035221.jpg	UploadFiles/UploadFiles/201912/2019121111035221.jpg	282678	370d91aad1e367c38eb384aac27d3638f1461b32b86f954dccf975a97d8ef33f	370d91aad1e367c38eb384aac27d3638f1461b32b86f954dccf975a97d8ef33f	
UploadFiles/UploadFiles/201912/2019121111035223.jpg	UploadFiles/UploadFiles/201912/2019121111035223.jpg	333555	9edec36ff64cf6fae7648bad83eeddff76ad193e86e9fca5ec151d5f00fdf31f	9edec36ff64cf6fae7648bad83eeddff76ad193e86e9fca5ec151d5f00fdf31f	
UploadFiles/UploadFiles/201912/2019121111035243.jpg	UploadFiles/UploadFiles/201912/2019121111035243.jpg	247305	204225c6156c4006b531ecd0c13b9f0f540abd93ff0b3617a6b543559033672a	204225c6156c4006b531ecd0c13b9f0f540abd93ff0b3617a6b543559033672a	
UploadFiles/UploadFiles/201912/2019121111035251.jpg	UploadFiles/UploadFiles/201912/2019121111035251.jpg	249055	7fbf13e2b9863fc68423d6c751c0a52362255c6d2d70c836f716813e60fdbda3	7fbf13e2b9863fc68423d6c751c0a52362255c6d2d70c836f716813e60fdbda3	
UploadFiles/UploadFiles/201912/2019121111035260.jpg	UploadFiles/UploadFiles/201912/2019121111035260.jpg	277867	f67dd0158522e399240eea0230ed11c631a24690c45a1d51965b771ff4d0e3e5	f67dd0158522e399240eea0230ed11c631a24690c45a1d51965b771ff4d0e3e5	
UploadFiles/UploadFiles/201912/2019121111042414.jpg	UploadFiles/UploadFiles/201912/2019121111042414.jpg	325460	4857cfdb18d8e52350be5152fed5ceff83108b9331dc633c9d5f64923ca06838	4857cfdb18d8e52350be5152fed5ceff83108b9331dc633c9d5f64923ca06838	
UploadFiles/UploadFiles/201912/2019121111042464.jpg	UploadFiles/UploadFiles/201912/2019121111042464.jpg	2522954	b92c73c40c004a8f17c646c7ef0173f51a714511ffe65a2a244b602bffa8c416	b92c73c40c004a8f17c646c7ef0173f51a714511ffe65a2a244b602bffa8c416	
UploadFiles/UploadFiles/201912/2019121111042486.jpg	UploadFiles/UploadFiles/201912/2019121111042486.jpg	322090	1394937c1f6e3d6eca3091c1c2562e5f325faaf986eae093d008e36c9acb8999	1394937c1f6e3d6eca3091c1c2562e5f325faaf986eae093d008e36c9acb8999	
UploadFiles/UploadFiles/201912/2019121111045195.jpg	UploadFiles/UploadFiles/201912/2019121111045195.jpg	321530	a8170bf56ef9694528b3f79292182a9a0b3f8890027a316a4aee3d31a621ae7b	a8170bf56ef9694528b3f79292182a9a0b3f8890027a316a4aee3d31a621ae7b	
UploadFiles/UploadFiles/201912/2019121111142510.jpg	UploadFiles/UploadFiles/201912/2019121111142510.jpg	194952	23e52f3345439ee0f677c2a9a665cc75b2e3ec3c4f18ad8f2272c9b0ca3d6206	23e52f3345439ee0f677c2a9a665cc75b2e3ec3c4f18ad8f2272c9b0ca3d6206	
UploadFiles/UploadFiles/201912/2019121111163335.jpg	UploadFiles/UploadFiles/201912/2019121111163335.jpg	281808	aa3ea40bfc892ecbea2dcdb2d8ee134fa37958f1bcd62744c93f22a887d51465	aa3ea40bfc892ecbea2dcdb2d8ee134fa37958f1bcd62744c93f22a887d51465	
UploadFiles/UploadFiles/201912/2019121113390399.png	UploadFiles/UploadFiles/201912/2019121113390399.png	3828260	4688a10c1d80533b7ba53727d0bc152e227a6cc5a49a8d62d4c4cada78b4216a	4688a10c1d80533b7ba53727d0bc152e227a6cc5a49a8d62d4c4cada78b4216a	
UploadFiles/UploadFiles/201912/2019121208082705.jpg	UploadFiles/UploadFiles/201912/2019121208082705.jpg	314754	bca59114cc88614c3f1939093c808ccf227476878e42c1d2a443959bec31782b	bca59114cc88614c3f1939093c808ccf227476878e42c1d2a443959bec31782b	
UploadFiles/UploadFiles/201912/2019121208082711.jpg	UploadFiles/UploadFiles/201912/2019121208082711.jpg	328613	6796b61d1f91513b88143d3a0c6f74c473599c752c4a8b91318a99c043a665fc	6796b61d1f91513b88143d3a0c6f74c473599c752c4a8b91318a99c043a665fc	
UploadFiles/UploadFiles/201912/2019121208082771.jpg	UploadFiles/UploadFiles/201912/2019121208082771.jpg	156649	f34f4796756ed3ba89d9343df9085ae23e950f4150b9e93c460993793d0f5124	f34f4796756ed3ba89d9343df9085ae23e950f4150b9e93c460993793d0f5124	
UploadFiles/UploadFiles/201912/2019121208082781.jpg	UploadFiles/UploadFiles/201912/2019121208082781.jpg	283503	bcbdc32851409986460c8bcc86acecbd96e9a9af7198a139c8ec89f99f5a9007	bcbdc32851409986460c8bcc86acecbd96e9a9af7198a139c8ec89f99f5a9007	
UploadFiles/UploadFiles/201912/2019121208082787.jpg	UploadFiles/UploadFiles/201912/2019121208082787.jpg	62101	976424ec611f4d6f532747c7532f26640e744731cba2f7e6524253c4cfd8cea9	976424ec611f4d6f532747c7532f26640e744731cba2f7e6524253c4cfd8cea9	
UploadFiles/UploadFiles/201912/2019121208082789.jpg	UploadFiles/UploadFiles/201912/2019121208082789.jpg	232080	2005999c3ee54962773122278804fefbcebd8bf8024267169e2f7e101dd8369c	2005999c3ee54962773122278804fefbcebd8bf8024267169e2f7e101dd8369c	
UploadFiles/UploadFiles/201912/2019121208464263.jpg	UploadFiles/UploadFiles/201912/2019121208464263.jpg	175040	bddc2610c34e832d237b0cf025d6ea84145f668bb3cb28a584a9d7d2c6e3786f	bddc2610c34e832d237b0cf025d6ea84145f668bb3cb28a584a9d7d2c6e3786f	
UploadFiles/UploadFiles/201912/2019121208464271.jpg	UploadFiles/UploadFiles/201912/2019121208464271.jpg	24898	720dec8c573e4077e53ee9b8bab8dc555cccc3c2114973176079129a04468137	720dec8c573e4077e53ee9b8bab8dc555cccc3c2114973176079129a04468137	
UploadFiles/UploadFiles/201912/2019121208465987.jpg	UploadFiles/UploadFiles/201912/2019121208465987.jpg	154041	6bd8ae272ae5a5f83451e80997d5fcb6602114d2d466e834d5fa0059d7c3b3bf	6bd8ae272ae5a5f83451e80997d5fcb6602114d2d466e834d5fa0059d7c3b3bf	
UploadFiles/UploadFiles/201912/2019121208472529.jpg	UploadFiles/UploadFiles/201912/2019121208472529.jpg	111238	22443c10720326ba34fe96fb19ecbe4e21d68e4fe503e0cd9ca1704690ce8716	22443c10720326ba34fe96fb19ecbe4e21d68e4fe503e0cd9ca1704690ce8716	
UploadFiles/UploadFiles/201912/2019121208473590.jpg	UploadFiles/UploadFiles/201912/2019121208473590.jpg	601201	da6a4f5c5d4c26625f29875a64bff9edc57569bf3771be30d320769e02945df2	da6a4f5c5d4c26625f29875a64bff9edc57569bf3771be30d320769e02945df2	
UploadFiles/UploadFiles/201912/2019121208474293.jpg	UploadFiles/UploadFiles/201912/2019121208474293.jpg	177306	5bbb714e19119da1cf667e06441492079ec84988778ac07fb1dda84e9220c29a	5bbb714e19119da1cf667e06441492079ec84988778ac07fb1dda84e9220c29a	
UploadFiles/UploadFiles/201912/2019121309335500.jpg	UploadFiles/UploadFiles/201912/2019121309335500.jpg	496799	24b2e63373d9b9617fcbe4b959d4c50f7e034bb61b8b3d9e036cad0253b5cb3a	24b2e63373d9b9617fcbe4b959d4c50f7e034bb61b8b3d9e036cad0253b5cb3a	
UploadFiles/UploadFiles/201912/2019121315421254.jpg	UploadFiles/UploadFiles/201912/2019121315421254.jpg	162784	430ed240e19cfd9026b858ff3a7b1987289b87041fe0c49f6c22f790d0a42a0c	430ed240e19cfd9026b858ff3a7b1987289b87041fe0c49f6c22f790d0a42a0c	
UploadFiles/UploadFiles/201912/2019121611123381.png	UploadFiles/UploadFiles/201912/2019121611123381.png	58865	1a8b61ddf908e2c686e0b35015ab1a32e96611406a095c2dea704d197e867d63	1a8b61ddf908e2c686e0b35015ab1a32e96611406a095c2dea704d197e867d63	
UploadFiles/UploadFiles/201912/2019121611123390.png	UploadFiles/UploadFiles/201912/2019121611123390.png	59504	a52a9bbd231a674fa48b846c1b957d320fa84ae35d19c61aa9d70338612e7dc7	a52a9bbd231a674fa48b846c1b957d320fa84ae35d19c61aa9d70338612e7dc7	
UploadFiles/UploadFiles/201912/2019121615451873.png	UploadFiles/UploadFiles/201912/2019121615451873.png	6190231	c23cf2800defe4d27503ef464ff6b3441e9f691449055be069221cd7b72d493c	c23cf2800defe4d27503ef464ff6b3441e9f691449055be069221cd7b72d493c	
UploadFiles/UploadFiles/201912/2019121615453203.png	UploadFiles/UploadFiles/201912/2019121615453203.png	4980189	b9e81cc6dff3b7a65dc442afe0998b1ec9a5342aea5dc0decc8537760a4913db	b9e81cc6dff3b7a65dc442afe0998b1ec9a5342aea5dc0decc8537760a4913db	
UploadFiles/UploadFiles/201912/2019121615521736.jpg	UploadFiles/UploadFiles/201912/2019121615521736.jpg	803392	1ca3b59c95805d805a6297e082b1de34151a870736776cbd7095eee346838400	1ca3b59c95805d805a6297e082b1de34151a870736776cbd7095eee346838400	
UploadFiles/UploadFiles/201912/2019121615524703.jpg	UploadFiles/UploadFiles/201912/2019121615524703.jpg	803392	1ca3b59c95805d805a6297e082b1de34151a870736776cbd7095eee346838400	1ca3b59c95805d805a6297e082b1de34151a870736776cbd7095eee346838400	
UploadFiles/UploadFiles/201912/2019121807334482.png	UploadFiles/UploadFiles/201912/2019121807334482.png	4724219	89ec2872daccb7d9d9aaab768389f4cfb70117a32578b039f43fdd16d82c01a5	89ec2872daccb7d9d9aaab768389f4cfb70117a32578b039f43fdd16d82c01a5	
UploadFiles/UploadFiles/201912/2019121807573239.png	UploadFiles/UploadFiles/201912/2019121807573239.png	277912	91e23da47c288432232c505a9cc0d8abd71fa4c66310b429b97c81d34ff5eee1	91e23da47c288432232c505a9cc0d8abd71fa4c66310b429b97c81d34ff5eee1	
UploadFiles/UploadFiles/201912/2019121807581703.png	UploadFiles/UploadFiles/201912/2019121807581703.png	277912	91e23da47c288432232c505a9cc0d8abd71fa4c66310b429b97c81d34ff5eee1	91e23da47c288432232c505a9cc0d8abd71fa4c66310b429b97c81d34ff5eee1	
UploadFiles/UploadFiles/201912/2019121808214809.png	UploadFiles/UploadFiles/201912/2019121808214809.png	623395	08875f121ea78dc586fec5c34a3694bcef29a72c06a34151f7ef5663818b5628	08875f121ea78dc586fec5c34a3694bcef29a72c06a34151f7ef5663818b5628	
UploadFiles/UploadFiles/201912/2019121808240293.png	UploadFiles/UploadFiles/201912/2019121808240293.png	383564	fb4702b69713d34456c800b92288a927040796853c535914caa83b5c3d2b5abd	fb4702b69713d34456c800b92288a927040796853c535914caa83b5c3d2b5abd	
UploadFiles/UploadFiles/201912/2019121815294429.png	UploadFiles/UploadFiles/201912/2019121815294429.png	190358	78f21abf2d5988676a10297d439d66e5e8a31378ffe142c0550099e486eb6f93	78f21abf2d5988676a10297d439d66e5e8a31378ffe142c0550099e486eb6f93	
UploadFiles/UploadFiles/201912/2019121815325423.png	UploadFiles/UploadFiles/201912/2019121815325423.png	18389	1e585e80ed0c471c24f21fc8d4fabcff522316a3a3ad9e24631226fd446035cc	1e585e80ed0c471c24f21fc8d4fabcff522316a3a3ad9e24631226fd446035cc	
UploadFiles/UploadFiles/201912/2019121815331945.png	UploadFiles/UploadFiles/201912/2019121815331945.png	81256	f3575dbdf13b157d0be8caf990c4a4abd6bcf26044438dc2dba3f05be73385ea	f3575dbdf13b157d0be8caf990c4a4abd6bcf26044438dc2dba3f05be73385ea	
UploadFiles/UploadFiles/201912/2019121815342011.png	UploadFiles/UploadFiles/201912/2019121815342011.png	21085	6654d60875d0446b71a127e42ad6d88b83734aa22929d68526d43b202fec57f7	6654d60875d0446b71a127e42ad6d88b83734aa22929d68526d43b202fec57f7	
UploadFiles/UploadFiles/201912/2019121815344523.png	UploadFiles/UploadFiles/201912/2019121815344523.png	151813	415d2fbfefbe2bb68bd7142a2d5eb639113d2fb9e81d4f83d058400cf66d8d2e	415d2fbfefbe2bb68bd7142a2d5eb639113d2fb9e81d4f83d058400cf66d8d2e	
UploadFiles/UploadFiles/201912/2019121815360894.png	UploadFiles/UploadFiles/201912/2019121815360894.png	35125	8121032a1f3b3b6936343ff858c20c86b368abd0e916099e8f3812081fda1093	8121032a1f3b3b6936343ff858c20c86b368abd0e916099e8f3812081fda1093	
UploadFiles/UploadFiles/201912/2019121907594234.jpg	UploadFiles/UploadFiles/201912/2019121907594234.jpg	162166	16e10874f4625211551f0477701162a6e06d9dce2524f375aba0171cc74e7a2f	16e10874f4625211551f0477701162a6e06d9dce2524f375aba0171cc74e7a2f	
UploadFiles/UploadFiles/201912/2019122012350832.png	UploadFiles/UploadFiles/201912/2019122012350832.png	4641403	2569c6e3c94dd8dde2f77370a86f5cfe48fdd3ae654e99c400af0539b4918ccf	2569c6e3c94dd8dde2f77370a86f5cfe48fdd3ae654e99c400af0539b4918ccf	
UploadFiles/UploadFiles/201912/2019122310555070.png	UploadFiles/UploadFiles/201912/2019122310555070.png	3708354	5dc5019c9256c5c0cae90f617bec0f3480fc2aae21670bd967817f97fb5ad7bb	5dc5019c9256c5c0cae90f617bec0f3480fc2aae21670bd967817f97fb5ad7bb	
UploadFiles/UploadFiles/201912/2019122410295759.bmp	UploadFiles/UploadFiles/201912/2019122410295759.bmp	1313334	a4003a0b02971604a589ebf5da7bdf04593d23a7cacf5f1b906a818e7a3d4c32	a4003a0b02971604a589ebf5da7bdf04593d23a7cacf5f1b906a818e7a3d4c32	
UploadFiles/UploadFiles/201912/2019122507553700.png	UploadFiles/UploadFiles/201912/2019122507553700.png	5228369	01d0fbf9a7fde21a69ccb37daccba643763e0d1aff9caf8be86b237c3cb71c55	01d0fbf9a7fde21a69ccb37daccba643763e0d1aff9caf8be86b237c3cb71c55	
UploadFiles/UploadFiles/201912/2019122507555676.png	UploadFiles/UploadFiles/201912/2019122507555676.png	5228369	01d0fbf9a7fde21a69ccb37daccba643763e0d1aff9caf8be86b237c3cb71c55	01d0fbf9a7fde21a69ccb37daccba643763e0d1aff9caf8be86b237c3cb71c55	
UploadFiles/UploadFiles/201912/2019122611123666.jpg	UploadFiles/UploadFiles/201912/2019122611123666.jpg	135864	1b9cb91d0215928dad75957ac6051848a0018e47e57e0919683bb968c7d219a2	1b9cb91d0215928dad75957ac6051848a0018e47e57e0919683bb968c7d219a2	
UploadFiles/UploadFiles/201912/2019122611123674.jpg	UploadFiles/UploadFiles/201912/2019122611123674.jpg	25916	446f1de59610735d2c60921626b29c2946eac2c0e4973160aaa26783753b868e	446f1de59610735d2c60921626b29c2946eac2c0e4973160aaa26783753b868e	
UploadFiles/UploadFiles/201912/2019122611151713.jpg	UploadFiles/UploadFiles/201912/2019122611151713.jpg	171661	234b9112cea8513704a42c46c83da896bedbdaa4ab6f880bb44c0cc8ac5ca4e7	234b9112cea8513704a42c46c83da896bedbdaa4ab6f880bb44c0cc8ac5ca4e7	
UploadFiles/UploadFiles/201912/2019122611151721.jpg	UploadFiles/UploadFiles/201912/2019122611151721.jpg	193167	c9b465c35474febb96a0858527cc202ff4647316af6fe2eec00fa526db3368e5	c9b465c35474febb96a0858527cc202ff4647316af6fe2eec00fa526db3368e5	
UploadFiles/UploadFiles/201912/2019122614330575.png	UploadFiles/UploadFiles/201912/2019122614330575.png	560451	67190d280a8f7c965f2ba03b9aba87a14bc227f348224a98d3f1e58f865c6d0e	67190d280a8f7c965f2ba03b9aba87a14bc227f348224a98d3f1e58f865c6d0e	
UploadFiles/UploadFiles/201912/2019122614341474.png	UploadFiles/UploadFiles/201912/2019122614341474.png	571191	8e93595df0052ba039cd0a452964ac04ee451f37ccff120bbec4dba1961ba03b	8e93595df0052ba039cd0a452964ac04ee451f37ccff120bbec4dba1961ba03b	
UploadFiles/UploadFiles/201912/2019122614343467.png	UploadFiles/UploadFiles/201912/2019122614343467.png	691187	2d4ae11cdfea02ceb7047fd5a0ace258d8454d6e29d334b10ac3579052ed9a78	2d4ae11cdfea02ceb7047fd5a0ace258d8454d6e29d334b10ac3579052ed9a78	
UploadFiles/UploadFiles/201912/2019122614344861.png	UploadFiles/UploadFiles/201912/2019122614344861.png	241257	c82434c5d96c30c8a3575c195c08a0f9478913458b37cfe13af0a11d24db9fee	c82434c5d96c30c8a3575c195c08a0f9478913458b37cfe13af0a11d24db9fee	
UploadFiles/UploadFiles/201912/2019122709263923.jpg	UploadFiles/UploadFiles/201912/2019122709263923.jpg	2862675	1cb84a9acc7e6488526cd5c6a308ca48b890d6701a08b9b5b4c8b4c266c192b4	1cb84a9acc7e6488526cd5c6a308ca48b890d6701a08b9b5b4c8b4c266c192b4	
UploadFiles/UploadFiles/201912/2019122709265762.jpg	UploadFiles/UploadFiles/201912/2019122709265762.jpg	2162189	2baeded10bcc1250e84f4bcc981b127c3d6d55c61a8a9cb902fdc26835590e64	2baeded10bcc1250e84f4bcc981b127c3d6d55c61a8a9cb902fdc26835590e64	
UploadFiles/UploadFiles/201912/2019122709271894.jpg	UploadFiles/UploadFiles/201912/2019122709271894.jpg	1592069	5ccded8000ed42fd328003f808ae409456a3650a42f6405fa1532f6469ab59dd	5ccded8000ed42fd328003f808ae409456a3650a42f6405fa1532f6469ab59dd	
UploadFiles/UploadFiles/201912/2019122709273274.jpg	UploadFiles/UploadFiles/201912/2019122709273274.jpg	1571154	fbe9e7f93e65e126e1cb6012b1d6bf8a7b8b1037e521726e38c0b62a8f425e2c	fbe9e7f93e65e126e1cb6012b1d6bf8a7b8b1037e521726e38c0b62a8f425e2c	
UploadFiles/UploadFiles/201912/2019122709280379.jpg	UploadFiles/UploadFiles/201912/2019122709280379.jpg	1153282	7e6ef288fcd4665a2a2bc6559181f4c37d571697506ca347c4c3eb726449c669	7e6ef288fcd4665a2a2bc6559181f4c37d571697506ca347c4c3eb726449c669	
UploadFiles/UploadFiles/201912/2019122709282555.jpg	UploadFiles/UploadFiles/201912/2019122709282555.jpg	1437958	6717f15060ccfe8ee9ddf3573bce08768add48de77d15754125b7e7d60e54928	6717f15060ccfe8ee9ddf3573bce08768add48de77d15754125b7e7d60e54928	
UploadFiles/UploadFiles/201912/2019122709284560.jpg	UploadFiles/UploadFiles/201912/2019122709284560.jpg	1703675	e969d42eaa4638aced468bc1c87b308f5df3a6dad4f8f0045cd7f67ed438220e	e969d42eaa4638aced468bc1c87b308f5df3a6dad4f8f0045cd7f67ed438220e	
UploadFiles/UploadFiles/201912/2019122709290355.jpg	UploadFiles/UploadFiles/201912/2019122709290355.jpg	33547	5d4b744568165706c13fda7a513951e5c220de240cf70bb8d166e231c52c2854	5d4b744568165706c13fda7a513951e5c220de240cf70bb8d166e231c52c2854	
UploadFiles/UploadFiles/201912/2019122709301369.jpg	UploadFiles/UploadFiles/201912/2019122709301369.jpg	157644	c60f6242b1d1a8736deb7ed24d812de72cc1ae172b0ba904a000e8bf02bae801	c60f6242b1d1a8736deb7ed24d812de72cc1ae172b0ba904a000e8bf02bae801	
UploadFiles/UploadFiles/201912/2019122709353226.jpg	UploadFiles/UploadFiles/201912/2019122709353226.jpg	73726	2c6ea6ef607c4704ee43d2619a2c6cb5f314e3c1be1cf5ed18dcf529cff464fc	2c6ea6ef607c4704ee43d2619a2c6cb5f314e3c1be1cf5ed18dcf529cff464fc	
UploadFiles/UploadFiles/201912/2019122712285253.png	UploadFiles/UploadFiles/201912/2019122712285253.png	5873717	6ac201ff1e983a6516f718dc80f950c5ced822a17ab0e4d11d9dfbf10be9d844	6ac201ff1e983a6516f718dc80f950c5ced822a17ab0e4d11d9dfbf10be9d844	
UploadFiles/UploadFiles/201912/2019123111024257.jpg	UploadFiles/UploadFiles/201912/2019123111024257.jpg	156278	1c1235b5dcd5f600ffcfac09dce3b6beb77240850d3143c0369c946c51dd638a	1c1235b5dcd5f600ffcfac09dce3b6beb77240850d3143c0369c946c51dd638a	
UploadFiles/UploadFiles/201912/2019123111030040.jpg	UploadFiles/UploadFiles/201912/2019123111030040.jpg	287657	2c5e9da59c9ec93eb841097ef52a08d0b517a00e2353a75cedaa3eefab4fcb3b	2c5e9da59c9ec93eb841097ef52a08d0b517a00e2353a75cedaa3eefab4fcb3b	
UploadFiles/UploadFiles/201912/2019123111031785.jpg	UploadFiles/UploadFiles/201912/2019123111031785.jpg	150343	b40a1945afd15ba7286532a9d15e9b9b04e7e7c39ae75b4bab4eba3b2bc9f71f	b40a1945afd15ba7286532a9d15e9b9b04e7e7c39ae75b4bab4eba3b2bc9f71f	
UploadFiles/UploadFiles/201912/2019123111035584.jpg	UploadFiles/UploadFiles/201912/2019123111035584.jpg	334529	f68dc872224ede0c3e4511b6b88e1b6b9879864326c6883a39b0913d24d7ac35	f68dc872224ede0c3e4511b6b88e1b6b9879864326c6883a39b0913d24d7ac35	
UploadFiles/UploadFiles/201912/2019123111035592.jpg	UploadFiles/UploadFiles/201912/2019123111035592.jpg	282997	57f45378b32ac6722e17bb51affc8217d056193a753958cecf2d49902daf299c	57f45378b32ac6722e17bb51affc8217d056193a753958cecf2d49902daf299c	
UploadFiles/UploadFiles/201912/2019123111081780.jpg	UploadFiles/UploadFiles/201912/2019123111081780.jpg	142185	bb5336c0169d646014947fbec2d77e546ec51e25b17913d6501981afaace21b4	bb5336c0169d646014947fbec2d77e546ec51e25b17913d6501981afaace21b4	
UploadFiles/UploadFiles/201912/2019123111081788.jpg	UploadFiles/UploadFiles/201912/2019123111081788.jpg	38945	bf6ffe0817ffdef7298cb17a21577e0d4b3439be46802232077f76bcf5db74ea	bf6ffe0817ffdef7298cb17a21577e0d4b3439be46802232077f76bcf5db74ea	
UploadFiles/UploadFiles/201912/2019123111083191.jpg	UploadFiles/UploadFiles/201912/2019123111083191.jpg	2040627	00c71a51fb33a743706b4227b12d2d66077340cc94c50e9a3bc842df978b914e	00c71a51fb33a743706b4227b12d2d66077340cc94c50e9a3bc842df978b914e	
UploadFiles/UploadFiles/201912/2019123111085095.jpg	UploadFiles/UploadFiles/201912/2019123111085095.jpg	126022	17836d15db5bf886a66ef0ea8b91f500efb93df2286e5b69d7898f027096a060	17836d15db5bf886a66ef0ea8b91f500efb93df2286e5b69d7898f027096a060	
UploadFiles/UploadFiles/201912/2019123111090627.jpg	UploadFiles/UploadFiles/201912/2019123111090627.jpg	135518	ccb42268b69098e340bd4600b9167705e38785185802a40cd26e4e6063664306	ccb42268b69098e340bd4600b9167705e38785185802a40cd26e4e6063664306	
UploadFiles/UploadFiles/201912/2019123111092310.jpg	UploadFiles/UploadFiles/201912/2019123111092310.jpg	89896	680e1c55ccd6c2d15c43fd15f5084fb29f9856242a5430f8aa5f0b8063c6a8c4	680e1c55ccd6c2d15c43fd15f5084fb29f9856242a5430f8aa5f0b8063c6a8c4	
UploadFiles/UploadFiles/202001/2020010210224354.jpg	UploadFiles/UploadFiles/202001/2020010210224354.jpg	126805	90466ac5fac58edb91688111c127f25c4e4c4ef93405c80dc7508278ed547418	90466ac5fac58edb91688111c127f25c4e4c4ef93405c80dc7508278ed547418	
UploadFiles/UploadFiles/202001/2020010507581011.jpg	UploadFiles/UploadFiles/202001/2020010507581011.jpg	192191	37b2c43299e1d2e897fbcc489b880fbb93f852de18a27423ecdf1bf7d2b31a95	37b2c43299e1d2e897fbcc489b880fbb93f852de18a27423ecdf1bf7d2b31a95	
UploadFiles/UploadFiles/202001/2020010514525844.png	UploadFiles/UploadFiles/202001/2020010514525844.png	2067617	0559ece8b7211d4ae11eea132ab5005e79ab1badc4713849983715ba7dc53251	0559ece8b7211d4ae11eea132ab5005e79ab1badc4713849983715ba7dc53251	
UploadFiles/UploadFiles/202001/2020011015043565.jpg	UploadFiles/UploadFiles/202001/2020011015043565.jpg	349490	a1774c082fc3f9d41a7cb4bfbb04beaf5cc0b1e6d90047611045612baa0b05cf	a1774c082fc3f9d41a7cb4bfbb04beaf5cc0b1e6d90047611045612baa0b05cf	
UploadFiles/UploadFiles/202001/2020011015045336.jpg	UploadFiles/UploadFiles/202001/2020011015045336.jpg	272664	abf10fb0655db1bd8f6926aebd3a442599750b526cc16d588381c5d725e0d74d	abf10fb0655db1bd8f6926aebd3a442599750b526cc16d588381c5d725e0d74d	
UploadFiles/UploadFiles/202001/2020011015050318.jpg	UploadFiles/UploadFiles/202001/2020011015050318.jpg	183404	404ae3618665306ff61275afb8068fc01ada88ff644de66500c093e3c5e03697	404ae3618665306ff61275afb8068fc01ada88ff644de66500c093e3c5e03697	
UploadFiles/UploadFiles/202001/2020011015051485.jpg	UploadFiles/UploadFiles/202001/2020011015051485.jpg	270166	d8bc2f42ff5cbda2f3a416542e0c863cba63e029b873f4665329f5126a047dcd	d8bc2f42ff5cbda2f3a416542e0c863cba63e029b873f4665329f5126a047dcd	
UploadFiles/UploadFiles/202001/2020011015052626.jpg	UploadFiles/UploadFiles/202001/2020011015052626.jpg	249595	469a9f55a414978900381aa896692268a08d4d7eb74f90ec2ada2d5544e5d558	469a9f55a414978900381aa896692268a08d4d7eb74f90ec2ada2d5544e5d558	
UploadFiles/UploadFiles/202001/2020011015075354.png	UploadFiles/UploadFiles/202001/2020011015075354.png	329800	c6420e2b545a6ef066f706d326ee5949ef7695a5aacb364339105249e59c8f87	c6420e2b545a6ef066f706d326ee5949ef7695a5aacb364339105249e59c8f87	
UploadFiles/UploadFiles/202001/2020011015080423.png	UploadFiles/UploadFiles/202001/2020011015080423.png	434374	a3876895d7e8d33c323372b87fe3b6d4f74f1cb1fa53b2ae0ccf5534753814b7	a3876895d7e8d33c323372b87fe3b6d4f74f1cb1fa53b2ae0ccf5534753814b7	
UploadFiles/UploadFiles/202001/2020011015083642.jpg	UploadFiles/UploadFiles/202001/2020011015083642.jpg	390885	69712fb8143a337b863ec03c88898bd55ea5e7f54491814362015129d0d3dc8c	69712fb8143a337b863ec03c88898bd55ea5e7f54491814362015129d0d3dc8c	
UploadFiles/UploadFiles/202001/2020011015092925.png	UploadFiles/UploadFiles/202001/2020011015092925.png	177233	fb059f58208df51e7ba472b26b4963dc21320bb610a4274546f03986d70c2d04	fb059f58208df51e7ba472b26b4963dc21320bb610a4274546f03986d70c2d04	
UploadFiles/UploadFiles/202001/2020011015095404.jpg	UploadFiles/UploadFiles/202001/2020011015095404.jpg	252162	a3744822e8b9526092eae3172388bc78396009805efab4c1cfef008323d042dd	a3744822e8b9526092eae3172388bc78396009805efab4c1cfef008323d042dd	
UploadFiles/UploadFiles/202001/2020011015110815.png	UploadFiles/UploadFiles/202001/2020011015110815.png	235867	1d8af5b763005c56f6c15e29579ada592c15d9f359af978db063e0413914de08	1d8af5b763005c56f6c15e29579ada592c15d9f359af978db063e0413914de08	
UploadFiles/UploadFiles/202001/2020011015113458.jpg	UploadFiles/UploadFiles/202001/2020011015113458.jpg	321530	a8170bf56ef9694528b3f79292182a9a0b3f8890027a316a4aee3d31a621ae7b	a8170bf56ef9694528b3f79292182a9a0b3f8890027a316a4aee3d31a621ae7b	
UploadFiles/UploadFiles/202001/2020011015114534.jpg	UploadFiles/UploadFiles/202001/2020011015114534.jpg	330777	80fb1c5a5b18787fb2b7ff73be87f851d46a9b6e07d5dd7890ab95e701fbb04a	80fb1c5a5b18787fb2b7ff73be87f851d46a9b6e07d5dd7890ab95e701fbb04a	
UploadFiles/UploadFiles/202001/2020011015115533.jpg	UploadFiles/UploadFiles/202001/2020011015115533.jpg	463902	d25728a6bf222a6c27107ab8acb1d88653a809778defb6c00c28311ff94012ee	d25728a6bf222a6c27107ab8acb1d88653a809778defb6c00c28311ff94012ee	
UploadFiles/UploadFiles/202001/2020011015124749.png	UploadFiles/UploadFiles/202001/2020011015124749.png	314293	4e7d0bc30ae55a4664e960f199787b3163feddb7e05a5d3d413730e36aab3458	4e7d0bc30ae55a4664e960f199787b3163feddb7e05a5d3d413730e36aab3458	
UploadFiles/UploadFiles/202001/2020011015145420.png	UploadFiles/UploadFiles/202001/2020011015145420.png	235050	6fbabdcb23691988934022da8d26dbf553d882e5026979af4a2da36b59549440	6fbabdcb23691988934022da8d26dbf553d882e5026979af4a2da36b59549440	
UploadFiles/UploadFiles/202001/2020011015151102.jpg	UploadFiles/UploadFiles/202001/2020011015151102.jpg	192152	631b4f9fa8c995d68fb0d6ba4a6a5371327f3937350c00912666ac2cc049b8c9	631b4f9fa8c995d68fb0d6ba4a6a5371327f3937350c00912666ac2cc049b8c9	
UploadFiles/UploadFiles/202001/2020011015152405.jpg	UploadFiles/UploadFiles/202001/2020011015152405.jpg	234967	1c50ae46c2b54f9797fac3590223f84484fa90e38e7d9900788a5bf935eaf8c1	1c50ae46c2b54f9797fac3590223f84484fa90e38e7d9900788a5bf935eaf8c1	
UploadFiles/UploadFiles/202001/2020011015154029.jpg	UploadFiles/UploadFiles/202001/2020011015154029.jpg	51026	a96096a1b9c77bf19db188509178c911f90bc0b86e4f11743a9823eb0ae65eac	a96096a1b9c77bf19db188509178c911f90bc0b86e4f11743a9823eb0ae65eac	
UploadFiles/UploadFiles/202001/2020011107554738.jpg	UploadFiles/UploadFiles/202001/2020011107554738.jpg	584036	4a9c8969b15087bf5c48be33cfff2c470a59b20e7a40f8e4a15832908021710e	4a9c8969b15087bf5c48be33cfff2c470a59b20e7a40f8e4a15832908021710e	
UploadFiles/UploadFiles/202001/2020011215320509.png	UploadFiles/UploadFiles/202001/2020011215320509.png	13529	35dcd55935fdac74554ae91078bfa2f54d6c8544351b27734f60eca6077bf328	35dcd55935fdac74554ae91078bfa2f54d6c8544351b27734f60eca6077bf328	
UploadFiles/UploadFiles/202001/2020011409021802.jpg	UploadFiles/UploadFiles/202001/2020011409021802.jpg	53201	e1e52b3daa72e81bd0959eb6a1de0b2eabd14b24757ba43fdbab91d569a0966e	e1e52b3daa72e81bd0959eb6a1de0b2eabd14b24757ba43fdbab91d569a0966e	
UploadFiles/UploadFiles/202001/2020011409024090.jpg	UploadFiles/UploadFiles/202001/2020011409024090.jpg	53201	e1e52b3daa72e81bd0959eb6a1de0b2eabd14b24757ba43fdbab91d569a0966e	e1e52b3daa72e81bd0959eb6a1de0b2eabd14b24757ba43fdbab91d569a0966e	
UploadFiles/UploadFiles/202001/2020011409024172.jpg	UploadFiles/UploadFiles/202001/2020011409024172.jpg	47411	b910d97f7d3ba7996e707bc706fca95f3f38600a5a9ad862ea9ec73dd9604297	b910d97f7d3ba7996e707bc706fca95f3f38600a5a9ad862ea9ec73dd9604297	
UploadFiles/UploadFiles/202001/2020011410433966.jpg	UploadFiles/UploadFiles/202001/2020011410433966.jpg	199626	737914f55b31f926bccfa10072a548e881cbaf38c6deeb330f809c693996513c	737914f55b31f926bccfa10072a548e881cbaf38c6deeb330f809c693996513c	
UploadFiles/UploadFiles/202001/2020011410513539.png	UploadFiles/UploadFiles/202001/2020011410513539.png	4430349	9d7305006930bec64578c8c454bbeaafb2bf5e5f5b40e179e87438bb3687fa05	9d7305006930bec64578c8c454bbeaafb2bf5e5f5b40e179e87438bb3687fa05	
UploadFiles/UploadFiles/202001/2020011416173917.jpg	UploadFiles/UploadFiles/202001/2020011416173917.jpg	2876792	affd2ea85a92154fb60a170c5596499857424a4b35d2e26d1f551ec63129d352	affd2ea85a92154fb60a170c5596499857424a4b35d2e26d1f551ec63129d352	
UploadFiles/UploadFiles/202001/2020011416175428.jpg	UploadFiles/UploadFiles/202001/2020011416175428.jpg	313100	25b05cfb83d81630cc34378a1d0ece37d4a8dd8f1446648c24ef30462cdfbff9	25b05cfb83d81630cc34378a1d0ece37d4a8dd8f1446648c24ef30462cdfbff9	
UploadFiles/UploadFiles/202001/2020011416180952.jpg	UploadFiles/UploadFiles/202001/2020011416180952.jpg	282620	a9aa62e264e716c7566023c02b67bcace6862a700845bc3ecd3465aeee3be972	a9aa62e264e716c7566023c02b67bcace6862a700845bc3ecd3465aeee3be972	
UploadFiles/UploadFiles/202001/2020011416182249.jpg	UploadFiles/UploadFiles/202001/2020011416182249.jpg	392073	96ba8bdc191b9723c903478e28a34e6d0bf26d27e6e676f36b20b33397b3c0bc	96ba8bdc191b9723c903478e28a34e6d0bf26d27e6e676f36b20b33397b3c0bc	
UploadFiles/UploadFiles/202001/2020011514110096.png	UploadFiles/UploadFiles/202001/2020011514110096.png	32790	96ad710ca7960c7411da7cdd793d85eb3a5870d27c26e36bab072a7e8120ff7c	96ad710ca7960c7411da7cdd793d85eb3a5870d27c26e36bab072a7e8120ff7c	
UploadFiles/UploadFiles/202001/2020011515404271.jpg	UploadFiles/UploadFiles/202001/2020011515404271.jpg	176795	1518f53c0fa7c40f58dfae9dd4fff8cfcd3f76ef3e3c00df949db786db2f082b	1518f53c0fa7c40f58dfae9dd4fff8cfcd3f76ef3e3c00df949db786db2f082b	
UploadFiles/UploadFiles/202001/2020011515404286.jpg	UploadFiles/UploadFiles/202001/2020011515404286.jpg	260129	db346e6c76489c0edfc7c9c4e482805e76d35025fabbe6a30517365149e77e5e	db346e6c76489c0edfc7c9c4e482805e76d35025fabbe6a30517365149e77e5e	
UploadFiles/UploadFiles/202001/2020011515410903.jpg	UploadFiles/UploadFiles/202001/2020011515410903.jpg	208813	5ab324c88d137e0222477434f442468ec35492e628dc414ece2e48d52f6ca48b	5ab324c88d137e0222477434f442468ec35492e628dc414ece2e48d52f6ca48b	
UploadFiles/UploadFiles/202001/2020011515410911.jpg	UploadFiles/UploadFiles/202001/2020011515410911.jpg	278647	6bf77e8c7c8e7fdd3b2ba4cb2faf50034139f8455366b34599401631cf84dacb	6bf77e8c7c8e7fdd3b2ba4cb2faf50034139f8455366b34599401631cf84dacb	
UploadFiles/UploadFiles/202001/2020011516543260.png	UploadFiles/UploadFiles/202001/2020011516543260.png	4749087	afe36d9b60142038cb586a38895063a8bd186c15af853798ebc6a1589423e1cb	afe36d9b60142038cb586a38895063a8bd186c15af853798ebc6a1589423e1cb	
UploadFiles/UploadFiles/202001/2020011608582437.jpg	UploadFiles/UploadFiles/202001/2020011608582437.jpg	192191	37b2c43299e1d2e897fbcc489b880fbb93f852de18a27423ecdf1bf7d2b31a95	37b2c43299e1d2e897fbcc489b880fbb93f852de18a27423ecdf1bf7d2b31a95	
UploadFiles/UploadFiles/202001/2020011614490278.png	UploadFiles/UploadFiles/202001/2020011614490278.png	23638	3b94026c6fcb95e3bc6cdd301d6bc679f46fe97f1d3a22a97498c7b9bd33d462	3b94026c6fcb95e3bc6cdd301d6bc679f46fe97f1d3a22a97498c7b9bd33d462	
UploadFiles/UploadFiles/202001/2020011615074942.png	UploadFiles/UploadFiles/202001/2020011615074942.png	21579	df98d1c5d9ae35efb7650004bd2851629a4e0f4eb11fb057a752300ffb8d4cb6	df98d1c5d9ae35efb7650004bd2851629a4e0f4eb11fb057a752300ffb8d4cb6	
UploadFiles/UploadFiles/202001/2020011615134695.png	UploadFiles/UploadFiles/202001/2020011615134695.png	19399	e1478cd79823307371b97331ed0875f276d35694daefb3801dc9979a7091b6aa	e1478cd79823307371b97331ed0875f276d35694daefb3801dc9979a7091b6aa	
UploadFiles/UploadFiles/202001/2020011919250452.png	UploadFiles/UploadFiles/202001/2020011919250452.png	203180	1ac7145bc687015e9290b0790f1753575a4a12269251d0a857f08fd89551bfe2	1ac7145bc687015e9290b0790f1753575a4a12269251d0a857f08fd89551bfe2	
UploadFiles/UploadFiles/202001/2020011919260459.png	UploadFiles/UploadFiles/202001/2020011919260459.png	258028	6c0151a6f19a1e9611327289bd0300bcfb5efac5de3452ce0ab2387d0af57d4c	6c0151a6f19a1e9611327289bd0300bcfb5efac5de3452ce0ab2387d0af57d4c	
UploadFiles/UploadFiles/202001/2020011919264055.png	UploadFiles/UploadFiles/202001/2020011919264055.png	328804	fd16775531ae77a956189cab06e5b69af2b67f8cf1dd600787620b4e97df0c7a	fd16775531ae77a956189cab06e5b69af2b67f8cf1dd600787620b4e97df0c7a	
UploadFiles/UploadFiles/202001/2020011919265216.png	UploadFiles/UploadFiles/202001/2020011919265216.png	319696	970a3a5959d2efbdb32b41123c3698b155068fdcd9409f5a4b9f45cbbb11b316	970a3a5959d2efbdb32b41123c3698b155068fdcd9409f5a4b9f45cbbb11b316	
UploadFiles/UploadFiles/202001/2020011919271529.png	UploadFiles/UploadFiles/202001/2020011919271529.png	289512	e22a148ef376914242a12830b13243a5399140af8cbdecc802d6270a51a7c569	e22a148ef376914242a12830b13243a5399140af8cbdecc802d6270a51a7c569	
UploadFiles/UploadFiles/202001/2020012809330275.png	UploadFiles/UploadFiles/202001/2020012809330275.png	378165	f7b9e9bb5a278b362508bcc6ebede8ed44a00f5aa27f229f3a836357b7d4a07d	f7b9e9bb5a278b362508bcc6ebede8ed44a00f5aa27f229f3a836357b7d4a07d	
UploadFiles/UploadFiles/202001/2020012809352328.png	UploadFiles/UploadFiles/202001/2020012809352328.png	171553	5c1dbc77df6e7688e3571b5d845193bf00d16f42b3019ce4c899ff4787a2fe68	5c1dbc77df6e7688e3571b5d845193bf00d16f42b3019ce4c899ff4787a2fe68	
UploadFiles/UploadFiles/202001/2020012809372629.png	UploadFiles/UploadFiles/202001/2020012809372629.png	127623	84041b7569577fb7420067bd2ae8d6192e8aaae67206c516a45bb463992b5224	84041b7569577fb7420067bd2ae8d6192e8aaae67206c516a45bb463992b5224	
UploadFiles/UploadFiles/202001/2020012809374349.png	UploadFiles/UploadFiles/202001/2020012809374349.png	171553	5c1dbc77df6e7688e3571b5d845193bf00d16f42b3019ce4c899ff4787a2fe68	5c1dbc77df6e7688e3571b5d845193bf00d16f42b3019ce4c899ff4787a2fe68	
UploadFiles/UploadFiles/202001/2020012809381688.png	UploadFiles/UploadFiles/202001/2020012809381688.png	127623	84041b7569577fb7420067bd2ae8d6192e8aaae67206c516a45bb463992b5224	84041b7569577fb7420067bd2ae8d6192e8aaae67206c516a45bb463992b5224	
UploadFiles/UploadFiles/202001/2020012809385249.png	UploadFiles/UploadFiles/202001/2020012809385249.png	378165	f7b9e9bb5a278b362508bcc6ebede8ed44a00f5aa27f229f3a836357b7d4a07d	f7b9e9bb5a278b362508bcc6ebede8ed44a00f5aa27f229f3a836357b7d4a07d	
UploadFiles/UploadFiles/202001/2020012809393804.png	UploadFiles/UploadFiles/202001/2020012809393804.png	378165	f7b9e9bb5a278b362508bcc6ebede8ed44a00f5aa27f229f3a836357b7d4a07d	f7b9e9bb5a278b362508bcc6ebede8ed44a00f5aa27f229f3a836357b7d4a07d	
UploadFiles/UploadFiles/202001/2020012809400814.png	UploadFiles/UploadFiles/202001/2020012809400814.png	378165	f7b9e9bb5a278b362508bcc6ebede8ed44a00f5aa27f229f3a836357b7d4a07d	f7b9e9bb5a278b362508bcc6ebede8ed44a00f5aa27f229f3a836357b7d4a07d	
UploadFiles/UploadFiles/202003/2020030812322023.jpg	UploadFiles/UploadFiles/202003/2020030812322023.jpg	137750	3caacbc2758141707a4699bbc4f5d984133f12cc0208356fb48034135f6efd70	3caacbc2758141707a4699bbc4f5d984133f12cc0208356fb48034135f6efd70	
UploadFiles/UploadFiles/202003/2020030812324300.jpg	UploadFiles/UploadFiles/202003/2020030812324300.jpg	119647	924fcb45083bf4b675ce9e40ca544ff121e9493848217d42cacf2e5ab9f87932	924fcb45083bf4b675ce9e40ca544ff121e9493848217d42cacf2e5ab9f87932	
UploadFiles/UploadFiles/202003/2020030812324391.jpg	UploadFiles/UploadFiles/202003/2020030812324391.jpg	127371	3696c4fc977e85336ae591a8abbd1946f9d683bb236feed579441d77db4c4ba7	3696c4fc977e85336ae591a8abbd1946f9d683bb236feed579441d77db4c4ba7	
UploadFiles/UploadFiles/202003/2020030812330644.jpg	UploadFiles/UploadFiles/202003/2020030812330644.jpg	192413	5b6b1fe598bd0b261bf0e9cbe0bf9bdfaeab3b9c67c1342b75d6c8ebb02a00c3	5b6b1fe598bd0b261bf0e9cbe0bf9bdfaeab3b9c67c1342b75d6c8ebb02a00c3	
UploadFiles/UploadFiles/202003/2020030812330652.jpg	UploadFiles/UploadFiles/202003/2020030812330652.jpg	159853	04d9f70e3f8395b44b4f164b65f51ad9fcdcfbb1bbfab9f78fb776067eb560e0	04d9f70e3f8395b44b4f164b65f51ad9fcdcfbb1bbfab9f78fb776067eb560e0	
UploadFiles/UploadFiles/202003/2020030812331847.jpg	UploadFiles/UploadFiles/202003/2020030812331847.jpg	149440	6f23704097eb3746928ef6029083a729b0d7f79c54741c4c6e75b68f4e28b841	6f23704097eb3746928ef6029083a729b0d7f79c54741c4c6e75b68f4e28b841	
UploadFiles/UploadFiles/202003/2020030812333282.jpg	UploadFiles/UploadFiles/202003/2020030812333282.jpg	86469	ad1d4e7217ef27cf5fba74fb5926f1118859d239987ecb07a955748038119975	ad1d4e7217ef27cf5fba74fb5926f1118859d239987ecb07a955748038119975	
UploadFiles/UploadFiles/202003/2020030812334376.jpg	UploadFiles/UploadFiles/202003/2020030812334376.jpg	80290	76f054dbbb198e595cb7e72a9e56f1c8135904ee5a2efaef7b410eee063344f0	76f054dbbb198e595cb7e72a9e56f1c8135904ee5a2efaef7b410eee063344f0	
UploadFiles/UploadFiles/202003/2020030812335611.png	UploadFiles/UploadFiles/202003/2020030812335611.png	478348	6cf770f4c20ab75f1cc7f12ed0d627507dc5816e9028908bf7cc3b1f62c80c13	6cf770f4c20ab75f1cc7f12ed0d627507dc5816e9028908bf7cc3b1f62c80c13	
UploadFiles/UploadFiles/202003/2020030812341006.jpg	UploadFiles/UploadFiles/202003/2020030812341006.jpg	121725	9cfd72f2518708223fd3e731328ef247fa5d1c1eb985dfbac64b29bb991d8e99	9cfd72f2518708223fd3e731328ef247fa5d1c1eb985dfbac64b29bb991d8e99	
UploadFiles/UploadFiles/202003/2020030812341014.jpg	UploadFiles/UploadFiles/202003/2020030812341014.jpg	141192	34e34588cda4c3aea88353432b08879b84dda4b3de24a2cb6f40562e286dd4f4	34e34588cda4c3aea88353432b08879b84dda4b3de24a2cb6f40562e286dd4f4	
UploadFiles/UploadFiles/202003/2020030812342355.jpg	UploadFiles/UploadFiles/202003/2020030812342355.jpg	136122	154bada3063e912c202ddb7714b45acf096343dd0f17f898cde886ae9b47b417	154bada3063e912c202ddb7714b45acf096343dd0f17f898cde886ae9b47b417	
UploadFiles/UploadFiles/202003/2020030812403405.jpg	UploadFiles/UploadFiles/202003/2020030812403405.jpg	174953	1adeef3afd78c5c8af5879bc673a6069ed2866c6ac039629d03e439d6441e0e4	1adeef3afd78c5c8af5879bc673a6069ed2866c6ac039629d03e439d6441e0e4	
UploadFiles/UploadFiles/202003/2020030812404519.jpg	UploadFiles/UploadFiles/202003/2020030812404519.jpg	148065	c1433af2d72d9f492be0c2ff26c2f8b6d46c988d8f113ca2b15519b4fca421fb	c1433af2d72d9f492be0c2ff26c2f8b6d46c988d8f113ca2b15519b4fca421fb	
UploadFiles/UploadFiles/202003/2020030812450202.jpg	UploadFiles/UploadFiles/202003/2020030812450202.jpg	117675	6421cf52ed9fa4a7badc835d647cb588e0ecf67ff0c950ffab4f97c7e16f20b1	6421cf52ed9fa4a7badc835d647cb588e0ecf67ff0c950ffab4f97c7e16f20b1	
UploadFiles/UploadFiles/202003/2020030812452046.jpg	UploadFiles/UploadFiles/202003/2020030812452046.jpg	91311	358fceae493ce82c176354603873cd7c8f52baa26041d2aaa74bba5bfc3b6d0e	358fceae493ce82c176354603873cd7c8f52baa26041d2aaa74bba5bfc3b6d0e	
UploadFiles/UploadFiles/202003/2020030812452054.jpg	UploadFiles/UploadFiles/202003/2020030812452054.jpg	126634	4d0fcd31b00b318d463313c053fb1eaf5d0129a12f2f198d08544133dde8f464	4d0fcd31b00b318d463313c053fb1eaf5d0129a12f2f198d08544133dde8f464	
UploadFiles/UploadFiles/202003/2020030812453495.jpg	UploadFiles/UploadFiles/202003/2020030812453495.jpg	86639	cc67e5ce469730dba0b08e0ce5d23647dfc3aa41f380243a075da0e16a87a52e	cc67e5ce469730dba0b08e0ce5d23647dfc3aa41f380243a075da0e16a87a52e	
UploadFiles/UploadFiles/202003/2020030812454577.jpg	UploadFiles/UploadFiles/202003/2020030812454577.jpg	161146	4ed409df599e168834945d0f6e7443d3a64de6670965654e04a51421f4349878	4ed409df599e168834945d0f6e7443d3a64de6670965654e04a51421f4349878	
UploadFiles/UploadFiles/202003/2020030812495780.jpg	UploadFiles/UploadFiles/202003/2020030812495780.jpg	166913	3a9a2f7bd984f69955d7e3c6547d3d1f4238c9b9662f6e06bc4325a1abe6d035	3a9a2f7bd984f69955d7e3c6547d3d1f4238c9b9662f6e06bc4325a1abe6d035	
UploadFiles/UploadFiles/202003/2020030812500926.jpg	UploadFiles/UploadFiles/202003/2020030812500926.jpg	144495	7e4895bb836d800d004c86dc194117e4f71be93dcc37b41b82c6cbf6c0c08ded	7e4895bb836d800d004c86dc194117e4f71be93dcc37b41b82c6cbf6c0c08ded	
UploadFiles/UploadFiles/202003/2020030812503402.png	UploadFiles/UploadFiles/202003/2020030812503402.png	604455	7f56c181d2c7d302bc060a59c745666a8f2618afc678e95782bc026b2d4d0a00	7f56c181d2c7d302bc060a59c745666a8f2618afc678e95782bc026b2d4d0a00	
UploadFiles/UploadFiles/202003/2020030812503462.jpg	UploadFiles/UploadFiles/202003/2020030812503462.jpg	120719	a12dda5cb944d7168bb87de0ccdd18f05448e54cb59dae65280ba6a8769a0679	a12dda5cb944d7168bb87de0ccdd18f05448e54cb59dae65280ba6a8769a0679	
UploadFiles/UploadFiles/202003/2020030812503484.jpg	UploadFiles/UploadFiles/202003/2020030812503484.jpg	111748	83fdda7e018d7bc9a122acc691fd705fc02858cd68caad9a4797b4fa69790612	83fdda7e018d7bc9a122acc691fd705fc02858cd68caad9a4797b4fa69790612	
UploadFiles/UploadFiles/202003/2020030812503492.jpg	UploadFiles/UploadFiles/202003/2020030812503492.jpg	134433	83113c8dbfd799db5f967de43fb66bf8bce080c46e017d441a77c9f1c87858fd	83113c8dbfd799db5f967de43fb66bf8bce080c46e017d441a77c9f1c87858fd	
UploadFiles/UploadFiles/202003/2020030812582097.jpg	UploadFiles/UploadFiles/202003/2020030812582097.jpg	113583	b0f7dcaa9966ad360a88676fdea61391fa377c4637bd77929214ff1eddfa7e50	b0f7dcaa9966ad360a88676fdea61391fa377c4637bd77929214ff1eddfa7e50	
UploadFiles/UploadFiles/202003/2020030812585785.jpg	UploadFiles/UploadFiles/202003/2020030812585785.jpg	105824	f435e7ca6cf6fef522bea1da8a5c74409beaa3f1b3369526f03453a27bf17656	f435e7ca6cf6fef522bea1da8a5c74409beaa3f1b3369526f03453a27bf17656	
UploadFiles/UploadFiles/202003/2020030812590836.jpg	UploadFiles/UploadFiles/202003/2020030812590836.jpg	113091	5c9e8f07a24b170b21db1dec4f41a9edee82ca9f9642d5999da0f24f7f39acaf	5c9e8f07a24b170b21db1dec4f41a9edee82ca9f9642d5999da0f24f7f39acaf	
UploadFiles/UploadFiles/202003/2020030812592113.jpg	UploadFiles/UploadFiles/202003/2020030812592113.jpg	73549	6576f6ff231030627a98ae83f86414bfc053e61dd21d5d4658d996f7cd80c8ff	6576f6ff231030627a98ae83f86414bfc053e61dd21d5d4658d996f7cd80c8ff	
UploadFiles/UploadFiles/202003/2020030812593144.jpg	UploadFiles/UploadFiles/202003/2020030812593144.jpg	153274	605ba0b2afa565f893f59dec8d1a6eff6a665f89d275581049542709b859b764	605ba0b2afa565f893f59dec8d1a6eff6a665f89d275581049542709b859b764	
UploadFiles/UploadFiles/202003/2020030813110390.png	UploadFiles/UploadFiles/202003/2020030813110390.png	1289903	4e8c130debc28e893808015c0f6e4b96325643b856e8a916f270bd7592dc2016	4e8c130debc28e893808015c0f6e4b96325643b856e8a916f270bd7592dc2016	
UploadFiles/UploadFiles/202003/2020030813111548.png	UploadFiles/UploadFiles/202003/2020030813111548.png	719461	89f401cf123a014e6c2dfe38e9b9441ece62d4eb2baffc73a018f826eef6b381	89f401cf123a014e6c2dfe38e9b9441ece62d4eb2baffc73a018f826eef6b381	
UploadFiles/UploadFiles/202003/2020030813112528.png	UploadFiles/UploadFiles/202003/2020030813112528.png	1289642	0e628df689d0b55ba7961078390f8045a292b3a084b156a83524f078229dd0c6	0e628df689d0b55ba7961078390f8045a292b3a084b156a83524f078229dd0c6	
UploadFiles/UploadFiles/202003/2020030813113685.png	UploadFiles/UploadFiles/202003/2020030813113685.png	761614	8686ecb7475cfd090a350deae1a6373723615d5d564fa1b0bd957f9b6302814c	8686ecb7475cfd090a350deae1a6373723615d5d564fa1b0bd957f9b6302814c	
UploadFiles/UploadFiles/202003/2020030813114735.png	UploadFiles/UploadFiles/202003/2020030813114735.png	1171707	8f08580eac30c58ec4faf7fe2a50e36e42ec8d801483d2c732b021594b9b73e1	8f08580eac30c58ec4faf7fe2a50e36e42ec8d801483d2c732b021594b9b73e1	
UploadFiles/UploadFiles/202003/2020030813115898.png	UploadFiles/UploadFiles/202003/2020030813115898.png	676692	6eec32d0425d4ed78a78a614edcb7c08ef5c520a58df1abee1d0829a3be89f04	6eec32d0425d4ed78a78a614edcb7c08ef5c520a58df1abee1d0829a3be89f04	
UploadFiles/UploadFiles/202003/2020030813120556.jpg	UploadFiles/UploadFiles/202003/2020030813120556.jpg	3050006	42b9c51363f4d05890531b3c1bd31da0d36f1631d8c4aa05a82d6d53b0287ed9	42b9c51363f4d05890531b3c1bd31da0d36f1631d8c4aa05a82d6d53b0287ed9	
UploadFiles/UploadFiles/202003/2020030813122246.jpg	UploadFiles/UploadFiles/202003/2020030813122246.jpg	1469410	f2e7a8d3ac4c56425c4f3be05d62284b66e202059fbcd9bdd0f5bef11123b952	f2e7a8d3ac4c56425c4f3be05d62284b66e202059fbcd9bdd0f5bef11123b952	
UploadFiles/UploadFiles/202003/2020030813203925.gif	UploadFiles/UploadFiles/202003/2020030813203925.gif	1182606	d5fa223d420bccf83f310e64419ab0253ba6ac72da2a82ddd32720584beb06fb	d5fa223d420bccf83f310e64419ab0253ba6ac72da2a82ddd32720584beb06fb	
UploadFiles/UploadFiles/202003/2020030813205216.gif	UploadFiles/UploadFiles/202003/2020030813205216.gif	828028	11fb86bba7e33a2fc2dfeda14e7cab0504b4a9c3f89b4c673a3f383783b7330e	11fb86bba7e33a2fc2dfeda14e7cab0504b4a9c3f89b4c673a3f383783b7330e	
UploadFiles/UploadFiles/202003/2020030813220264.jpg	UploadFiles/UploadFiles/202003/2020030813220264.jpg	130458	aa29eeb5190d52751900aff4b2182bbdca1d9db1c940fa63aedd19d69c9f8cb7	aa29eeb5190d52751900aff4b2182bbdca1d9db1c940fa63aedd19d69c9f8cb7	
UploadFiles/UploadFiles/202003/2020030813220272.jpg	UploadFiles/UploadFiles/202003/2020030813220272.jpg	32113	fc845d1306e1639e4eb907af85005c561282ab9325f732dbc1460e71cc34576d	fc845d1306e1639e4eb907af85005c561282ab9325f732dbc1460e71cc34576d	
UploadFiles/UploadFiles/202003/2020030813263588.jpg	UploadFiles/UploadFiles/202003/2020030813263588.jpg	60022	e8926d2bd1e0e31416c3f2b0f69e898da60370254c554647319ef86e8dce04c4	e8926d2bd1e0e31416c3f2b0f69e898da60370254c554647319ef86e8dce04c4	
UploadFiles/UploadFiles/202003/2020030813265389.png	UploadFiles/UploadFiles/202003/2020030813265389.png	520166	98b1b8d28f6ebd59f7cab1eebf8c691365ba2cdaed71b1f4d9e34c040fcf80e6	98b1b8d28f6ebd59f7cab1eebf8c691365ba2cdaed71b1f4d9e34c040fcf80e6	
UploadFiles/UploadFiles/202003/2020030813265398.png	UploadFiles/UploadFiles/202003/2020030813265398.png	520192	9bd4483b2f275e6efa3d53e48b1dab53a28f6c9c906d2e70f486d9900a8ac6d6	9bd4483b2f275e6efa3d53e48b1dab53a28f6c9c906d2e70f486d9900a8ac6d6	
UploadFiles/UploadFiles/202003/2020030813294126.jpg	UploadFiles/UploadFiles/202003/2020030813294126.jpg	247878	f3f97da5e38e807bab2ad5a3403ac928639fd7b37a9734c60dbaf12e0ddd5b27	f3f97da5e38e807bab2ad5a3403ac928639fd7b37a9734c60dbaf12e0ddd5b27	
UploadFiles/UploadFiles/202003/2020030813295138.jpg	UploadFiles/UploadFiles/202003/2020030813295138.jpg	204382	42857dfc6bca23955a5b66cb8aa72143258e77adbe429f2212959aed472e0de0	42857dfc6bca23955a5b66cb8aa72143258e77adbe429f2212959aed472e0de0	
UploadFiles/UploadFiles/202003/2020030813300510.jpg	UploadFiles/UploadFiles/202003/2020030813300510.jpg	32390	56d616c3d6b855187cb4d9858be8ba8a4ee5e5dbe94df4f0092af3273265f42e	56d616c3d6b855187cb4d9858be8ba8a4ee5e5dbe94df4f0092af3273265f42e	
UploadFiles/UploadFiles/202003/2020030813401138.png	UploadFiles/UploadFiles/202003/2020030813401138.png	728346	258e0a5c2a9a9696ac2e3c8ea978719ae986068c540cc33979f17a03f25b90d6	258e0a5c2a9a9696ac2e3c8ea978719ae986068c540cc33979f17a03f25b90d6	
UploadFiles/UploadFiles/202003/2020030813402364.png	UploadFiles/UploadFiles/202003/2020030813402364.png	1243986	0248b2187de8421a465c9ad925f940cd3be8e3a18711af256d6844ea074059fe	0248b2187de8421a465c9ad925f940cd3be8e3a18711af256d6844ea074059fe	
UploadFiles/UploadFiles/202003/2020030813412524.jpg	UploadFiles/UploadFiles/202003/2020030813412524.jpg	116710	7b5078e6d14a32e540fb1703bdc082ce7f282e9e32c423463cbd8b417b2a28af	7b5078e6d14a32e540fb1703bdc082ce7f282e9e32c423463cbd8b417b2a28af	
UploadFiles/UploadFiles/202003/2020030813414464.png	UploadFiles/UploadFiles/202003/2020030813414464.png	614723	b852c8c13ed060c62a0e2c4c152e64e79e91e676b51c1c3622e3ed43ca8998c5	b852c8c13ed060c62a0e2c4c152e64e79e91e676b51c1c3622e3ed43ca8998c5	
UploadFiles/UploadFiles/202003/2020030813415666.png	UploadFiles/UploadFiles/202003/2020030813415666.png	990775	b994d83cd64b6f5df67579b6cc66075dfdbbb282c6321968d3bb211b160d467a	b994d83cd64b6f5df67579b6cc66075dfdbbb282c6321968d3bb211b160d467a	
UploadFiles/UploadFiles/202003/2020030813421735.png	UploadFiles/UploadFiles/202003/2020030813421735.png	1079002	d5f76aeea44bd6946dab728fa99a7e1de99ec2d17d80294c3a967494cb024230	d5f76aeea44bd6946dab728fa99a7e1de99ec2d17d80294c3a967494cb024230	
UploadFiles/UploadFiles/202003/2020030813423097.png	UploadFiles/UploadFiles/202003/2020030813423097.png	520166	98b1b8d28f6ebd59f7cab1eebf8c691365ba2cdaed71b1f4d9e34c040fcf80e6	98b1b8d28f6ebd59f7cab1eebf8c691365ba2cdaed71b1f4d9e34c040fcf80e6	
UploadFiles/UploadFiles/202003/2020030813423099.png	UploadFiles/UploadFiles/202003/2020030813423099.png	520192	9bd4483b2f275e6efa3d53e48b1dab53a28f6c9c906d2e70f486d9900a8ac6d6	9bd4483b2f275e6efa3d53e48b1dab53a28f6c9c906d2e70f486d9900a8ac6d6	
UploadFiles/UploadFiles/202003/2020030813571474.jpg	UploadFiles/UploadFiles/202003/2020030813571474.jpg	63737	2ae2d13f7cb4263e772b08f94556facf540e4844e3be262600269476541feaef	2ae2d13f7cb4263e772b08f94556facf540e4844e3be262600269476541feaef	
UploadFiles/UploadFiles/202003/2020030813572486.png	UploadFiles/UploadFiles/202003/2020030813572486.png	546665	7eac665fa4731b91be3e12cdb340a4b18f4c4de6a5fa8ad629ae8d2dfe8d5a3b	7eac665fa4731b91be3e12cdb340a4b18f4c4de6a5fa8ad629ae8d2dfe8d5a3b	
UploadFiles/UploadFiles/202003/2020030813573208.png	UploadFiles/UploadFiles/202003/2020030813573208.png	531932	61373c9db12d98ccb8e2385d1f95bdf1f711ebdd2e8d0d47d38bc53712056c26	61373c9db12d98ccb8e2385d1f95bdf1f711ebdd2e8d0d47d38bc53712056c26	
UploadFiles/UploadFiles/202003/2020030814020719.jpg	UploadFiles/UploadFiles/202003/2020030814020719.jpg	56085	2b18cde67e33715c21e807f3cff168ea7b7fe95c0e040bdef023eb536ed0dc88	2b18cde67e33715c21e807f3cff168ea7b7fe95c0e040bdef023eb536ed0dc88	
UploadFiles/UploadFiles/202003/2020030814021356.jpg	UploadFiles/UploadFiles/202003/2020030814021356.jpg	113849	33bc8c7bb7d3c4d72b59acbcadb8eb80c6a6e8990c804b331b3ba09ff80e21fc	33bc8c7bb7d3c4d72b59acbcadb8eb80c6a6e8990c804b331b3ba09ff80e21fc	
UploadFiles/UploadFiles/202003/2020030814022185.jpg	UploadFiles/UploadFiles/202003/2020030814022185.jpg	85791	413122123a959ea6451b3bf090136d2318533a0f33e9413da3377b199690a903	413122123a959ea6451b3bf090136d2318533a0f33e9413da3377b199690a903	
UploadFiles/UploadFiles/202003/2020030814022957.jpg	UploadFiles/UploadFiles/202003/2020030814022957.jpg	64167	f35e9a8d8bc6b59baae91934f5c30dfb395c8bc84f7e1a0558afa2b8ca7790da	f35e9a8d8bc6b59baae91934f5c30dfb395c8bc84f7e1a0558afa2b8ca7790da	
UploadFiles/UploadFiles/202003/2020030814023641.jpg	UploadFiles/UploadFiles/202003/2020030814023641.jpg	44605	53743deaf27d6af3afcc297f568325ba26a76e7c9a5f7fcfc786342fdb250f3a	53743deaf27d6af3afcc297f568325ba26a76e7c9a5f7fcfc786342fdb250f3a	
UploadFiles/UploadFiles/202003/2020030814024651.jpg	UploadFiles/UploadFiles/202003/2020030814024651.jpg	57167	e541654ae01685dfaaa1d9b9553bdc5642a2c672f4940c1ea8f1c468c80266b8	e541654ae01685dfaaa1d9b9553bdc5642a2c672f4940c1ea8f1c468c80266b8	
UploadFiles/UploadFiles/202003/2020030814025449.jpg	UploadFiles/UploadFiles/202003/2020030814025449.jpg	55768	c8556714b392c958976e5eaa76797221391620dae292aecfbf8551305fc418f7	c8556714b392c958976e5eaa76797221391620dae292aecfbf8551305fc418f7	
UploadFiles/UploadFiles/202003/2020030814030233.jpg	UploadFiles/UploadFiles/202003/2020030814030233.jpg	58825	5d214bc851606683da881eb125cdbbd9792bab25c9a4a0ca5a98f2590aa72f33	5d214bc851606683da881eb125cdbbd9792bab25c9a4a0ca5a98f2590aa72f33	
UploadFiles/UploadFiles/202003/2020030814031150.jpg	UploadFiles/UploadFiles/202003/2020030814031150.jpg	47358	c5f0e490d09d10db0b95333581666f525d3c80ae7bf25e063eee1334d4dc4dcd	c5f0e490d09d10db0b95333581666f525d3c80ae7bf25e063eee1334d4dc4dcd	
UploadFiles/UploadFiles/202003/2020030814031947.jpg	UploadFiles/UploadFiles/202003/2020030814031947.jpg	69225	dd74703e48026b16400117758ed586683d93e752d203e7bdd64e4e9ad6a245f6	dd74703e48026b16400117758ed586683d93e752d203e7bdd64e4e9ad6a245f6	
UploadFiles/UploadFiles/202003/2020030814032768.jpg	UploadFiles/UploadFiles/202003/2020030814032768.jpg	104480	e96394d4a0c170082fac7f0f12797c13a0ac1fc8db44ddf605fe604269d970fc	e96394d4a0c170082fac7f0f12797c13a0ac1fc8db44ddf605fe604269d970fc	
UploadFiles/UploadFiles/202003/2020030814033679.jpg	UploadFiles/UploadFiles/202003/2020030814033679.jpg	55189	133d769b2e6de95f60113c9d30f2823e233f636aecfcb5acc42fb2feed643ed9	133d769b2e6de95f60113c9d30f2823e233f636aecfcb5acc42fb2feed643ed9	
UploadFiles/UploadFiles/202003/2020030814034419.jpg	UploadFiles/UploadFiles/202003/2020030814034419.jpg	45021	84ad4c9dbc92683b71590105e517af09f38ee58891783ba5e4ddb226e56476e5	84ad4c9dbc92683b71590105e517af09f38ee58891783ba5e4ddb226e56476e5	
UploadFiles/UploadFiles/202003/2020030814035298.jpg	UploadFiles/UploadFiles/202003/2020030814035298.jpg	80607	eb67f1108682e1b93e68915bcd45547931fd1ad90fd81b44a20ead0f8e161ffa	eb67f1108682e1b93e68915bcd45547931fd1ad90fd81b44a20ead0f8e161ffa	
UploadFiles/UploadFiles/202003/2020030814040069.jpg	UploadFiles/UploadFiles/202003/2020030814040069.jpg	68495	4603af248eee6c0a438a991acc9f8a09ee86fdaf816d86e9ecf44408c26ad9b5	4603af248eee6c0a438a991acc9f8a09ee86fdaf816d86e9ecf44408c26ad9b5	
UploadFiles/UploadFiles/202003/2020030814043751.jpg	UploadFiles/UploadFiles/202003/2020030814043751.jpg	51655	4727ecfd25991329e10126a80f4fb5ac52204f90ec9e7b963ba1574e0d244858	4727ecfd25991329e10126a80f4fb5ac52204f90ec9e7b963ba1574e0d244858	
UploadFiles/UploadFiles/202003/2020030814083075.png	UploadFiles/UploadFiles/202003/2020030814083075.png	462913	423910a99ac58a30d1592505b948d2ac5f9ee9fbd5446c59dece76be1fec2b29	423910a99ac58a30d1592505b948d2ac5f9ee9fbd5446c59dece76be1fec2b29	
UploadFiles/UploadFiles/202003/2020030814171961.jpg	UploadFiles/UploadFiles/202003/2020030814171961.jpg	29828	4ac7f81eda8d68fe9eeb83eb2eee5342d722ad455042897cc4ff6c2da45937a5	4ac7f81eda8d68fe9eeb83eb2eee5342d722ad455042897cc4ff6c2da45937a5	
UploadFiles/UploadFiles/202003/2020030814173036.jpg	UploadFiles/UploadFiles/202003/2020030814173036.jpg	27086	743967b311441cb540340e78694d5ac765062e124bbae0dcd46dc33441d31b25	743967b311441cb540340e78694d5ac765062e124bbae0dcd46dc33441d31b25	
UploadFiles/UploadFiles/202003/2020030814301114.png	UploadFiles/UploadFiles/202003/2020030814301114.png	1097215	89058a25e20f277e18964403b42b551b2b4449347d9ce4a59129423fbd3d8e74	89058a25e20f277e18964403b42b551b2b4449347d9ce4a59129423fbd3d8e74	
UploadFiles/UploadFiles/202003/2020030814303131.png	UploadFiles/UploadFiles/202003/2020030814303131.png	3890916	c0681c8bc8a9edb7f9d482b25f0f36702efbdae4e6ab432160c548555cc2afdd	c0681c8bc8a9edb7f9d482b25f0f36702efbdae4e6ab432160c548555cc2afdd	
UploadFiles/UploadFiles/202003/2020030814303146.png	UploadFiles/UploadFiles/202003/2020030814303146.png	605174	4995b4fec2c8bbf1ae859eb28b08bc7c5e8fa107c74d7ee0d41b039ed9e8396d	4995b4fec2c8bbf1ae859eb28b08bc7c5e8fa107c74d7ee0d41b039ed9e8396d	
UploadFiles/UploadFiles/202003/2020030814305978.png	UploadFiles/UploadFiles/202003/2020030814305978.png	1514802	eee666abd755510cdd98993903ee4a09b6615871488ba80baf7c3de4dc8a8acf	eee666abd755510cdd98993903ee4a09b6615871488ba80baf7c3de4dc8a8acf	
UploadFiles/UploadFiles/202003/2020030814311826.png	UploadFiles/UploadFiles/202003/2020030814311826.png	2642674	6e9e6f09164794f78d63253d00eb0e65bf4370bed5a8cf5b58a0845d6171efeb	6e9e6f09164794f78d63253d00eb0e65bf4370bed5a8cf5b58a0845d6171efeb	
UploadFiles/UploadFiles/202003/2020030814313931.png	UploadFiles/UploadFiles/202003/2020030814313931.png	683033	dcf9af2de57a3fe177eaa7698090a23d9c5f5ffcec579063561d4ae60a83eee4	dcf9af2de57a3fe177eaa7698090a23d9c5f5ffcec579063561d4ae60a83eee4	
UploadFiles/UploadFiles/202003/2020030814361905.jpg	UploadFiles/UploadFiles/202003/2020030814361905.jpg	85334	bf8e6df6bca132d87b44973b7862bd6de8a38bd44b0c7571f243b5c23b703ba7	bf8e6df6bca132d87b44973b7862bd6de8a38bd44b0c7571f243b5c23b703ba7	
UploadFiles/UploadFiles/202003/2020030814430437.jpg	UploadFiles/UploadFiles/202003/2020030814430437.jpg	20326	08c89b67e6e479abd04917d39f5ee4ea14b0fd043aec107a6407e220bc171619	08c89b67e6e479abd04917d39f5ee4ea14b0fd043aec107a6407e220bc171619	
UploadFiles/UploadFiles/202003/2020030814451181.jpg	UploadFiles/UploadFiles/202003/2020030814451181.jpg	17851	683320d4a3b22450d21df51533b52f556e71b41db7215042708c4329a1f40b7e	683320d4a3b22450d21df51533b52f556e71b41db7215042708c4329a1f40b7e	
UploadFiles/UploadFiles/202003/2020030814483654.jpg	UploadFiles/UploadFiles/202003/2020030814483654.jpg	63145	74754fd57fb4c49a2326f53771a31d4491c3b9233e848bf1586c6eb5c9931f0b	74754fd57fb4c49a2326f53771a31d4491c3b9233e848bf1586c6eb5c9931f0b	
UploadFiles/UploadFiles/202003/2020030814484969.jpg	UploadFiles/UploadFiles/202003/2020030814484969.jpg	129574	ea7fc1c4ccc64b42b5962b06b81f7c6a6ff1e92851027ad91b7c77e75267deff	ea7fc1c4ccc64b42b5962b06b81f7c6a6ff1e92851027ad91b7c77e75267deff	
UploadFiles/UploadFiles/202003/2020030814490204.jpg	UploadFiles/UploadFiles/202003/2020030814490204.jpg	841588	f39ba0acd24b6225df1e798cd891c11fc301a5ddca83a2fd870cef68f4b482c6	f39ba0acd24b6225df1e798cd891c11fc301a5ddca83a2fd870cef68f4b482c6	
UploadFiles/UploadFiles/202003/2020030814491278.jpg	UploadFiles/UploadFiles/202003/2020030814491278.jpg	90251	95ba28620e1773f820fa5cf0b0a1486b490a9ce4319fb55da7edd1d0139d8776	95ba28620e1773f820fa5cf0b0a1486b490a9ce4319fb55da7edd1d0139d8776	
UploadFiles/UploadFiles/202003/2020030814514152.jpg	UploadFiles/UploadFiles/202003/2020030814514152.jpg	24632	4663b7b3f9a4871abb24887715356eb7e08b3500ca36d673a774dd6bd2217f5c	4663b7b3f9a4871abb24887715356eb7e08b3500ca36d673a774dd6bd2217f5c	
UploadFiles/UploadFiles/202003/2020030815041090.jpg	UploadFiles/UploadFiles/202003/2020030815041090.jpg	2761707	dbfc82130232cda8a4b48d25bdd423d5bb7db63cd344481d9e7e49b566440141	dbfc82130232cda8a4b48d25bdd423d5bb7db63cd344481d9e7e49b566440141	
UploadFiles/UploadFiles/202003/2020030815043814.jpg	UploadFiles/UploadFiles/202003/2020030815043814.jpg	314949	e270dc72b5593e00eef571bbab11479e4cf99600d23f812d831ed1f3be3b0d2f	e270dc72b5593e00eef571bbab11479e4cf99600d23f812d831ed1f3be3b0d2f	
UploadFiles/UploadFiles/202003/2020030815043817.jpg	UploadFiles/UploadFiles/202003/2020030815043817.jpg	315153	4f6064f8f83907612b5e52bb0f6990c223f47aa202c470aa1378997c21105e50	4f6064f8f83907612b5e52bb0f6990c223f47aa202c470aa1378997c21105e50	
UploadFiles/UploadFiles/202003/2020030815043825.jpg	UploadFiles/UploadFiles/202003/2020030815043825.jpg	345562	fa53c78b7cf736908e465e7222d3119714bba62c33db3f0103089fc8a4139bae	fa53c78b7cf736908e465e7222d3119714bba62c33db3f0103089fc8a4139bae	
UploadFiles/UploadFiles/202003/2020030815043853.jpg	UploadFiles/UploadFiles/202003/2020030815043853.jpg	303243	f646c625e94f98ecd1002f1531e0a065123fad72832890afc7ea6c1e045ffcc1	f646c625e94f98ecd1002f1531e0a065123fad72832890afc7ea6c1e045ffcc1	
UploadFiles/UploadFiles/202003/2020030815045842.jpg	UploadFiles/UploadFiles/202003/2020030815045842.jpg	99839	bad6a32e7b6345e502ee03ff64a472b9550df59150290555d9436bb5146b3a09	bad6a32e7b6345e502ee03ff64a472b9550df59150290555d9436bb5146b3a09	
UploadFiles/UploadFiles/202003/2020030815051809.jpg	UploadFiles/UploadFiles/202003/2020030815051809.jpg	140656	cacee58bae48e923c25825dcce3e98a3b65f969ff256082b582d5a99a5e8d597	cacee58bae48e923c25825dcce3e98a3b65f969ff256082b582d5a99a5e8d597	
UploadFiles/UploadFiles/202003/2020030815082952.jpg	UploadFiles/UploadFiles/202003/2020030815082952.jpg	44968	9c7d776b3f752a6fc759bd54beeaaa4201e7c6b50a082de1d6d655f6d9bb83da	9c7d776b3f752a6fc759bd54beeaaa4201e7c6b50a082de1d6d655f6d9bb83da	
UploadFiles/UploadFiles/202003/2020030815083807.jpg	UploadFiles/UploadFiles/202003/2020030815083807.jpg	43280	70647ea69ae5a2a936e7e6f44e8db79ced83351836604fef22894bebbd2d5cc2	70647ea69ae5a2a936e7e6f44e8db79ced83351836604fef22894bebbd2d5cc2	
UploadFiles/UploadFiles/202003/2020030815120248.jpg	UploadFiles/UploadFiles/202003/2020030815120248.jpg	399123	09779461c108184e40fd6afb8138555b3479f5a5ff0a89814cc23d979128e2e0	09779461c108184e40fd6afb8138555b3479f5a5ff0a89814cc23d979128e2e0	
UploadFiles/UploadFiles/202003/2020030815122295.png	UploadFiles/UploadFiles/202003/2020030815122295.png	819447	eb5ced7881ed1c0a40c479059ae0ee1ac8a207316f1669d1275f582a6da2d28e	eb5ced7881ed1c0a40c479059ae0ee1ac8a207316f1669d1275f582a6da2d28e	
UploadFiles/UploadFiles/202003/2020030815172167.jpg	UploadFiles/UploadFiles/202003/2020030815172167.jpg	148471	bec1cb37538b97b9ab014bf516b3a05679bc618c84016af8a8cdf9093fc18558	bec1cb37538b97b9ab014bf516b3a05679bc618c84016af8a8cdf9093fc18558	
UploadFiles/UploadFiles/202003/2020030815174672.jpg	UploadFiles/UploadFiles/202003/2020030815174672.jpg	419694	791ff61734540c732aae39cba39f8f9d409f7803e7fc45bc1550c12541c2c37c	791ff61734540c732aae39cba39f8f9d409f7803e7fc45bc1550c12541c2c37c	
UploadFiles/UploadFiles/202003/2020030815180602.jpg	UploadFiles/UploadFiles/202003/2020030815180602.jpg	1236110	becdee3dbad911fac1846c5b42acb4145be0efe4f4d4a38cadee16f32d7899a5	becdee3dbad911fac1846c5b42acb4145be0efe4f4d4a38cadee16f32d7899a5	
UploadFiles/UploadFiles/202003/2020030815182108.jpg	UploadFiles/UploadFiles/202003/2020030815182108.jpg	251808	d9a0f62c01ebc57c62199f10faf181d70e0e8af44f41704adf155a71d88b2eec	d9a0f62c01ebc57c62199f10faf181d70e0e8af44f41704adf155a71d88b2eec	
UploadFiles/UploadFiles/202003/2020030815183208.jpg	UploadFiles/UploadFiles/202003/2020030815183208.jpg	236579	7897541009b675a7e35face679cfa1bb3477e98b9556ba33a3ba52684a1e3f97	7897541009b675a7e35face679cfa1bb3477e98b9556ba33a3ba52684a1e3f97	
UploadFiles/UploadFiles/202003/2020030815184826.jpg	UploadFiles/UploadFiles/202003/2020030815184826.jpg	287393	9058d0141a68240a94fa8c3785ccacadd723e70f409a905a945975259ccf023f	9058d0141a68240a94fa8c3785ccacadd723e70f409a905a945975259ccf023f	
UploadFiles/UploadFiles/202003/2020030815202786.jpg	UploadFiles/UploadFiles/202003/2020030815202786.jpg	245703	24fadf4f768f0d33085160879106e7dd933e8e2f8793ba09e431d40434c9155b	24fadf4f768f0d33085160879106e7dd933e8e2f8793ba09e431d40434c9155b	
UploadFiles/UploadFiles/202003/2020030815210328.jpg	UploadFiles/UploadFiles/202003/2020030815210328.jpg	276487	d06de1cde79bf4ac6b16c136ea1de09e92b7d25f05958df92b29923a611c9c4f	d06de1cde79bf4ac6b16c136ea1de09e92b7d25f05958df92b29923a611c9c4f	
UploadFiles/UploadFiles/202003/2020030815211606.jpg	UploadFiles/UploadFiles/202003/2020030815211606.jpg	3995350	3c8334312414c622717c067c8336ba8c689269b4d688fd2098f7970dad8c9d4c	3c8334312414c622717c067c8336ba8c689269b4d688fd2098f7970dad8c9d4c	
UploadFiles/UploadFiles/202003/2020030815215666.jpg	UploadFiles/UploadFiles/202003/2020030815215666.jpg	221793	0c75e04319e4b2546fdf39ffedc389f0e3a701c38e39ec8ddf53bc2b24647221	0c75e04319e4b2546fdf39ffedc389f0e3a701c38e39ec8ddf53bc2b24647221	
UploadFiles/UploadFiles/202003/2020030815282139.png	UploadFiles/UploadFiles/202003/2020030815282139.png	839593	e12c5581145ce62b09cb4f64b3321486156bba9ae062b6e49c0f6fc5cec085bb	e12c5581145ce62b09cb4f64b3321486156bba9ae062b6e49c0f6fc5cec085bb	
UploadFiles/UploadFiles/202003/2020030815283865.png	UploadFiles/UploadFiles/202003/2020030815283865.png	819447	eb5ced7881ed1c0a40c479059ae0ee1ac8a207316f1669d1275f582a6da2d28e	eb5ced7881ed1c0a40c479059ae0ee1ac8a207316f1669d1275f582a6da2d28e	
UploadFiles/UploadFiles/202003/2020030815395094.jpg	UploadFiles/UploadFiles/202003/2020030815395094.jpg	2327446	df9068bce3f56ae4c461e87772f17dcd678d14d096e4fe29e7807ee1c3c6167d	df9068bce3f56ae4c461e87772f17dcd678d14d096e4fe29e7807ee1c3c6167d	
UploadFiles/UploadFiles/202003/2020030815400214.jpg	UploadFiles/UploadFiles/202003/2020030815400214.jpg	792934	54ce2aba82ca4451a55e2e70fa415d85f86d473959b0618b2e2f31ff71fd4950	54ce2aba82ca4451a55e2e70fa415d85f86d473959b0618b2e2f31ff71fd4950	
UploadFiles/UploadFiles/202003/2020030815402017.jpg	UploadFiles/UploadFiles/202003/2020030815402017.jpg	51878	99062335bd896b5f608ba564b6c0581d1ff6c13083f58eed3f6de66e891704d7	99062335bd896b5f608ba564b6c0581d1ff6c13083f58eed3f6de66e891704d7	
UploadFiles/UploadFiles/202003/2020030815450316.jpg	UploadFiles/UploadFiles/202003/2020030815450316.jpg	205720	ca6278335854a976f61f36ddf98680d25fb8001b35fcca87b72f110f4c26cfd2	ca6278335854a976f61f36ddf98680d25fb8001b35fcca87b72f110f4c26cfd2	
UploadFiles/UploadFiles/202003/2020030815450324.jpg	UploadFiles/UploadFiles/202003/2020030815450324.jpg	70130	49cc2e79fa304941b56fb3babc671f4ef2c0ce9d3ebaa6716a913c8981869074	49cc2e79fa304941b56fb3babc671f4ef2c0ce9d3ebaa6716a913c8981869074	
UploadFiles/UploadFiles/202003/2020030815453011.jpg	UploadFiles/UploadFiles/202003/2020030815453011.jpg	175289	65eb9a0729f3d0ec010a125f086392fc09b8d98c25f9b76b09d25bd57f6652e6	65eb9a0729f3d0ec010a125f086392fc09b8d98c25f9b76b09d25bd57f6652e6	
UploadFiles/UploadFiles/202003/2020030815453019.jpg	UploadFiles/UploadFiles/202003/2020030815453019.jpg	167609	dcd536780b587b1c87adfc25fdb24bbb72110c56d50b8b8c26a72defc72b61d9	dcd536780b587b1c87adfc25fdb24bbb72110c56d50b8b8c26a72defc72b61d9	
UploadFiles/UploadFiles/202003/2020030815454619.jpg	UploadFiles/UploadFiles/202003/2020030815454619.jpg	105839	2980e9a2c4bad76e4262bcf3ce18dd795f45331af0ac91ac2a295e73a2abe66e	2980e9a2c4bad76e4262bcf3ce18dd795f45331af0ac91ac2a295e73a2abe66e	
UploadFiles/UploadFiles/202003/2020030815455484.jpg	UploadFiles/UploadFiles/202003/2020030815455484.jpg	135672	41c9f97d02b96ffa4c1cc7909495135899e840bd907fd2d4c93f64ba99b612b9	41c9f97d02b96ffa4c1cc7909495135899e840bd907fd2d4c93f64ba99b612b9	
UploadFiles/UploadFiles/202003/2020030815460698.jpg	UploadFiles/UploadFiles/202003/2020030815460698.jpg	214599	eafbff825b786f27381563e7fbc848c72036708ebc9f8d456263afdf3275d1a0	eafbff825b786f27381563e7fbc848c72036708ebc9f8d456263afdf3275d1a0	
UploadFiles/UploadFiles/202003/2020030815461768.jpg	UploadFiles/UploadFiles/202003/2020030815461768.jpg	113221	f140df98b6e306a405fb36a25abc88ad3d3dc45e81b90a464e4428d9cfd145ca	f140df98b6e306a405fb36a25abc88ad3d3dc45e81b90a464e4428d9cfd145ca	
UploadFiles/UploadFiles/202003/2020030815462969.jpg	UploadFiles/UploadFiles/202003/2020030815462969.jpg	228704	bae332752d74951fdb9fc8c0a8fa72bf6b2f247c2598cc5caea5a556f6594268	bae332752d74951fdb9fc8c0a8fa72bf6b2f247c2598cc5caea5a556f6594268	
UploadFiles/UploadFiles/202003/2020030815464064.jpg	UploadFiles/UploadFiles/202003/2020030815464064.jpg	188132	75cedfaa1914e74cb2367240fb2c500ef0dc7ba35bc41b7ebda8d3cca17e509e	75cedfaa1914e74cb2367240fb2c500ef0dc7ba35bc41b7ebda8d3cca17e509e	
UploadFiles/UploadFiles/202003/2020030815511094.jpg	UploadFiles/UploadFiles/202003/2020030815511094.jpg	146458	93a21f5550d7c1b5bd065428c2b59f20b3e4ae37ef48eae37c679b44dbb6b94e	93a21f5550d7c1b5bd065428c2b59f20b3e4ae37ef48eae37c679b44dbb6b94e	
UploadFiles/UploadFiles/202003/2020030815512371.jpg	UploadFiles/UploadFiles/202003/2020030815512371.jpg	2449182	f60008d1217b20e6cd7215816ca13daefa8b8718dc867563abd769c724591674	f60008d1217b20e6cd7215816ca13daefa8b8718dc867563abd769c724591674	
UploadFiles/UploadFiles/202003/2020030815513715.png	UploadFiles/UploadFiles/202003/2020030815513715.png	3521910	1604e187c78b873172be1f0fac03f9f496d8003f33971ac01bd14db9541a1592	1604e187c78b873172be1f0fac03f9f496d8003f33971ac01bd14db9541a1592	
UploadFiles/UploadFiles/202003/2020031413455541.jpg	UploadFiles/UploadFiles/202003/2020031413455541.jpg	27276	2ece339ea370c6080ef5d8570fb45cd3f9818c1c837ad61bd2c73d0628653b85	2ece339ea370c6080ef5d8570fb45cd3f9818c1c837ad61bd2c73d0628653b85	
UploadFiles/UploadFiles/202003/2020031413460800.jpg	UploadFiles/UploadFiles/202003/2020031413460800.jpg	11739	329c30a5caac70d4c76d7f64ebec7c391b280d1c06b9789c7187e14db6bec1e2	329c30a5caac70d4c76d7f64ebec7c391b280d1c06b9789c7187e14db6bec1e2	
UploadFiles/UploadFiles/202003/2020031413461749.jpg	UploadFiles/UploadFiles/202003/2020031413461749.jpg	20530	2034fc557955073d39aace9c4bfbf069fd2a28123b61b0a87ff806d7891ff907	2034fc557955073d39aace9c4bfbf069fd2a28123b61b0a87ff806d7891ff907	
UploadFiles/UploadFiles/202003/2020031413462583.jpg	UploadFiles/UploadFiles/202003/2020031413462583.jpg	26709	a340d8c0f763578947fda62181455ab3650efb1e5129d7b013927f5d789d9648	a340d8c0f763578947fda62181455ab3650efb1e5129d7b013927f5d789d9648	
UploadFiles/UploadFiles/202003/2020031413463343.jpg	UploadFiles/UploadFiles/202003/2020031413463343.jpg	23499	cc82ca1620f7c3f2a713da0f1ee141b9d847eb076bb17f3ea10de4f516edb21a	cc82ca1620f7c3f2a713da0f1ee141b9d847eb076bb17f3ea10de4f516edb21a	
UploadFiles/UploadFiles/202003/2020031413471668.jpg	UploadFiles/UploadFiles/202003/2020031413471668.jpg	209490	34649c2bc3d3cb5e9fd619034a6576c2361bac993f2d1f19ec101337c6a0fb39	34649c2bc3d3cb5e9fd619034a6576c2361bac993f2d1f19ec101337c6a0fb39	
UploadFiles/UploadFiles/202003/2020031413473614.jpg	UploadFiles/UploadFiles/202003/2020031413473614.jpg	265280	4294f4b317530c57e7b18b12abd3159c9956ab85e95ede3eb911b8ae83d3e6ca	4294f4b317530c57e7b18b12abd3159c9956ab85e95ede3eb911b8ae83d3e6ca	
UploadFiles/UploadFiles/202003/2020031413473623.jpg	UploadFiles/UploadFiles/202003/2020031413473623.jpg	281950	00e2687997c7177647ab1213efbf0aadd4e576f6563fff81a84f9ac3a76b026a	00e2687997c7177647ab1213efbf0aadd4e576f6563fff81a84f9ac3a76b026a	
UploadFiles/UploadFiles/202003/2020031413585308.jpg	UploadFiles/UploadFiles/202003/2020031413585308.jpg	68149	763488783abf8e11aa0985fd0247f2bde6d0b33cfd5aff4aa37ef2e997e404d7	763488783abf8e11aa0985fd0247f2bde6d0b33cfd5aff4aa37ef2e997e404d7	
UploadFiles/UploadFiles/202003/2020031413590863.jpg	UploadFiles/UploadFiles/202003/2020031413590863.jpg	174327	e2162e76c10ae25059d8ec0f22a97d9299fcee08ee40189247c3186407c18842	e2162e76c10ae25059d8ec0f22a97d9299fcee08ee40189247c3186407c18842	
UploadFiles/UploadFiles/202003/2020031413591881.jpg	UploadFiles/UploadFiles/202003/2020031413591881.jpg	326425	09bab6d8ef691480381d1e82796d3e16f7d23049a8f1f02cf16614e6d86bda9c	09bab6d8ef691480381d1e82796d3e16f7d23049a8f1f02cf16614e6d86bda9c	
UploadFiles/UploadFiles/202003/2020031413593343.jpg	UploadFiles/UploadFiles/202003/2020031413593343.jpg	48662	a9a4b348d10af6df28ab17929b298117cc9ba9b3af6e2a6087e91457df963fe2	a9a4b348d10af6df28ab17929b298117cc9ba9b3af6e2a6087e91457df963fe2	
UploadFiles/UploadFiles/202003/2020031414023913.jpg	UploadFiles/UploadFiles/202003/2020031414023913.jpg	12692	ec1a2039dd25c1ee472754177ebfef3a49e538c88ca44e4e7e7918e697627f66	ec1a2039dd25c1ee472754177ebfef3a49e538c88ca44e4e7e7918e697627f66	
UploadFiles/UploadFiles/202003/2020031414025353.jpg	UploadFiles/UploadFiles/202003/2020031414025353.jpg	337309	7163c75cf3d4c7a8cd78e56d54deeca06c3403b9faba826169f7f3e825d374d3	7163c75cf3d4c7a8cd78e56d54deeca06c3403b9faba826169f7f3e825d374d3	
UploadFiles/UploadFiles/202003/2020031414075623.jpg	UploadFiles/UploadFiles/202003/2020031414075623.jpg	26966	6d57d767043edd0aced26eb51262eca149a541d8a4bf28f82134d93726ecdf03	6d57d767043edd0aced26eb51262eca149a541d8a4bf28f82134d93726ecdf03	
UploadFiles/UploadFiles/202003/2020031414075735.jpg	UploadFiles/UploadFiles/202003/2020031414075735.jpg	27630	96d05b003446ae90c3a9c12151c365dcf2a0b2bba09072df662aa84cd198ecd2	96d05b003446ae90c3a9c12151c365dcf2a0b2bba09072df662aa84cd198ecd2	
UploadFiles/UploadFiles/202003/2020031414081145.jpg	UploadFiles/UploadFiles/202003/2020031414081145.jpg	28910	21dc0514f5b347f1aea8ae23819890c937eb33088adb539b245cb85be7f55775	21dc0514f5b347f1aea8ae23819890c937eb33088adb539b245cb85be7f55775	
UploadFiles/UploadFiles/202003/2020031414081153.jpg	UploadFiles/UploadFiles/202003/2020031414081153.jpg	24214	60c0f9dd0cff217e0b3224c95862cc9da272918d0ae675674bc24e55bb64c4bb	60c0f9dd0cff217e0b3224c95862cc9da272918d0ae675674bc24e55bb64c4bb	
UploadFiles/UploadFiles/202003/2020031414082290.jpg	UploadFiles/UploadFiles/202003/2020031414082290.jpg	21090	c7d1b6f1d9fbf2c56633f907a13ddeff6b34a2f6af426312a8f3ac7776f60334	c7d1b6f1d9fbf2c56633f907a13ddeff6b34a2f6af426312a8f3ac7776f60334	
UploadFiles/UploadFiles/202003/2020031414083935.jpg	UploadFiles/UploadFiles/202003/2020031414083935.jpg	126848	d82fa23f4a4c4228e294d67c7bfe187b22446bc67c23fa5e30645c7f44b04f4b	d82fa23f4a4c4228e294d67c7bfe187b22446bc67c23fa5e30645c7f44b04f4b	
UploadFiles/UploadFiles/202003/2020031414085005.jpg	UploadFiles/UploadFiles/202003/2020031414085005.jpg	338844	1247179aeae07480735b968827d74e370265c65d450a7575b7e2b5ec6c55bce8	1247179aeae07480735b968827d74e370265c65d450a7575b7e2b5ec6c55bce8	
UploadFiles/UploadFiles/202003/2020031414221251.jpg	UploadFiles/UploadFiles/202003/2020031414221251.jpg	66829	b31710c080880de1dbaf9e241a49d1ae42aee83a3b472a0adf54e69e9b1f7e6f	b31710c080880de1dbaf9e241a49d1ae42aee83a3b472a0adf54e69e9b1f7e6f	
UploadFiles/UploadFiles/202003/2020031414224474.png	UploadFiles/UploadFiles/202003/2020031414224474.png	71153	3db614a7ae01c6fdec09a1e1df28f5a9806c48d88ad2aedcc0ff5a3caeb9bbdb	3db614a7ae01c6fdec09a1e1df28f5a9806c48d88ad2aedcc0ff5a3caeb9bbdb	
UploadFiles/UploadFiles/202003/2020031414224482.png	UploadFiles/UploadFiles/202003/2020031414224482.png	61130	d6b2ce259185001fca2b0e41f2129ad32158ed4980f90f61a418f47774f0ea8c	d6b2ce259185001fca2b0e41f2129ad32158ed4980f90f61a418f47774f0ea8c	
UploadFiles/UploadFiles/202003/2020031414232832.png	UploadFiles/UploadFiles/202003/2020031414232832.png	118370	d9aebb5b641b5ec7c8a073da464795c2db1a3741c873539904c7b76c7add0a4c	d9aebb5b641b5ec7c8a073da464795c2db1a3741c873539904c7b76c7add0a4c	
UploadFiles/UploadFiles/202003/2020031414240408.png	UploadFiles/UploadFiles/202003/2020031414240408.png	179086	30219778be94252ea0d04cebc04f75e62cc9309b0d22df463a61a184194910cb	30219778be94252ea0d04cebc04f75e62cc9309b0d22df463a61a184194910cb	
UploadFiles/UploadFiles/202003/2020031414244733.png	UploadFiles/UploadFiles/202003/2020031414244733.png	111107	17f78f16a991130b22cadce9c52dff3e657d0349a9c14d3905f1a4352ab5f5bf	17f78f16a991130b22cadce9c52dff3e657d0349a9c14d3905f1a4352ab5f5bf	
UploadFiles/UploadFiles/202003/2020031414244737.png	UploadFiles/UploadFiles/202003/2020031414244737.png	12346	f95de1c2ba5e3ba15ccdac7d7d03f61d6a1b3c54a49e2ebd7e8a3d5e04690eaa	f95de1c2ba5e3ba15ccdac7d7d03f61d6a1b3c54a49e2ebd7e8a3d5e04690eaa	
UploadFiles/UploadFiles/202003/2020031414244749.png	UploadFiles/UploadFiles/202003/2020031414244749.png	39035	c8b2c57a1cda33f639be00e1e72387f4ca1097bfb6f51a3e3562ec97800d71c5	c8b2c57a1cda33f639be00e1e72387f4ca1097bfb6f51a3e3562ec97800d71c5	
UploadFiles/UploadFiles/202003/2020031414244754.png	UploadFiles/UploadFiles/202003/2020031414244754.png	29328	c7948fb8fa4499cc2e229ea8ee138fb9bbdf734e8fbf1971877ad8a90e783bc1	c7948fb8fa4499cc2e229ea8ee138fb9bbdf734e8fbf1971877ad8a90e783bc1	
UploadFiles/UploadFiles/202003/2020031414244757.png	UploadFiles/UploadFiles/202003/2020031414244757.png	36421	d6dcc530294f6dfbc64b51dc79c14e52af95235e0888e26ccb84334ff3aab66f	d6dcc530294f6dfbc64b51dc79c14e52af95235e0888e26ccb84334ff3aab66f	
UploadFiles/UploadFiles/202003/2020031414244763.png	UploadFiles/UploadFiles/202003/2020031414244763.png	23810	0f19f23de13f830262e00b91a2e158d7d72b4ca69f27000c825e71094cc1ac4a	0f19f23de13f830262e00b91a2e158d7d72b4ca69f27000c825e71094cc1ac4a	
UploadFiles/UploadFiles/202003/2020031414244772.png	UploadFiles/UploadFiles/202003/2020031414244772.png	64367	d587aa8dff48a85b8e014ea34f11f3b868006fb333732726af71a795063795e6	d587aa8dff48a85b8e014ea34f11f3b868006fb333732726af71a795063795e6	
UploadFiles/UploadFiles/202003/2020031414244783.png	UploadFiles/UploadFiles/202003/2020031414244783.png	18884	36d6a6227e06aa661b5207803864756f330d22b692aeb30324aa7237860962b4	36d6a6227e06aa661b5207803864756f330d22b692aeb30324aa7237860962b4	
UploadFiles/UploadFiles/202003/2020031414265209.jpg	UploadFiles/UploadFiles/202003/2020031414265209.jpg	57520	a70cacc673269f565042796adb79143a97dbc9dfdfd018bb05b26296bd2a2266	a70cacc673269f565042796adb79143a97dbc9dfdfd018bb05b26296bd2a2266	
UploadFiles/UploadFiles/202003/2020031414265210.jpg	UploadFiles/UploadFiles/202003/2020031414265210.jpg	103251	e0fa11935fb75255b7e90d0d87fee3f88a8374cc8548d14b5a5b1243c30ef591	e0fa11935fb75255b7e90d0d87fee3f88a8374cc8548d14b5a5b1243c30ef591	
UploadFiles/UploadFiles/202003/2020031414265211.jpg	UploadFiles/UploadFiles/202003/2020031414265211.jpg	75642	a784190b6d2999c175f9af79108b02f777d38ae2ba40aa931bd76da16feecfcd	a784190b6d2999c175f9af79108b02f777d38ae2ba40aa931bd76da16feecfcd	
UploadFiles/UploadFiles/202003/2020031414265218.jpg	UploadFiles/UploadFiles/202003/2020031414265218.jpg	71136	defe5e44631c59b2955be3637aefc78e675bc9e295aad4f45da86f7fc3ae8588	defe5e44631c59b2955be3637aefc78e675bc9e295aad4f45da86f7fc3ae8588	
UploadFiles/UploadFiles/202003/2020031414265224.jpg	UploadFiles/UploadFiles/202003/2020031414265224.jpg	123551	9d7ad2d9696a94e4d347980c70084a13c0c935a1db39d9f04d35548493084c83	9d7ad2d9696a94e4d347980c70084a13c0c935a1db39d9f04d35548493084c83	
UploadFiles/UploadFiles/202003/2020031414265227.jpg	UploadFiles/UploadFiles/202003/2020031414265227.jpg	65252	65eb76109df56857002f368882cd3cd185927df625ea1106b3307966403333bb	65eb76109df56857002f368882cd3cd185927df625ea1106b3307966403333bb	
UploadFiles/UploadFiles/202003/2020031414265243.jpg	UploadFiles/UploadFiles/202003/2020031414265243.jpg	71232	8786dd3efbbf0de748b53710a646fba1ae3eac5b64af9197ae0a99227e7682a1	8786dd3efbbf0de748b53710a646fba1ae3eac5b64af9197ae0a99227e7682a1	
UploadFiles/UploadFiles/202003/2020031414265287.jpg	UploadFiles/UploadFiles/202003/2020031414265287.jpg	75717	df3baa2d2c65f7faf3812661e4cf000c1cca245716515cc6162721adcd9ca4de	df3baa2d2c65f7faf3812661e4cf000c1cca245716515cc6162721adcd9ca4de	
UploadFiles/UploadFiles/202003/2020031414265290.jpg	UploadFiles/UploadFiles/202003/2020031414265290.jpg	64045	27178d3d14be54e68a723c88dd9766b01e2b312f2fefd74e594f431d7a026bae	27178d3d14be54e68a723c88dd9766b01e2b312f2fefd74e594f431d7a026bae	
UploadFiles/UploadFiles/202003/2020031414342306.jpg	UploadFiles/UploadFiles/202003/2020031414342306.jpg	940306	666deb22862507bbfb7f45f7e44a61e6214bf2069990549076b71d7a9c76a093	666deb22862507bbfb7f45f7e44a61e6214bf2069990549076b71d7a9c76a093	
UploadFiles/UploadFiles/202003/2020031414342334.jpg	UploadFiles/UploadFiles/202003/2020031414342334.jpg	135763	89ac013528864ab860956431be2e37054f58f7418ce3bbe3238e03f236849a92	89ac013528864ab860956431be2e37054f58f7418ce3bbe3238e03f236849a92	
UploadFiles/UploadFiles/202003/2020031414342342.jpg	UploadFiles/UploadFiles/202003/2020031414342342.jpg	1731144	1e485ce7710bf5d728a99b50a9be34819b9941a75d72c39b3e0dbbd858c3c08d	1e485ce7710bf5d728a99b50a9be34819b9941a75d72c39b3e0dbbd858c3c08d	
UploadFiles/UploadFiles/202003/2020031414342345.jpg	UploadFiles/UploadFiles/202003/2020031414342345.jpg	1856449	efaa3572d5255dcdf6cae6f30c4f01f99d928e55a903e53eef6f1a404555611d	efaa3572d5255dcdf6cae6f30c4f01f99d928e55a903e53eef6f1a404555611d	
UploadFiles/UploadFiles/202003/2020031414344628.jpg	UploadFiles/UploadFiles/202003/2020031414344628.jpg	301926	fc9d565f392b3d906fbc78843a932708f5825a03565f9c5d8c81c7856aefc2fa	fc9d565f392b3d906fbc78843a932708f5825a03565f9c5d8c81c7856aefc2fa	
UploadFiles/UploadFiles/202003/2020031414344650.jpg	UploadFiles/UploadFiles/202003/2020031414344650.jpg	273931	09c525a66ab5481901fac4fee078408beb94a9cfa1f6bdb24cb530f388821951	09c525a66ab5481901fac4fee078408beb94a9cfa1f6bdb24cb530f388821951	
UploadFiles/UploadFiles/202003/2020031414344664.jpg	UploadFiles/UploadFiles/202003/2020031414344664.jpg	3151780	e3d74a4256a40d2821d441f51915a74e317f3a43b91fd8194b2d3dfe5efd6d40	e3d74a4256a40d2821d441f51915a74e317f3a43b91fd8194b2d3dfe5efd6d40	
UploadFiles/UploadFiles/202003/2020031414344667.jpg	UploadFiles/UploadFiles/202003/2020031414344667.jpg	758773	df298944d021be8246918310668b9a44b73ad5401bce01d514a3321b5107ed6e	df298944d021be8246918310668b9a44b73ad5401bce01d514a3321b5107ed6e	
UploadFiles/UploadFiles/202003/2020031414422200.jpg	UploadFiles/UploadFiles/202003/2020031414422200.jpg	170562	69c4af78fe4fbdd734544f9259842a52fd0382abbbd819e180583754bfe651e7	69c4af78fe4fbdd734544f9259842a52fd0382abbbd819e180583754bfe651e7	
UploadFiles/UploadFiles/202003/2020031414422210.jpg	UploadFiles/UploadFiles/202003/2020031414422210.jpg	228654	da86d53401d734629a87ec3529c346cfeebf93ef3b2bc0c68882e0c3477ca62c	da86d53401d734629a87ec3529c346cfeebf93ef3b2bc0c68882e0c3477ca62c	
UploadFiles/UploadFiles/202003/2020031414422270.jpg	UploadFiles/UploadFiles/202003/2020031414422270.jpg	235756	bd114ed47e71fa45032af39b99476b10e168d61af8e52a3d1de0ecefd43b104a	bd114ed47e71fa45032af39b99476b10e168d61af8e52a3d1de0ecefd43b104a	
UploadFiles/UploadFiles/202003/2020031414422273.jpg	UploadFiles/UploadFiles/202003/2020031414422273.jpg	292268	f7625949aead7b6f8c4d7b0517cf92b57a9c77803dfeca8336cba3feaf7a543d	f7625949aead7b6f8c4d7b0517cf92b57a9c77803dfeca8336cba3feaf7a543d	
UploadFiles/UploadFiles/202003/2020031414422291.jpg	UploadFiles/UploadFiles/202003/2020031414422291.jpg	160784	e24477e2d730500cb82688598f27958f3e66aee3cd821a1dae0c3baa1b9f01c9	e24477e2d730500cb82688598f27958f3e66aee3cd821a1dae0c3baa1b9f01c9	
UploadFiles/UploadFiles/202003/2020031414422292.jpg	UploadFiles/UploadFiles/202003/2020031414422292.jpg	162817	21ca12a2194b0ed219471bb109685786320bb64edd3e4d3e4fd618663c5cb7eb	21ca12a2194b0ed219471bb109685786320bb64edd3e4d3e4fd618663c5cb7eb	
UploadFiles/UploadFiles/202003/2020031414422299.jpg	UploadFiles/UploadFiles/202003/2020031414422299.jpg	161689	932e04d16eb594e401ceacc4857a609b0c1b36f95688743799e5efdc8b10b4ad	932e04d16eb594e401ceacc4857a609b0c1b36f95688743799e5efdc8b10b4ad	
UploadFiles/UploadFiles/202003/2020031414461632.jpg	UploadFiles/UploadFiles/202003/2020031414461632.jpg	50219	6839ebe22d97d824b269ff8005878a8ae301d6f458cadd51460830846c596797	6839ebe22d97d824b269ff8005878a8ae301d6f458cadd51460830846c596797	
UploadFiles/UploadFiles/202003/2020031414462769.jpg	UploadFiles/UploadFiles/202003/2020031414462769.jpg	3059812	82fde31b3ff6aa7964c634ecd94a7f13771eecbd9e694010e2f772a265920e2b	82fde31b3ff6aa7964c634ecd94a7f13771eecbd9e694010e2f772a265920e2b	
UploadFiles/UploadFiles/202003/2020031414464517.jpg	UploadFiles/UploadFiles/202003/2020031414464517.jpg	187780	cc2528b58bb3bd8cbf2ffbdb00312acee16a9fc27c5a764d10a95af3adee2790	cc2528b58bb3bd8cbf2ffbdb00312acee16a9fc27c5a764d10a95af3adee2790	
UploadFiles/UploadFiles/202003/2020031414465799.jpg	UploadFiles/UploadFiles/202003/2020031414465799.jpg	3164305	941919476c40bf55b8184599a8a2c0d47e090e48318ac302327941012284eeee	941919476c40bf55b8184599a8a2c0d47e090e48318ac302327941012284eeee	
UploadFiles/UploadFiles/202003/2020031414472146.jpg	UploadFiles/UploadFiles/202003/2020031414472146.jpg	2882235	03518065a721f579a0f8ee31b52ba6d4fb42c607d4bcce52a0e401064448483e	03518065a721f579a0f8ee31b52ba6d4fb42c607d4bcce52a0e401064448483e	
UploadFiles/UploadFiles/202003/2020031414474134.jpg	UploadFiles/UploadFiles/202003/2020031414474134.jpg	1621741	8152daa0cd3d1599081c5f28ed86037ea86df340770fc452fd64c1ca40d71903	8152daa0cd3d1599081c5f28ed86037ea86df340770fc452fd64c1ca40d71903	
UploadFiles/UploadFiles/202003/2020031414481631.jpg	UploadFiles/UploadFiles/202003/2020031414481631.jpg	306606	8764767cf8dcada33fde32060f4cb113d93a9e5b511074ef6d520ff7bac13515	8764767cf8dcada33fde32060f4cb113d93a9e5b511074ef6d520ff7bac13515	
UploadFiles/UploadFiles/202003/2020031414484032.jpg	UploadFiles/UploadFiles/202003/2020031414484032.jpg	4109144	230ec1f940bf36aec388359dbe9390ef4b67b0199b759fe49be61715caf52c2a	230ec1f940bf36aec388359dbe9390ef4b67b0199b759fe49be61715caf52c2a	
UploadFiles/UploadFiles/202003/2020031414484040.png	UploadFiles/UploadFiles/202003/2020031414484040.png	811422	d3a8f11acdf8c576fe0f93edeae6e875e33e63614ed4eed9f2a9a7c8ea023236	d3a8f11acdf8c576fe0f93edeae6e875e33e63614ed4eed9f2a9a7c8ea023236	
UploadFiles/UploadFiles/202003/2020031414490014.jpg	UploadFiles/UploadFiles/202003/2020031414490014.jpg	3255608	9f5e28e220371ad229e30fabe11bbb77818e49cf52210fb3050816c43c1acb31	9f5e28e220371ad229e30fabe11bbb77818e49cf52210fb3050816c43c1acb31	
UploadFiles/UploadFiles/202003/2020031414491936.png	UploadFiles/UploadFiles/202003/2020031414491936.png	24606	79526245c95d978ea106b84069a4b52e9d23c28feb7e1dc3c32303bc622763c9	79526245c95d978ea106b84069a4b52e9d23c28feb7e1dc3c32303bc622763c9	
UploadFiles/UploadFiles/202003/2020031414545044.jpg	UploadFiles/UploadFiles/202003/2020031414545044.jpg	190480	cd16ce6332e7eb8b8df00d1949d5fdb3e0899d6d676c8c403486c190d35d658d	cd16ce6332e7eb8b8df00d1949d5fdb3e0899d6d676c8c403486c190d35d658d	
UploadFiles/UploadFiles/202003/2020031414550580.jpg	UploadFiles/UploadFiles/202003/2020031414550580.jpg	57942	9ecbefa73f3030aab4e5792966d7c6234ae0fbe34ecd3ee4d039ebce850e7f62	9ecbefa73f3030aab4e5792966d7c6234ae0fbe34ecd3ee4d039ebce850e7f62	
UploadFiles/UploadFiles/202003/2020031414551346.jpg	UploadFiles/UploadFiles/202003/2020031414551346.jpg	194638	2f760262ce6c19900ab44fc6f7dec906c32c65bb4549f5c0600f1299afea53aa	2f760262ce6c19900ab44fc6f7dec906c32c65bb4549f5c0600f1299afea53aa	
UploadFiles/UploadFiles/202003/2020031415200091.jpg	UploadFiles/UploadFiles/202003/2020031415200091.jpg	3127706	731b759da3338a747684ffd0e2eded9b1f9318bf7c6e89ac9c9fbda19df47327	731b759da3338a747684ffd0e2eded9b1f9318bf7c6e89ac9c9fbda19df47327	
UploadFiles/UploadFiles/202003/2020031415201123.jpg	UploadFiles/UploadFiles/202003/2020031415201123.jpg	24214	60c0f9dd0cff217e0b3224c95862cc9da272918d0ae675674bc24e55bb64c4bb	60c0f9dd0cff217e0b3224c95862cc9da272918d0ae675674bc24e55bb64c4bb	
UploadFiles/UploadFiles/202003/2020031415202292.jpg	UploadFiles/UploadFiles/202003/2020031415202292.jpg	174327	e2162e76c10ae25059d8ec0f22a97d9299fcee08ee40189247c3186407c18842	e2162e76c10ae25059d8ec0f22a97d9299fcee08ee40189247c3186407c18842	
UploadFiles/UploadFiles/202003/2020031415203337.jpg	UploadFiles/UploadFiles/202003/2020031415203337.jpg	265280	4294f4b317530c57e7b18b12abd3159c9956ab85e95ede3eb911b8ae83d3e6ca	4294f4b317530c57e7b18b12abd3159c9956ab85e95ede3eb911b8ae83d3e6ca	
UploadFiles/UploadFiles/202003/2020031415204278.jpg	UploadFiles/UploadFiles/202003/2020031415204278.jpg	109879	239b8f56b57f3a92fe88097ccf30df7878365306a01d5acc1b6e742ff474c1c5	239b8f56b57f3a92fe88097ccf30df7878365306a01d5acc1b6e742ff474c1c5	
UploadFiles/UploadFiles/202003/2020031415205133.jpg	UploadFiles/UploadFiles/202003/2020031415205133.jpg	61928	9de39e43d98dd810322b7fc58f6e186086985177a3f1097d6831d2676b333bc2	9de39e43d98dd810322b7fc58f6e186086985177a3f1097d6831d2676b333bc2	
UploadFiles/UploadFiles/202003/2020031415210044.jpg	UploadFiles/UploadFiles/202003/2020031415210044.jpg	60706	14e88400d9dd970dcd0c343e21bc33a80d61d89b6e2a40910215ae8e5d5c7b4d	14e88400d9dd970dcd0c343e21bc33a80d61d89b6e2a40910215ae8e5d5c7b4d	
UploadFiles/UploadFiles/202003/2020031415381739.jpg	UploadFiles/UploadFiles/202003/2020031415381739.jpg	142177	145799b4845d95ddb39688d1f88e41cdc9be7198b12d0360a0e197e6818b1d49	145799b4845d95ddb39688d1f88e41cdc9be7198b12d0360a0e197e6818b1d49	
UploadFiles/UploadFiles/202003/2020031415382991.jpg	UploadFiles/UploadFiles/202003/2020031415382991.jpg	258859	27c51e6d85e8980ec985d411a8a45b67f6b5d184ffb35cf4e5e08481837b8fa5	27c51e6d85e8980ec985d411a8a45b67f6b5d184ffb35cf4e5e08481837b8fa5	
UploadFiles/UploadFiles/202003/2020031415384194.png	UploadFiles/UploadFiles/202003/2020031415384194.png	315200	cd245759f3ffe79ab859ac652d8a5133bdb45a30055a18f60f08dac61fa67c9d	cd245759f3ffe79ab859ac652d8a5133bdb45a30055a18f60f08dac61fa67c9d	
UploadFiles/UploadFiles/202003/2020031415384941.jpg	UploadFiles/UploadFiles/202003/2020031415384941.jpg	133793	67cb64d1339881af069787f7903334f54edc23f9d1fbe1af675ec288f50041d7	67cb64d1339881af069787f7903334f54edc23f9d1fbe1af675ec288f50041d7	
UploadFiles/UploadFiles/202003/2020031415385707.jpg	UploadFiles/UploadFiles/202003/2020031415385707.jpg	88014	742d1244ccd1d19e0043a9de8b1be5714abcee8941e0e895d9fab51fe0bfabb6	742d1244ccd1d19e0043a9de8b1be5714abcee8941e0e895d9fab51fe0bfabb6	
UploadFiles/UploadFiles/202003/2020031415390522.jpg	UploadFiles/UploadFiles/202003/2020031415390522.jpg	82342	3879242fc90e48b44a36f8689802b7a09fae62511af47c995290a80fc4555bdb	3879242fc90e48b44a36f8689802b7a09fae62511af47c995290a80fc4555bdb	
UploadFiles/UploadFiles/202003/2020031415391370.jpg	UploadFiles/UploadFiles/202003/2020031415391370.jpg	137046	23ecb19ddef80c049c45f50b4b365e294e7f33a5bce1cee68557b7e976234df3	23ecb19ddef80c049c45f50b4b365e294e7f33a5bce1cee68557b7e976234df3	
UploadFiles/UploadFiles/202003/2020031415392123.jpg	UploadFiles/UploadFiles/202003/2020031415392123.jpg	74712	ef049a6a0ce702bdba228014458772941de63b80af3a3c6e064e8b3628652aab	ef049a6a0ce702bdba228014458772941de63b80af3a3c6e064e8b3628652aab	
UploadFiles/UploadFiles/202003/2020031415393083.jpg	UploadFiles/UploadFiles/202003/2020031415393083.jpg	87790	eb05efe9cea73ef9889a8c95025f98b5e0c4cf686afdaaa54945e9c2b41abe94	eb05efe9cea73ef9889a8c95025f98b5e0c4cf686afdaaa54945e9c2b41abe94	
UploadFiles/UploadFiles/202003/2020031415395614.jpg	UploadFiles/UploadFiles/202003/2020031415395614.jpg	55970	a9d07761b1a13de225b2eb34c3c4802b1835a259bd9c3f2e5c758cde5ae75394	a9d07761b1a13de225b2eb34c3c4802b1835a259bd9c3f2e5c758cde5ae75394	
UploadFiles/UploadFiles/202003/2020031415405638.jpg	UploadFiles/UploadFiles/202003/2020031415405638.jpg	581838	8b65eaa889bcaf5ad0a6a8169dcd2ca77cd99d3e500e24b1d5ec510e334d66d5	8b65eaa889bcaf5ad0a6a8169dcd2ca77cd99d3e500e24b1d5ec510e334d66d5	
UploadFiles/UploadFiles/202003/2020031415405646.jpg	UploadFiles/UploadFiles/202003/2020031415405646.jpg	583996	1128aa404b30f6be08e30baa8ec3630d48020889ade9820ec70fb2e19782db5e	1128aa404b30f6be08e30baa8ec3630d48020889ade9820ec70fb2e19782db5e	
UploadFiles/UploadFiles/202003/2020031415411001.jpg	UploadFiles/UploadFiles/202003/2020031415411001.jpg	175706	24f03ab022db4c184bec16b57c34a35391b57e8abe9030a63ef5e5caaf6f52c6	24f03ab022db4c184bec16b57c34a35391b57e8abe9030a63ef5e5caaf6f52c6	
UploadFiles/UploadFiles/202003/2020031415412199.jpg	UploadFiles/UploadFiles/202003/2020031415412199.jpg	120710	dddd015419be86de8fa59aa6a0bd2c867ac5501a67b648be6a052916770ad6d8	dddd015419be86de8fa59aa6a0bd2c867ac5501a67b648be6a052916770ad6d8	
UploadFiles/UploadFiles/202003/2020031415413119.jpg	UploadFiles/UploadFiles/202003/2020031415413119.jpg	197453	35ab6fa80566016173e9f54bf2c04c24a9a8920384784c5c086cebe8592de556	35ab6fa80566016173e9f54bf2c04c24a9a8920384784c5c086cebe8592de556	
UploadFiles/UploadFiles/202003/2020031415414162.jpg	UploadFiles/UploadFiles/202003/2020031415414162.jpg	136517	f25a169df3a60d5b793f13893d872fef681b12249bb0e92786bfc830e97a7118	f25a169df3a60d5b793f13893d872fef681b12249bb0e92786bfc830e97a7118	
UploadFiles/UploadFiles/202003/2020031415415186.jpg	UploadFiles/UploadFiles/202003/2020031415415186.jpg	300591	29fc7f675e427211eb49f8102fbb1d323d5f5f294ad89d9f16c06dbc78ecfb76	29fc7f675e427211eb49f8102fbb1d323d5f5f294ad89d9f16c06dbc78ecfb76	
UploadFiles/UploadFiles/202003/2020031415420292.jpg	UploadFiles/UploadFiles/202003/2020031415420292.jpg	223185	ae99ed401c8c2fde60d22c1cc943ecd2c997b7ba510533e4929013f5480445ed	ae99ed401c8c2fde60d22c1cc943ecd2c997b7ba510533e4929013f5480445ed	
UploadFiles/UploadFiles/202003/2020031415535855.jpg	UploadFiles/UploadFiles/202003/2020031415535855.jpg	3407443	d433206a703dd68d59932bd4d86bcb0f80784f6999f70e5cf4322ddb2f6acae3	d433206a703dd68d59932bd4d86bcb0f80784f6999f70e5cf4322ddb2f6acae3	
UploadFiles/UploadFiles/202003/2020031415540955.jpg	UploadFiles/UploadFiles/202003/2020031415540955.jpg	216167	bc13d177ab100691bc654ef1254e8ab6c8f97b860452ec982ba1bb3bee905857	bc13d177ab100691bc654ef1254e8ab6c8f97b860452ec982ba1bb3bee905857	
UploadFiles/UploadFiles/202003/2020031415541998.jpg	UploadFiles/UploadFiles/202003/2020031415541998.jpg	196606	acffaa1a98bf5a58472366e0ca7d9d3223b2467da18938db37a65192bead59ba	acffaa1a98bf5a58472366e0ca7d9d3223b2467da18938db37a65192bead59ba	
UploadFiles/UploadFiles/202003/2020031415545798.jpg	UploadFiles/UploadFiles/202003/2020031415545798.jpg	198257	7a5e7c170769b7038e83493ab187f0781afbca53b92466a7c0ba07c9b90f2cee	7a5e7c170769b7038e83493ab187f0781afbca53b92466a7c0ba07c9b90f2cee	
UploadFiles/UploadFiles/202003/2020031415550861.jpg	UploadFiles/UploadFiles/202003/2020031415550861.jpg	126482	badbffe5974f9e3bd91739446ff1ba40ecb0137001b1e729a16da5266de0794e	badbffe5974f9e3bd91739446ff1ba40ecb0137001b1e729a16da5266de0794e	
UploadFiles/UploadFiles/202003/2020031415551589.png	UploadFiles/UploadFiles/202003/2020031415551589.png	237812	d0dd09cc8178ed0cb928c7ad493a09ed209f1bd45303f228ef35517cdcff5fb4	d0dd09cc8178ed0cb928c7ad493a09ed209f1bd45303f228ef35517cdcff5fb4	
UploadFiles/UploadFiles/202003/2020031415552266.jpg	UploadFiles/UploadFiles/202003/2020031415552266.jpg	269180	9ee64445d6bb44139d0f9d6424e88ba6a7d26aa809841910e6bf7128ad919031	9ee64445d6bb44139d0f9d6424e88ba6a7d26aa809841910e6bf7128ad919031	
UploadFiles/UploadFiles/202003/2020031415553182.jpg	UploadFiles/UploadFiles/202003/2020031415553182.jpg	223610	9ed46607e4e7066fbbab7dca25d05550ac2f7fba312f6ae1f489d6d99ff5b598	9ed46607e4e7066fbbab7dca25d05550ac2f7fba312f6ae1f489d6d99ff5b598	
UploadFiles/UploadFiles/202003/2020031415554024.jpg	UploadFiles/UploadFiles/202003/2020031415554024.jpg	1718235	fd92cc659a495d216488b0af2b55f3cadbda2429116b00b77e648366c0f4b6b5	fd92cc659a495d216488b0af2b55f3cadbda2429116b00b77e648366c0f4b6b5	
UploadFiles/UploadFiles/202003/2020031415555221.jpg	UploadFiles/UploadFiles/202003/2020031415555221.jpg	300169	6f572a4b2558d9a478a911de6d80443f861eb8fb84857c624b0edd3ee43c8a8f	6f572a4b2558d9a478a911de6d80443f861eb8fb84857c624b0edd3ee43c8a8f	
UploadFiles/UploadFiles/202003/2020031415560447.jpg	UploadFiles/UploadFiles/202003/2020031415560447.jpg	614294	affcef44a2e38867a6eefa3827a7fc60e4ab19e6ab7a533663ef996aad7fca26	affcef44a2e38867a6eefa3827a7fc60e4ab19e6ab7a533663ef996aad7fca26	
UploadFiles/UploadFiles/202003/2020031415561257.jpg	UploadFiles/UploadFiles/202003/2020031415561257.jpg	114962	d4869b9bdf2de458abbcb8053896707b06aacf69fcdb53d79d7769de44db1773	d4869b9bdf2de458abbcb8053896707b06aacf69fcdb53d79d7769de44db1773	
UploadFiles/UploadFiles/202003/2020031415562263.jpg	UploadFiles/UploadFiles/202003/2020031415562263.jpg	199302	07ec0a8e62fa785f184b7b4d9ef0a432d5e2f7bb7dae2c5e3db0225e459751b6	07ec0a8e62fa785f184b7b4d9ef0a432d5e2f7bb7dae2c5e3db0225e459751b6	
UploadFiles/UploadFiles/202003/2020031415563370.jpg	UploadFiles/UploadFiles/202003/2020031415563370.jpg	86345	be06172ff3034fcf7ad8af7075a7db11e65be93be30ff33b489e5f65ad1654e4	be06172ff3034fcf7ad8af7075a7db11e65be93be30ff33b489e5f65ad1654e4	
UploadFiles/UploadFiles/202003/2020031415564577.jpg	UploadFiles/UploadFiles/202003/2020031415564577.jpg	3615394	37885363dad73dc8d01758107a3754f33068427bc32f3846f18f17eca7d55e74	37885363dad73dc8d01758107a3754f33068427bc32f3846f18f17eca7d55e74	
UploadFiles/UploadFiles/202003/2020031415565886.jpg	UploadFiles/UploadFiles/202003/2020031415565886.jpg	198516	d5a952fd432544fad142c38612becd7a5a4406c8fb40eb8b809bfa53b5f28076	d5a952fd432544fad142c38612becd7a5a4406c8fb40eb8b809bfa53b5f28076	
UploadFiles/UploadFiles/202003/2020031415570854.jpg	UploadFiles/UploadFiles/202003/2020031415570854.jpg	83882	dfce56fcb81919bb4979616fa52a7055dc346f89b16a7b3852994ad1bcab3c50	dfce56fcb81919bb4979616fa52a7055dc346f89b16a7b3852994ad1bcab3c50	
UploadFiles/UploadFiles/202003/2020031415571776.jpg	UploadFiles/UploadFiles/202003/2020031415571776.jpg	161996	245fb3a993551171e9cba1a09c59f38634b7c00326cc6dc7e9df12f9df40ba06	245fb3a993551171e9cba1a09c59f38634b7c00326cc6dc7e9df12f9df40ba06	
UploadFiles/UploadFiles/202003/2020031415572972.jpg	UploadFiles/UploadFiles/202003/2020031415572972.jpg	236136	cb5cc0a9d3c3ace8d3c24f4b843ec204da1b807af0f14c5f96c647b35c3a01c8	cb5cc0a9d3c3ace8d3c24f4b843ec204da1b807af0f14c5f96c647b35c3a01c8	
UploadFiles/UploadFiles/202003/2020031415573871.png	UploadFiles/UploadFiles/202003/2020031415573871.png	366460	fe43b789ab9797d49a905f1642845bc4758a13c7506800b7e36482ece6ab87b9	fe43b789ab9797d49a905f1642845bc4758a13c7506800b7e36482ece6ab87b9	
UploadFiles/UploadFiles/202003/2020031415574768.jpg	UploadFiles/UploadFiles/202003/2020031415574768.jpg	2366426	2205505244f09c6616fcfb00d114fa8cd038e67ff2dcbf7f6e91c5ec4c210d3c	2205505244f09c6616fcfb00d114fa8cd038e67ff2dcbf7f6e91c5ec4c210d3c	
UploadFiles/UploadFiles/202003/2020031415580077.png	UploadFiles/UploadFiles/202003/2020031415580077.png	2415125	1724b2f60979b8377b662e46170adc68c3923ba97858eab2d60acb8612d8ecb3	1724b2f60979b8377b662e46170adc68c3923ba97858eab2d60acb8612d8ecb3	
UploadFiles/UploadFiles/202003/2020031416095956.jpg	UploadFiles/UploadFiles/202003/2020031416095956.jpg	131932	4c0f7491207272fd032c77ff6be237c308964c6e5b2bce2a2d2ea82d5185c08d	4c0f7491207272fd032c77ff6be237c308964c6e5b2bce2a2d2ea82d5185c08d	
UploadFiles/UploadFiles/202003/2020031416102182.jpg	UploadFiles/UploadFiles/202003/2020031416102182.jpg	153379	bc1ea9bf944f7390bd859a2e3871d9adfeecce8dd2f93b22ce2614e7e6eaae8c	bc1ea9bf944f7390bd859a2e3871d9adfeecce8dd2f93b22ce2614e7e6eaae8c	
UploadFiles/UploadFiles/202003/2020031416104406.jpg	UploadFiles/UploadFiles/202003/2020031416104406.jpg	153992	0d5c00165d407ef6f147f70e0ef518b475ec677809bf9730ef40613eed4eb501	0d5c00165d407ef6f147f70e0ef518b475ec677809bf9730ef40613eed4eb501	
UploadFiles/UploadFiles/202003/2020031416104466.jpg	UploadFiles/UploadFiles/202003/2020031416104466.jpg	186287	e4639dd6172c1a00cd1dbd129e8661eb33bb77ff8a4e4da934c7a72f8125b944	e4639dd6172c1a00cd1dbd129e8661eb33bb77ff8a4e4da934c7a72f8125b944	
UploadFiles/UploadFiles/202003/2020031416104488.jpg	UploadFiles/UploadFiles/202003/2020031416104488.jpg	104068	4a937aba569aab9581a1622f877a96e623e806dee04ba601d95ff20698e92b46	4a937aba569aab9581a1622f877a96e623e806dee04ba601d95ff20698e92b46	
UploadFiles/UploadFiles/202003/2020031416104496.jpg	UploadFiles/UploadFiles/202003/2020031416104496.jpg	101778	637fd01088fa4779a80250f66bc9ff5cb35539a1a11d381d6991218a6a244ccb	637fd01088fa4779a80250f66bc9ff5cb35539a1a11d381d6991218a6a244ccb	
UploadFiles/UploadFiles/202003/2020031416105888.jpg	UploadFiles/UploadFiles/202003/2020031416105888.jpg	166831	1ce478c8022ab7c9d646e849713412a41ca878aa2d73b058954a80989e457a57	1ce478c8022ab7c9d646e849713412a41ca878aa2d73b058954a80989e457a57	
UploadFiles/UploadFiles/202003/2020031416110628.jpg	UploadFiles/UploadFiles/202003/2020031416110628.jpg	173248	a3b583c2663924355dfdb82fabd9f8028e79ef416523db9fe0b7bb56ef1f39ee	a3b583c2663924355dfdb82fabd9f8028e79ef416523db9fe0b7bb56ef1f39ee	
UploadFiles/UploadFiles/202003/2020031416112539.jpg	UploadFiles/UploadFiles/202003/2020031416112539.jpg	152346	c2b229ab2613a7633df214b1feb9f1b2f8cdf27ab51882fcbe2e2e8d02fdcdfa	c2b229ab2613a7633df214b1feb9f1b2f8cdf27ab51882fcbe2e2e8d02fdcdfa	
UploadFiles/UploadFiles/202003/2020031416112560.jpg	UploadFiles/UploadFiles/202003/2020031416112560.jpg	153392	e30a21d579b9ff5c0b45dad6fd0d2ce97eb892fff364ebe6af36d6681dd452e5	e30a21d579b9ff5c0b45dad6fd0d2ce97eb892fff364ebe6af36d6681dd452e5	
UploadFiles/UploadFiles/202003/2020031416112569.jpg	UploadFiles/UploadFiles/202003/2020031416112569.jpg	134640	1fac454226a14ff2363292239c4aed31b0b76b0e2271bb562319fda85c929a95	1fac454226a14ff2363292239c4aed31b0b76b0e2271bb562319fda85c929a95	
UploadFiles/UploadFiles/202003/2020031416113769.jpg	UploadFiles/UploadFiles/202003/2020031416113769.jpg	112519	9b24e4531f457847dfee8f2c188f4ab918d1b8aa9029cb16e66554c1ee1cb5af	9b24e4531f457847dfee8f2c188f4ab918d1b8aa9029cb16e66554c1ee1cb5af	
UploadFiles/UploadFiles/202003/2020031416113777.jpg	UploadFiles/UploadFiles/202003/2020031416113777.jpg	116031	f0e1d66c69e5593fb94329baafb0a8895e0bb79717f5b6d92e38492708b6d5a7	f0e1d66c69e5593fb94329baafb0a8895e0bb79717f5b6d92e38492708b6d5a7	
UploadFiles/UploadFiles/202003/2020031416121845.jpg	UploadFiles/UploadFiles/202003/2020031416121845.jpg	107487	3809683e507f38070f3d717628614ca1ccf73a80b97920107ed0635de66a12ea	3809683e507f38070f3d717628614ca1ccf73a80b97920107ed0635de66a12ea	
UploadFiles/UploadFiles/202003/2020031416121867.jpg	UploadFiles/UploadFiles/202003/2020031416121867.jpg	133410	05ec4b33e2695ad4606ea5d1c657c69db33fc3873e1622381580525e8b2c303e	05ec4b33e2695ad4606ea5d1c657c69db33fc3873e1622381580525e8b2c303e	
UploadFiles/UploadFiles/202003/2020031416121875.jpg	UploadFiles/UploadFiles/202003/2020031416121875.jpg	140338	d7df475234f5354560f926aea33e004c1fc8aa040a3df6ce2666a3a2a5828d37	d7df475234f5354560f926aea33e004c1fc8aa040a3df6ce2666a3a2a5828d37	
UploadFiles/UploadFiles/202003/2020031416182237.png	UploadFiles/UploadFiles/202003/2020031416182237.png	500133	b15b0079aecef1fb33246eb0d5fe432ae58aa1eb309b7159cf80d1ffc7331076	b15b0079aecef1fb33246eb0d5fe432ae58aa1eb309b7159cf80d1ffc7331076	
UploadFiles/UploadFiles/202003/2020031416184609.jpg	UploadFiles/UploadFiles/202003/2020031416184609.jpg	230483	78d046fae613e997b11ba059080a970ddccb50ac41735f2781130a7809b4db33	78d046fae613e997b11ba059080a970ddccb50ac41735f2781130a7809b4db33	
UploadFiles/UploadFiles/202003/2020031416190206.jpg	UploadFiles/UploadFiles/202003/2020031416190206.jpg	231549	7a01b6777d7bcd6409b5fc826af6241ec138b3b7940143b4f48223cd9e492eda	7a01b6777d7bcd6409b5fc826af6241ec138b3b7940143b4f48223cd9e492eda	
UploadFiles/UploadFiles/202003/2020031416190214.jpg	UploadFiles/UploadFiles/202003/2020031416190214.jpg	237349	2bce3220edd4878aa7764d6f98b731bf10fc71504102393c4911b51769f73a9e	2bce3220edd4878aa7764d6f98b731bf10fc71504102393c4911b51769f73a9e	
UploadFiles/UploadFiles/202003/2020031416193815.jpg	UploadFiles/UploadFiles/202003/2020031416193815.jpg	160685	9ae8d0d788846669ce78a0910859cd55c4ac013c22d93478c9c476be065e5ea9	9ae8d0d788846669ce78a0910859cd55c4ac013c22d93478c9c476be065e5ea9	
UploadFiles/UploadFiles/202003/2020031416193836.jpg	UploadFiles/UploadFiles/202003/2020031416193836.jpg	111976	1722b8950c5da084516335fb5620f18f99f3b1d6c30a08fcf5471e59be4dc707	1722b8950c5da084516335fb5620f18f99f3b1d6c30a08fcf5471e59be4dc707	
UploadFiles/UploadFiles/202003/2020031416193845.jpg	UploadFiles/UploadFiles/202003/2020031416193845.jpg	103844	e06ada33dca990e67cf0a461323c471ffcf6a97dbb6a515b9f8bebbbf1608b06	e06ada33dca990e67cf0a461323c471ffcf6a97dbb6a515b9f8bebbbf1608b06	
UploadFiles/UploadFiles/202003/2020031416193854.jpg	UploadFiles/UploadFiles/202003/2020031416193854.jpg	369671	da8d4772c63f396322558993c6764a6e960191bb0fe5863e2c82447e954e773d	da8d4772c63f396322558993c6764a6e960191bb0fe5863e2c82447e954e773d	
UploadFiles/UploadFiles/202003/2020031416203632.jpg	UploadFiles/UploadFiles/202003/2020031416203632.jpg	347988	179c5b010bff1e9235075e69630032d2dcfd82e62eaad6ff4b846fb46212a4de	179c5b010bff1e9235075e69630032d2dcfd82e62eaad6ff4b846fb46212a4de	
UploadFiles/UploadFiles/202003/2020031416203654.jpg	UploadFiles/UploadFiles/202003/2020031416203654.jpg	275651	a9fa00244b0b76e358d8f2fe32d70c91ccdb3ef9bed25b71521ee432a3d0a48f	a9fa00244b0b76e358d8f2fe32d70c91ccdb3ef9bed25b71521ee432a3d0a48f	
UploadFiles/UploadFiles/202003/2020031416203662.jpg	UploadFiles/UploadFiles/202003/2020031416203662.jpg	265828	110c308a395f197b2817d51303760696126723385165a10493dbed79bfed533a	110c308a395f197b2817d51303760696126723385165a10493dbed79bfed533a	
UploadFiles/UploadFiles/202003/2020031416203671.jpg	UploadFiles/UploadFiles/202003/2020031416203671.jpg	273343	88121cb5531d1757cbd0bdf222e964dbb3221dc61c86856a807468824b613c4c	88121cb5531d1757cbd0bdf222e964dbb3221dc61c86856a807468824b613c4c	
UploadFiles/UploadFiles/202003/2020031416211052.png	UploadFiles/UploadFiles/202003/2020031416211052.png	313048	38dc7fe6b9752b10b95aab88e80908d9e192233b493b90a353eb1bcfa0d4b626	38dc7fe6b9752b10b95aab88e80908d9e192233b493b90a353eb1bcfa0d4b626	
UploadFiles/UploadFiles/202003/2020032309343160.jpg	UploadFiles/UploadFiles/202003/2020032309343160.jpg	36869	aacd9ae4fef88be077b0ce0bd71ab32969d265c15544054e70f351eaa20ee75b	aacd9ae4fef88be077b0ce0bd71ab32969d265c15544054e70f351eaa20ee75b	
UploadFiles/UploadFiles/202003/2020032309344608.jpg	UploadFiles/UploadFiles/202003/2020032309344608.jpg	2043676	297cf1414b3da7c2021f5e428b028d09197efa0329a881e7cc82c59f86ceced9	297cf1414b3da7c2021f5e428b028d09197efa0329a881e7cc82c59f86ceced9	
UploadFiles/UploadFiles/202003/2020032309344616.jpg	UploadFiles/UploadFiles/202003/2020032309344616.jpg	418990	1c6e2362682f7e2901a80ed16bf2005c4d5b847703027c8e4ecc439a86a6c0fe	1c6e2362682f7e2901a80ed16bf2005c4d5b847703027c8e4ecc439a86a6c0fe	
UploadFiles/UploadFiles/202003/2020032309414327.jpg	UploadFiles/UploadFiles/202003/2020032309414327.jpg	81140	1d8cd4a2b4f50bd66d2facfe7f4d8ff13bd57246d4fd1a2bfeb62ddb9e59e039	1d8cd4a2b4f50bd66d2facfe7f4d8ff13bd57246d4fd1a2bfeb62ddb9e59e039	
UploadFiles/UploadFiles/202003/2020032309415206.jpg	UploadFiles/UploadFiles/202003/2020032309415206.jpg	143565	9a29007b5f0d08c28eec4b46528162b72c34ff5710fa107b1cc1c813fb582806	9a29007b5f0d08c28eec4b46528162b72c34ff5710fa107b1cc1c813fb582806	
UploadFiles/UploadFiles/202003/2020032309420185.jpg	UploadFiles/UploadFiles/202003/2020032309420185.jpg	119728	6dd4d8092c78bbba5265391fb196082560f1b82b722319380225d52d6c805a76	6dd4d8092c78bbba5265391fb196082560f1b82b722319380225d52d6c805a76	
UploadFiles/UploadFiles/202003/2020032309421291.jpg	UploadFiles/UploadFiles/202003/2020032309421291.jpg	110077	a1c41f144040e87a30c0a134faecac2ac644692a60ba55ec6e2315e5382dadac	a1c41f144040e87a30c0a134faecac2ac644692a60ba55ec6e2315e5382dadac	
UploadFiles/UploadFiles/202003/2020032309422183.jpg	UploadFiles/UploadFiles/202003/2020032309422183.jpg	324972	32741a72b17aa931c6d56d5bb31aa3a5383237d511b93b55f36dd459b6a0292c	32741a72b17aa931c6d56d5bb31aa3a5383237d511b93b55f36dd459b6a0292c	
UploadFiles/UploadFiles/202003/2020032309425054.jpg	UploadFiles/UploadFiles/202003/2020032309425054.jpg	748471	dfb736e527b14e34375e9e657b33ed159f94e9c743a2149c77828fe1fb38d6a3	dfb736e527b14e34375e9e657b33ed159f94e9c743a2149c77828fe1fb38d6a3	
UploadFiles/UploadFiles/202003/2020032309430457.jpg	UploadFiles/UploadFiles/202003/2020032309430457.jpg	2145469	4450928ab7918287e58847864cdd4bcc131af0dcf32d700eec1df4f1bf31d1d0	4450928ab7918287e58847864cdd4bcc131af0dcf32d700eec1df4f1bf31d1d0	
UploadFiles/UploadFiles/202003/2020032309430459.jpg	UploadFiles/UploadFiles/202003/2020032309430459.jpg	2197415	2920d87811886ab62fdd1f11d185e62d0398339859282eaa2d21099710b74d51	2920d87811886ab62fdd1f11d185e62d0398339859282eaa2d21099710b74d51	
UploadFiles/UploadFiles/202003/2020032309432104.jpg	UploadFiles/UploadFiles/202003/2020032309432104.jpg	2030429	d8abf92139cdd139bbf64fdf76057f8fe37b4f97f85ed80e8eff8f0e6928f3fa	d8abf92139cdd139bbf64fdf76057f8fe37b4f97f85ed80e8eff8f0e6928f3fa	
UploadFiles/UploadFiles/202003/2020032309433393.jpg	UploadFiles/UploadFiles/202003/2020032309433393.jpg	149197	987c7ec483a118eade53f61c0659d4c9ecb4139680e69264d14e47a23c664b09	987c7ec483a118eade53f61c0659d4c9ecb4139680e69264d14e47a23c664b09	
UploadFiles/UploadFiles/202003/2020032309434608.jpg	UploadFiles/UploadFiles/202003/2020032309434608.jpg	128759	f2001dffa0a6041c34ea35bb621a6639053902b462235b2d472ec38df8b0580f	f2001dffa0a6041c34ea35bb621a6639053902b462235b2d472ec38df8b0580f	
UploadFiles/UploadFiles/202003/2020032309435835.jpg	UploadFiles/UploadFiles/202003/2020032309435835.jpg	63589	d2ff52d1c44402733512758e73b5e6815e5176cb87be764c842b73787bc1eb20	d2ff52d1c44402733512758e73b5e6815e5176cb87be764c842b73787bc1eb20	
UploadFiles/UploadFiles/202003/2020032309440985.jpg	UploadFiles/UploadFiles/202003/2020032309440985.jpg	72066	042a986b9180e44138d2655997caecaff8d8712c897fc2cfd75d3c08abe35f8c	042a986b9180e44138d2655997caecaff8d8712c897fc2cfd75d3c08abe35f8c	
UploadFiles/UploadFiles/202003/2020032309442419.jpg	UploadFiles/UploadFiles/202003/2020032309442419.jpg	84432	8f3e9dc85e49c209b0e9856464a6e6fec1da316e59819cadd53519c9ba1c845e	8f3e9dc85e49c209b0e9856464a6e6fec1da316e59819cadd53519c9ba1c845e	
UploadFiles/UploadFiles/202003/2020032309442428.jpg	UploadFiles/UploadFiles/202003/2020032309442428.jpg	93319	344f60d387aba1beac590818dab3c1974cd0f09800b5e0712680064c12a9ebb3	344f60d387aba1beac590818dab3c1974cd0f09800b5e0712680064c12a9ebb3	
UploadFiles/UploadFiles/202003/2020032309444900.jpg	UploadFiles/UploadFiles/202003/2020032309444900.jpg	1165337	c428fe89710b4e071363c15617a767b44f9d30ecd132d947d9ec896016fba6db	c428fe89710b4e071363c15617a767b44f9d30ecd132d947d9ec896016fba6db	
UploadFiles/UploadFiles/202003/2020032309444909.jpg	UploadFiles/UploadFiles/202003/2020032309444909.jpg	1241485	3f97d90d4d5114ff16096667077ab76d261f3f88e660763da214da1a290bdec5	3f97d90d4d5114ff16096667077ab76d261f3f88e660763da214da1a290bdec5	
UploadFiles/UploadFiles/202003/2020032309444978.jpg	UploadFiles/UploadFiles/202003/2020032309444978.jpg	1153759	80fd219d0e296ee2831df19f0bbf958bc8922723015b6bba15c09360ac506bfb	80fd219d0e296ee2831df19f0bbf958bc8922723015b6bba15c09360ac506bfb	
UploadFiles/UploadFiles/202003/2020032309451386.jpg	UploadFiles/UploadFiles/202003/2020032309451386.jpg	455990	de12deef11fc1007428618b3be33baa88048e086cdbf1d611beec27cb7eacc31	de12deef11fc1007428618b3be33baa88048e086cdbf1d611beec27cb7eacc31	
UploadFiles/UploadFiles/202003/2020032309452671.jpg	UploadFiles/UploadFiles/202003/2020032309452671.jpg	181466	bfbd0d2e4ea4e2bd5afc36ee6fa4d6d159ab1c0c2993ee0cd9859c91bdd61983	bfbd0d2e4ea4e2bd5afc36ee6fa4d6d159ab1c0c2993ee0cd9859c91bdd61983	
UploadFiles/UploadFiles/202003/2020032309453638.jpg	UploadFiles/UploadFiles/202003/2020032309453638.jpg	134119	1bb028a118e312325d8c854f4375af43e2bb7b21bf018305251a6526f45f2ede	1bb028a118e312325d8c854f4375af43e2bb7b21bf018305251a6526f45f2ede	
UploadFiles/UploadFiles/202003/2020032309454668.jpg	UploadFiles/UploadFiles/202003/2020032309454668.jpg	252051	4b1128c1f58a3d51b07e3d103d5294a785b028efefd0a32f7d9f65d27dc4f7f6	4b1128c1f58a3d51b07e3d103d5294a785b028efefd0a32f7d9f65d27dc4f7f6	
UploadFiles/UploadFiles/202003/2020032309455775.jpg	UploadFiles/UploadFiles/202003/2020032309455775.jpg	187426	9921d64483c53759140f65b3db8f73bf55fec5f8eabeb35e4be25749d4f2539f	9921d64483c53759140f65b3db8f73bf55fec5f8eabeb35e4be25749d4f2539f	
UploadFiles/UploadFiles/202003/2020032309462306.jpg	UploadFiles/UploadFiles/202003/2020032309462306.jpg	2257855	25a2fa7bc86f0aca25f755609b4578439ec4c3fe564e53e3ebaa4db92d59c0af	25a2fa7bc86f0aca25f755609b4578439ec4c3fe564e53e3ebaa4db92d59c0af	
UploadFiles/UploadFiles/202003/2020032309463797.jpg	UploadFiles/UploadFiles/202003/2020032309463797.jpg	334018	e3aefa0e1e17abbdeacbf0a77619789bafae1750d5a9eb75178889cfe2b9fda9	e3aefa0e1e17abbdeacbf0a77619789bafae1750d5a9eb75178889cfe2b9fda9	
UploadFiles/UploadFiles/202003/2020032310031699.jpg	UploadFiles/UploadFiles/202003/2020032310031699.jpg	63524	f39db3207e54f1f84949a7dbc15ef0689737468cafd56c166415df404d7d2593	f39db3207e54f1f84949a7dbc15ef0689737468cafd56c166415df404d7d2593	
UploadFiles/UploadFiles/202003/2020032310032915.jpg	UploadFiles/UploadFiles/202003/2020032310032915.jpg	177838	392cc12db7446c8de8985612b87067e8dd706b4fe930d50c5dd169229d806e14	392cc12db7446c8de8985612b87067e8dd706b4fe930d50c5dd169229d806e14	
UploadFiles/UploadFiles/202003/2020032310035558.jpg	UploadFiles/UploadFiles/202003/2020032310035558.jpg	43126	988d738893b5e0acbd78c59d0406c8842ca0805d32cede24bf2195a404a5edd7	988d738893b5e0acbd78c59d0406c8842ca0805d32cede24bf2195a404a5edd7	
UploadFiles/UploadFiles/202003/2020032310043809.jpg	UploadFiles/UploadFiles/202003/2020032310043809.jpg	47183	3f43952c4f74b42e047176a521bcf7c8b8aa0432f1d6aea6d1ea90db3072cb66	3f43952c4f74b42e047176a521bcf7c8b8aa0432f1d6aea6d1ea90db3072cb66	
UploadFiles/UploadFiles/202003/2020032310043812.jpg	UploadFiles/UploadFiles/202003/2020032310043812.jpg	89476	d26c1711f1497eae9ece52af27c62ec703ff4ac16b57e34d11f9dbe5beb9c6f6	d26c1711f1497eae9ece52af27c62ec703ff4ac16b57e34d11f9dbe5beb9c6f6	
UploadFiles/UploadFiles/202003/2020032310043819.jpg	UploadFiles/UploadFiles/202003/2020032310043819.jpg	32647	92b2bdb5fb6f550c4e21f6728c0ab4a3d249f5411c5cfdd9c58b43673403c60e	92b2bdb5fb6f550c4e21f6728c0ab4a3d249f5411c5cfdd9c58b43673403c60e	
UploadFiles/UploadFiles/202003/2020032310043820.jpg	UploadFiles/UploadFiles/202003/2020032310043820.jpg	50682	8f87ee5a55735db103090743974d047be9426da64afadaa53aefb141d7076a71	8f87ee5a55735db103090743974d047be9426da64afadaa53aefb141d7076a71	
UploadFiles/UploadFiles/202003/2020032310043830.jpg	UploadFiles/UploadFiles/202003/2020032310043830.jpg	72224	d6933fe8329949cdd24e9602797caecbe9dfce60fca3327c15e8e79820fb9e19	d6933fe8329949cdd24e9602797caecbe9dfce60fca3327c15e8e79820fb9e19	
UploadFiles/UploadFiles/202003/2020032310043831.jpg	UploadFiles/UploadFiles/202003/2020032310043831.jpg	55289	4b6556a7a53dccd4ecf4f613fd8017ea0a2e90b23ceda1f73f093a9a3f29f31f	4b6556a7a53dccd4ecf4f613fd8017ea0a2e90b23ceda1f73f093a9a3f29f31f	
UploadFiles/UploadFiles/202003/2020032310043833.jpg	UploadFiles/UploadFiles/202003/2020032310043833.jpg	67216	40a50e2c60da78db5cb6321be635dc1ddd14cc24cd7883b9569f077ebaccdc61	40a50e2c60da78db5cb6321be635dc1ddd14cc24cd7883b9569f077ebaccdc61	
UploadFiles/UploadFiles/202003/2020032310043839.jpg	UploadFiles/UploadFiles/202003/2020032310043839.jpg	49549	0fc3c3a42735ba4c7e7826868b6f5d2899f6c1cc6bed0f1e7db65b347ea39ab4	0fc3c3a42735ba4c7e7826868b6f5d2899f6c1cc6bed0f1e7db65b347ea39ab4	
UploadFiles/UploadFiles/202003/2020032310043848.jpg	UploadFiles/UploadFiles/202003/2020032310043848.jpg	56505	3a79010361677ede11c43e8aa6ffae5caa1db39871eb0d9611ccb46e6b0ac4b6	3a79010361677ede11c43e8aa6ffae5caa1db39871eb0d9611ccb46e6b0ac4b6	
UploadFiles/UploadFiles/202003/2020032310043852.jpg	UploadFiles/UploadFiles/202003/2020032310043852.jpg	61750	60b65f32c6c6f49477a87c4c68e1cc8190c1847b2e834bee33aed91667da7aab	60b65f32c6c6f49477a87c4c68e1cc8190c1847b2e834bee33aed91667da7aab	
UploadFiles/UploadFiles/202003/2020032310052203.jpg	UploadFiles/UploadFiles/202003/2020032310052203.jpg	58868	dcbff56e5b7d80514f5f3f9044b49c0e709c8ea2eefce0bd118046678904e61a	dcbff56e5b7d80514f5f3f9044b49c0e709c8ea2eefce0bd118046678904e61a	
UploadFiles/UploadFiles/202003/2020032310052212.jpg	UploadFiles/UploadFiles/202003/2020032310052212.jpg	60265	686fd14096c79c23b2a00b6c9b5940a060f5c5397490df3cee76bc1a022532da	686fd14096c79c23b2a00b6c9b5940a060f5c5397490df3cee76bc1a022532da	
UploadFiles/UploadFiles/202003/2020032310052272.jpg	UploadFiles/UploadFiles/202003/2020032310052272.jpg	51070	5dd5eeb34eb4a994e0caecb20b5f661ed648230a735b8bb5337b5a804fc3efc9	5dd5eeb34eb4a994e0caecb20b5f661ed648230a735b8bb5337b5a804fc3efc9	
UploadFiles/UploadFiles/202003/2020032310052293.jpg	UploadFiles/UploadFiles/202003/2020032310052293.jpg	57766	1f62917be8fa721f7499139cf7aadc2ca7deaecd6166f349ad60be12ff3e329e	1f62917be8fa721f7499139cf7aadc2ca7deaecd6166f349ad60be12ff3e329e	
UploadFiles/UploadFiles/202003/2020032310052294.jpg	UploadFiles/UploadFiles/202003/2020032310052294.jpg	41995	e6f5ce84bd538f17cd85c87089dcb850470d1abc3edf194ea00d3b236ae77ea3	e6f5ce84bd538f17cd85c87089dcb850470d1abc3edf194ea00d3b236ae77ea3	
UploadFiles/UploadFiles/202003/2020032310225999.jpg	UploadFiles/UploadFiles/202003/2020032310225999.jpg	85197	7385f75895da98951e48939f0491ca01fe038d74cb8ecf98a06d964f7169eb0c	7385f75895da98951e48939f0491ca01fe038d74cb8ecf98a06d964f7169eb0c	
UploadFiles/UploadFiles/202003/2020032310230550.jpg	UploadFiles/UploadFiles/202003/2020032310230550.jpg	29012	350d894aaab27d174afb6f91ac40e8ce1e0c9a8257cef9dbead0639d1bf85803	350d894aaab27d174afb6f91ac40e8ce1e0c9a8257cef9dbead0639d1bf85803	
UploadFiles/UploadFiles/202003/2020032310232185.jpg	UploadFiles/UploadFiles/202003/2020032310232185.jpg	36291	cb946fe35c270ca29a70813cec4be2dffde4e5e22bb3c853083a9e69a6975c7e	cb946fe35c270ca29a70813cec4be2dffde4e5e22bb3c853083a9e69a6975c7e	
UploadFiles/UploadFiles/202003/2020032310232194.jpg	UploadFiles/UploadFiles/202003/2020032310232194.jpg	32433	fae1963b9871e982441770e14df581c060dadef5e9a3dd99d63256ac790558dd	fae1963b9871e982441770e14df581c060dadef5e9a3dd99d63256ac790558dd	
UploadFiles/UploadFiles/202003/2020032310234011.jpg	UploadFiles/UploadFiles/202003/2020032310234011.jpg	4227361	2ae2c1e8e34c02f38e517f393ecb6ffe69f8699019326ec28e41a60482ad62a5	2ae2c1e8e34c02f38e517f393ecb6ffe69f8699019326ec28e41a60482ad62a5	
UploadFiles/UploadFiles/202003/2020032310235951.jpg	UploadFiles/UploadFiles/202003/2020032310235951.jpg	5968070	3b7ff9be6e6a8c4eb76b4c8a483e79194b10790c12260977c12d028118d12c9c	3b7ff9be6e6a8c4eb76b4c8a483e79194b10790c12260977c12d028118d12c9c	
UploadFiles/UploadFiles/202003/2020032310260549.jpg	UploadFiles/UploadFiles/202003/2020032310260549.jpg	195736	5b8dc9af395422216bddfbc39be86eb72a3e5ab96cfda6514e7d8bed1750d9c3	5b8dc9af395422216bddfbc39be86eb72a3e5ab96cfda6514e7d8bed1750d9c3	
UploadFiles/UploadFiles/202003/2020032310262143.jpg	UploadFiles/UploadFiles/202003/2020032310262143.jpg	106906	4b50b386071fcad9006d50f1dca2bfbc9ed777d37259d69c095740c7cc9af6cd	4b50b386071fcad9006d50f1dca2bfbc9ed777d37259d69c095740c7cc9af6cd	
UploadFiles/UploadFiles/202003/2020032310263836.jpg	UploadFiles/UploadFiles/202003/2020032310263836.jpg	126360	efb8320e906989191f2ae0e7772193e848a912f96596656f4f238b9b84354db2	efb8320e906989191f2ae0e7772193e848a912f96596656f4f238b9b84354db2	
UploadFiles/UploadFiles/202003/2020032310263844.jpg	UploadFiles/UploadFiles/202003/2020032310263844.jpg	136838	09831db2fe48605b032f6118a8168a4173b0ecc0fe53ef5429df59bcd3b668d7	09831db2fe48605b032f6118a8168a4173b0ecc0fe53ef5429df59bcd3b668d7	
UploadFiles/UploadFiles/202003/2020032310270067.jpg	UploadFiles/UploadFiles/202003/2020032310270067.jpg	132052	62e5ac3061fc2d43c2772d1152f0dca21919cee442e0e31a3c1e26d988c06ef4	62e5ac3061fc2d43c2772d1152f0dca21919cee442e0e31a3c1e26d988c06ef4	
UploadFiles/UploadFiles/202003/2020032310270075.jpg	UploadFiles/UploadFiles/202003/2020032310270075.jpg	101827	20716c675e2fcafe0775922f1c37d8cfba60de3e6f2985ec82b74d6de3d4f1aa	20716c675e2fcafe0775922f1c37d8cfba60de3e6f2985ec82b74d6de3d4f1aa	
UploadFiles/UploadFiles/202003/2020032310271468.jpg	UploadFiles/UploadFiles/202003/2020032310271468.jpg	130019	28f6c45c93a6ad60c330d58e9fb22bd0b1e5b368e82f05f913b1cbd63cde1b3d	28f6c45c93a6ad60c330d58e9fb22bd0b1e5b368e82f05f913b1cbd63cde1b3d	
UploadFiles/UploadFiles/202003/2020032310272696.png	UploadFiles/UploadFiles/202003/2020032310272696.png	1100740	ffab475f3eaa1791b1a8dac2719777818d50aeaac10e10270f873da71772cac1	ffab475f3eaa1791b1a8dac2719777818d50aeaac10e10270f873da71772cac1	
UploadFiles/UploadFiles/202003/2020032310273525.png	UploadFiles/UploadFiles/202003/2020032310273525.png	529141	e2fc1758a9090463fde61b5b1f902f65d5859c23c0e1c79ee56458bf183c71fc	e2fc1758a9090463fde61b5b1f902f65d5859c23c0e1c79ee56458bf183c71fc	
UploadFiles/UploadFiles/202003/2020032310274506.jpg	UploadFiles/UploadFiles/202003/2020032310274506.jpg	147479	9f1915a6d6f7faf741a237a414f1a54978902b4c612b994d9915cf59a19b297a	9f1915a6d6f7faf741a237a414f1a54978902b4c612b994d9915cf59a19b297a	
UploadFiles/UploadFiles/202003/2020032310275750.jpg	UploadFiles/UploadFiles/202003/2020032310275750.jpg	144753	180fbf103185a8642e81bef1685d2a19242f150525b2388a300eb93e0e75a8fe	180fbf103185a8642e81bef1685d2a19242f150525b2388a300eb93e0e75a8fe	
UploadFiles/UploadFiles/202003/2020032310281958.jpg	UploadFiles/UploadFiles/202003/2020032310281958.jpg	114113	6b7a16eae6dffba67b7a5d6734d1bc2e449d70ecb6f983aeda075a25da7c37f4	6b7a16eae6dffba67b7a5d6734d1bc2e449d70ecb6f983aeda075a25da7c37f4	
UploadFiles/UploadFiles/202003/2020032310281980.jpg	UploadFiles/UploadFiles/202003/2020032310281980.jpg	114686	9f95d9bb5d16dc077a6832ab19fe5d786025f4f9969304ad6c81c96517538de2	9f95d9bb5d16dc077a6832ab19fe5d786025f4f9969304ad6c81c96517538de2	
UploadFiles/UploadFiles/202003/2020032310281988.jpg	UploadFiles/UploadFiles/202003/2020032310281988.jpg	85575	47be57081fa0e60c2343be9436dbd7804989680c001fa838ee456244be9c5f39	47be57081fa0e60c2343be9436dbd7804989680c001fa838ee456244be9c5f39	
UploadFiles/UploadFiles/202003/2020032310372569.jpg	UploadFiles/UploadFiles/202003/2020032310372569.jpg	195000	c8dabb878058bc1aec3e758d8d528f95f09f2e01872e856dae198833204a4dad	c8dabb878058bc1aec3e758d8d528f95f09f2e01872e856dae198833204a4dad	
UploadFiles/UploadFiles/202003/2020032310373455.jpg	UploadFiles/UploadFiles/202003/2020032310373455.jpg	842583	14f94172ca13a6375f7de928334d8a8c75ab91071cd18ed3786d7d645e283b68	14f94172ca13a6375f7de928334d8a8c75ab91071cd18ed3786d7d645e283b68	
UploadFiles/UploadFiles/202003/2020032310374491.jpg	UploadFiles/UploadFiles/202003/2020032310374491.jpg	182553	0c228362de2fe63528a1c5ae11f9df1da9dd4f3f16b47aae22ab12e4430b3e3e	0c228362de2fe63528a1c5ae11f9df1da9dd4f3f16b47aae22ab12e4430b3e3e	
UploadFiles/UploadFiles/202003/2020032310375340.png	UploadFiles/UploadFiles/202003/2020032310375340.png	286485	2d2c71708400a3bb71135bd621e46063dfab5a89489fbf5644d61bdc873c2a72	2d2c71708400a3bb71135bd621e46063dfab5a89489fbf5644d61bdc873c2a72	
UploadFiles/UploadFiles/202003/2020032310380308.jpg	UploadFiles/UploadFiles/202003/2020032310380308.jpg	2457117	cdeae15e3afeb1d2d2c8538ed4c7ccebc50720f04a20675476cc49a10a639921	cdeae15e3afeb1d2d2c8538ed4c7ccebc50720f04a20675476cc49a10a639921	
UploadFiles/UploadFiles/202003/2020032310381307.jpg	UploadFiles/UploadFiles/202003/2020032310381307.jpg	141818	60503bd17f79ae7e4fd3495a98ad80f45509e93bf6c0b40936a04bd094387741	60503bd17f79ae7e4fd3495a98ad80f45509e93bf6c0b40936a04bd094387741	
UploadFiles/UploadFiles/202003/2020032310382357.png	UploadFiles/UploadFiles/202003/2020032310382357.png	325912	cffbcfe5bd4035f48a02f327f0ff959daae68b5899319c498236bb867a296905	cffbcfe5bd4035f48a02f327f0ff959daae68b5899319c498236bb867a296905	
UploadFiles/UploadFiles/202003/2020032310383260.jpg	UploadFiles/UploadFiles/202003/2020032310383260.jpg	504278	e1371ed1c512599bc6a1512618879adb8a7ffedfedd338881e3d99b2096e25c9	e1371ed1c512599bc6a1512618879adb8a7ffedfedd338881e3d99b2096e25c9	
UploadFiles/UploadFiles/202003/2020032310390384.png	UploadFiles/UploadFiles/202003/2020032310390384.png	261649	f0fddbc5554f205339d6918154397281f2e1146a46e1a1085b251e44ada25c2d	f0fddbc5554f205339d6918154397281f2e1146a46e1a1085b251e44ada25c2d	
UploadFiles/UploadFiles/202003/2020032310391428.jpg	UploadFiles/UploadFiles/202003/2020032310391428.jpg	116766	9b794e66941c5230b9ef885242d6c2f8a5767abaa8955b6c0eeafc54a5e98638	9b794e66941c5230b9ef885242d6c2f8a5767abaa8955b6c0eeafc54a5e98638	
UploadFiles/UploadFiles/202003/2020032310392465.jpg	UploadFiles/UploadFiles/202003/2020032310392465.jpg	148918	9d2bf8a504394f0b002a3302d11aa939372e14da71e9ba73aa47517e0a42ac13	9d2bf8a504394f0b002a3302d11aa939372e14da71e9ba73aa47517e0a42ac13	
UploadFiles/UploadFiles/202003/2020032310393326.jpg	UploadFiles/UploadFiles/202003/2020032310393326.jpg	116204	869e899d23527a9a0628035f1ed457797a486760a0f28061181eb84d5149b3cf	869e899d23527a9a0628035f1ed457797a486760a0f28061181eb84d5149b3cf	
UploadFiles/UploadFiles/202003/2020032310394267.jpg	UploadFiles/UploadFiles/202003/2020032310394267.jpg	113793	261fd94e254089ee66397890d5fb709ecf9c1079c19753ca2738a15170ad2729	261fd94e254089ee66397890d5fb709ecf9c1079c19753ca2738a15170ad2729	
UploadFiles/UploadFiles/202003/2020032310395398.jpg	UploadFiles/UploadFiles/202003/2020032310395398.jpg	165061	e93f7de91e589565de8f699aa0251e23e525ea660fdd235b457e02bed1fab668	e93f7de91e589565de8f699aa0251e23e525ea660fdd235b457e02bed1fab668	
UploadFiles/UploadFiles/202003/2020032314012569.jpg	UploadFiles/UploadFiles/202003/2020032314012569.jpg	89041	f74db868ace432a8087af3eebcd87a83bdfb7c274a1d9df5a7c2b44cd6bb7f0a	f74db868ace432a8087af3eebcd87a83bdfb7c274a1d9df5a7c2b44cd6bb7f0a	
UploadFiles/UploadFiles/202003/2020032314013498.jpg	UploadFiles/UploadFiles/202003/2020032314013498.jpg	81581	c45e6260eeb644ee4cc2d23bffbb845e94fae59e22eddd2b0ed0eb35a94a810f	c45e6260eeb644ee4cc2d23bffbb845e94fae59e22eddd2b0ed0eb35a94a810f	
UploadFiles/UploadFiles/202003/2020032314014328.jpg	UploadFiles/UploadFiles/202003/2020032314014328.jpg	111761	76e3f64179de978b4342b1fbe2997c008c1888935235c6e71cd05eaf013f7151	76e3f64179de978b4342b1fbe2997c008c1888935235c6e71cd05eaf013f7151	
UploadFiles/UploadFiles/202003/2020032314015168.jpg	UploadFiles/UploadFiles/202003/2020032314015168.jpg	99408	a07df0ee09fabc844d99cfa0c5c0df83f97ab31273b74b5f68ce24c6e9ee3bd5	a07df0ee09fabc844d99cfa0c5c0df83f97ab31273b74b5f68ce24c6e9ee3bd5	
UploadFiles/UploadFiles/202003/2020032314020226.jpg	UploadFiles/UploadFiles/202003/2020032314020226.jpg	232296	402600a649c2ffdf7abd56a1f1bf735803bf9137aebe8d8e7dca145a8afd461d	402600a649c2ffdf7abd56a1f1bf735803bf9137aebe8d8e7dca145a8afd461d	
UploadFiles/UploadFiles/202003/2020032314021104.jpg	UploadFiles/UploadFiles/202003/2020032314021104.jpg	3276708	782eee875b7fa97734d651b76a04b42c340f44f18d534cbea4e7a2cc08d8369a	782eee875b7fa97734d651b76a04b42c340f44f18d534cbea4e7a2cc08d8369a	
UploadFiles/UploadFiles/202003/2020032314022892.jpg	UploadFiles/UploadFiles/202003/2020032314022892.jpg	139195	aae18c3ea24ec26a2c802ed54d37849ed9b92741310cf46d7edc817083dfca51	aae18c3ea24ec26a2c802ed54d37849ed9b92741310cf46d7edc817083dfca51	
UploadFiles/UploadFiles/202003/2020032314023836.jpg	UploadFiles/UploadFiles/202003/2020032314023836.jpg	57708	0d405dd8e760ee35e991847c5f6c3ee8c52013d910ef833ef5ba46d46d18a68b	0d405dd8e760ee35e991847c5f6c3ee8c52013d910ef833ef5ba46d46d18a68b	
UploadFiles/UploadFiles/202003/2020032314030336.jpg	UploadFiles/UploadFiles/202003/2020032314030336.jpg	404281	02c4032aea3c1133a8b72f21ee7f662493ea653b146ec11704b728d1036539ff	02c4032aea3c1133a8b72f21ee7f662493ea653b146ec11704b728d1036539ff	
UploadFiles/UploadFiles/202003/2020032314030357.jpg	UploadFiles/UploadFiles/202003/2020032314030357.jpg	392169	f5dbc8550836e3ea09031a4847fe84ef16f176d43e8d7849e8af2beb4c072a45	f5dbc8550836e3ea09031a4847fe84ef16f176d43e8d7849e8af2beb4c072a45	
UploadFiles/UploadFiles/202003/2020032314030375.jpg	UploadFiles/UploadFiles/202003/2020032314030375.jpg	338492	4365feaa62f19961cce2937ba281df2f4d00bf465d99b977469de4246eb91aea	4365feaa62f19961cce2937ba281df2f4d00bf465d99b977469de4246eb91aea	
UploadFiles/UploadFiles/202003/2020032314140604.jpg	UploadFiles/UploadFiles/202003/2020032314140604.jpg	114012	3d52f04b27d68e3d8bf3a37432ecad8a4ac2a97b61d2ec53283ba154653a1090	3d52f04b27d68e3d8bf3a37432ecad8a4ac2a97b61d2ec53283ba154653a1090	
UploadFiles/UploadFiles/202003/2020032314143203.jpg	UploadFiles/UploadFiles/202003/2020032314143203.jpg	116197	202aa36ca9be40e92c13dd037fe2b757320e77709283dbdbfca6fc5d7c13d245	202aa36ca9be40e92c13dd037fe2b757320e77709283dbdbfca6fc5d7c13d245	
UploadFiles/UploadFiles/202003/2020032314144607.jpg	UploadFiles/UploadFiles/202003/2020032314144607.jpg	110695	b39965ed5605c28ec2f9b1e868bbbcc59e0097745294b9e9cdd26b170c35cea0	b39965ed5605c28ec2f9b1e868bbbcc59e0097745294b9e9cdd26b170c35cea0	
UploadFiles/UploadFiles/202003/2020032314150124.jpg	UploadFiles/UploadFiles/202003/2020032314150124.jpg	111570	34c5821689714bfc80b9a37fa333c6fd2bb4bf30e67801226160e8af6683c786	34c5821689714bfc80b9a37fa333c6fd2bb4bf30e67801226160e8af6683c786	
UploadFiles/UploadFiles/202004/2020040216150578.jpg	UploadFiles/UploadFiles/202004/2020040216150578.jpg	46377	a457a2d7a720911724fbacf39ffb4560419889d9ce2f41e3fcfc9afa9bbb703f	a457a2d7a720911724fbacf39ffb4560419889d9ce2f41e3fcfc9afa9bbb703f	
UploadFiles/UploadFiles/202004/2020040216192148.jpg	UploadFiles/UploadFiles/202004/2020040216192148.jpg	47700	eb6abec46fad46fb009bbf901fe3b631af075e6ee5ee09cec7335e30f6a276ed	eb6abec46fad46fb009bbf901fe3b631af075e6ee5ee09cec7335e30f6a276ed	
UploadFiles/UploadFiles/202004/2020041409274058.jpg	UploadFiles/UploadFiles/202004/2020041409274058.jpg	308506	47c313c701a8f130ad75c43df017b49b2a7adb9248040899ba64259c46e59471	47c313c701a8f130ad75c43df017b49b2a7adb9248040899ba64259c46e59471	
UploadFiles/UploadFiles/202004/2020041415530170.jpg	UploadFiles/UploadFiles/202004/2020041415530170.jpg	131776	9c82f499a5e8bd9cc730a1a1d61dd266953b323e648d16c07a55815a6da57ea3	9c82f499a5e8bd9cc730a1a1d61dd266953b323e648d16c07a55815a6da57ea3	
UploadFiles/UploadFiles/202004/2020041708561590.png	UploadFiles/UploadFiles/202004/2020041708561590.png	23723	8126ca873c82becbea0e64302fc9bf35b3afd4ca1535ff10e383d3f93f53cfc3	8126ca873c82becbea0e64302fc9bf35b3afd4ca1535ff10e383d3f93f53cfc3	
UploadFiles/UploadFiles/202004/2020042009261235.jpg	UploadFiles/UploadFiles/202004/2020042009261235.jpg	46014	1601f1a43d5c389e75488585a2d743544bdbfa4fd38905ecd2df8a4d0e5565e7	1601f1a43d5c389e75488585a2d743544bdbfa4fd38905ecd2df8a4d0e5565e7	
UploadFiles/UploadFiles/202004/2020042009262372.jpg	UploadFiles/UploadFiles/202004/2020042009262372.jpg	52649	45c3ba178c6d70ce4c731fd0e386485934468ad937e08900a24d69a8e6df32c3	45c3ba178c6d70ce4c731fd0e386485934468ad937e08900a24d69a8e6df32c3	
UploadFiles/UploadFiles/202004/2020042009384946.jpg	UploadFiles/UploadFiles/202004/2020042009384946.jpg	421200	94ed7c760bb414e915b766f511d1dbb423b5975b1de923b87551fce3780a069a	94ed7c760bb414e915b766f511d1dbb423b5975b1de923b87551fce3780a069a	
UploadFiles/UploadFiles/202004/2020042009385945.jpg	UploadFiles/UploadFiles/202004/2020042009385945.jpg	48359	d2c85b4ab6da9aad91e3392a9438aa00c540c22e0bb11cb2e64f51d9aaab969f	d2c85b4ab6da9aad91e3392a9438aa00c540c22e0bb11cb2e64f51d9aaab969f	
UploadFiles/UploadFiles/202004/2020042009390899.jpg	UploadFiles/UploadFiles/202004/2020042009390899.jpg	82262	9031ab0c2007c813d24c7e0b80c1aa077e5f418b230d0a91af13ddf4ad973473	9031ab0c2007c813d24c7e0b80c1aa077e5f418b230d0a91af13ddf4ad973473	
UploadFiles/UploadFiles/202004/2020042009393498.png	UploadFiles/UploadFiles/202004/2020042009393498.png	2020363	fa070741343ab360f813fe4113a81650964a8c90c91bc77297b2a0a926037341	fa070741343ab360f813fe4113a81650964a8c90c91bc77297b2a0a926037341	
UploadFiles/UploadFiles/202004/2020042009401376.png	UploadFiles/UploadFiles/202004/2020042009401376.png	1833887	0427c8c24e284cb4569b3ec54235aa5cc551d9c26bc4c85b5fcf5f251524d5ed	0427c8c24e284cb4569b3ec54235aa5cc551d9c26bc4c85b5fcf5f251524d5ed	
UploadFiles/UploadFiles/202004/2020042009402327.png	UploadFiles/UploadFiles/202004/2020042009402327.png	420641	88488d47d256530930a0249ceb11c5040f2c00129b7910aae6649bc5846d00b5	88488d47d256530930a0249ceb11c5040f2c00129b7910aae6649bc5846d00b5	
UploadFiles/UploadFiles/202004/2020042009432071.jpg	UploadFiles/UploadFiles/202004/2020042009432071.jpg	421200	94ed7c760bb414e915b766f511d1dbb423b5975b1de923b87551fce3780a069a	94ed7c760bb414e915b766f511d1dbb423b5975b1de923b87551fce3780a069a	
UploadFiles/UploadFiles/202004/2020042009434366.png	UploadFiles/UploadFiles/202004/2020042009434366.png	708393	08825805bf1ab57d981aac523b5321775b55594560777744733952488f6aac81	08825805bf1ab57d981aac523b5321775b55594560777744733952488f6aac81	
UploadFiles/UploadFiles/202004/2020042009435493.png	UploadFiles/UploadFiles/202004/2020042009435493.png	542494	550ce41a1efd0d6514294d84de976b93b1f49b1b0756bc7ad7a5a5203d095fda	550ce41a1efd0d6514294d84de976b93b1f49b1b0756bc7ad7a5a5203d095fda	
UploadFiles/UploadFiles/202004/2020042009440497.png	UploadFiles/UploadFiles/202004/2020042009440497.png	601096	b1b413eb6529d2ec20d268ec4896e6ed0f4c23d0cda545a70b4b1894bae61894	b1b413eb6529d2ec20d268ec4896e6ed0f4c23d0cda545a70b4b1894bae61894	
UploadFiles/UploadFiles/202004/2020042009442036.jpg	UploadFiles/UploadFiles/202004/2020042009442036.jpg	285758	9a403fa1dd529b6e0fed079376b49b4e2596e3888eefc696158b1130341b7d1c	9a403fa1dd529b6e0fed079376b49b4e2596e3888eefc696158b1130341b7d1c	
UploadFiles/UploadFiles/202004/2020042009443154.png	UploadFiles/UploadFiles/202004/2020042009443154.png	4295529	0f2752c0dff024774093ba4900b58ed012a4cd1d5b92a67be2d1ff1ceb505765	0f2752c0dff024774093ba4900b58ed012a4cd1d5b92a67be2d1ff1ceb505765	
UploadFiles/UploadFiles/202004/2020042009560725.jpg	UploadFiles/UploadFiles/202004/2020042009560725.jpg	142434	527736438538d42d4f058492e306e7d0c99fbb0b481d3cb1894c31bc30bf090f	527736438538d42d4f058492e306e7d0c99fbb0b481d3cb1894c31bc30bf090f	
UploadFiles/UploadFiles/202004/2020042009561780.jpg	UploadFiles/UploadFiles/202004/2020042009561780.jpg	118068	95bf47795dcd04e805863f9b78670e5b30e9579eea6cf40dfd43bdec52db1fc9	95bf47795dcd04e805863f9b78670e5b30e9579eea6cf40dfd43bdec52db1fc9	
UploadFiles/UploadFiles/202004/2020042009562819.jpg	UploadFiles/UploadFiles/202004/2020042009562819.jpg	124228	d0ef59091dbc3f62145cf4e99056da144181d3c2f7f953e2a77ebe84baaf109b	d0ef59091dbc3f62145cf4e99056da144181d3c2f7f953e2a77ebe84baaf109b	
UploadFiles/UploadFiles/202004/2020042009563848.jpg	UploadFiles/UploadFiles/202004/2020042009563848.jpg	4084706	2c8ab2143a4b8d03abe0681b4f61f97f6311e78f343ecef0a6fc3c3689bc0a2b	2c8ab2143a4b8d03abe0681b4f61f97f6311e78f343ecef0a6fc3c3689bc0a2b	
UploadFiles/UploadFiles/202004/2020042009564987.jpg	UploadFiles/UploadFiles/202004/2020042009564987.jpg	152563	6c9c77b25692c212bfe328f4048aa8930b9a3a4810c12af2a859750d7d39e2f8	6c9c77b25692c212bfe328f4048aa8930b9a3a4810c12af2a859750d7d39e2f8	
UploadFiles/UploadFiles/202004/2020042010013244.jpg	UploadFiles/UploadFiles/202004/2020042010013244.jpg	172624	b312679aa95095e8bc01200924e7e0f13572745f80010afee4639fe2a12365fe	b312679aa95095e8bc01200924e7e0f13572745f80010afee4639fe2a12365fe	
UploadFiles/UploadFiles/202004/2020042010014506.jpg	UploadFiles/UploadFiles/202004/2020042010014506.jpg	52022	a317e834936002877868db5487008c28b4e056ba3e976466745c170d37f145be	a317e834936002877868db5487008c28b4e056ba3e976466745c170d37f145be	
UploadFiles/UploadFiles/202004/2020042010024348.jpg	UploadFiles/UploadFiles/202004/2020042010024348.jpg	144250	acbd029e7bf84326e792f3271a455d466f95018fe64045f31ddaadb0b1167fe9	acbd029e7bf84326e792f3271a455d466f95018fe64045f31ddaadb0b1167fe9	
UploadFiles/UploadFiles/202004/2020042010025556.jpg	UploadFiles/UploadFiles/202004/2020042010025556.jpg	88038	92834585ba0d8b5b5967c735f88c1ef84cecaf67687bb692c8233c9dfd866cef	92834585ba0d8b5b5967c735f88c1ef84cecaf67687bb692c8233c9dfd866cef	
UploadFiles/UploadFiles/202004/2020042010030448.jpg	UploadFiles/UploadFiles/202004/2020042010030448.jpg	100610	b7a2b08c6096658024a3aa0b721f8325280879b9e97dc6a42ad79b4009187fa8	b7a2b08c6096658024a3aa0b721f8325280879b9e97dc6a42ad79b4009187fa8	
UploadFiles/UploadFiles/202004/2020042010061926.jpg	UploadFiles/UploadFiles/202004/2020042010061926.jpg	212047	551b14b6375a7fbcb027826bc2fcc0beeb67fbac6c5a9598cd8949c0bac0b82a	551b14b6375a7fbcb027826bc2fcc0beeb67fbac6c5a9598cd8949c0bac0b82a	
UploadFiles/UploadFiles/202004/2020042010061934.jpg	UploadFiles/UploadFiles/202004/2020042010061934.jpg	166637	0aa0e68626671a81fb0d32c855f4a2a539d8485b97ddeecc714236277b38c436	0aa0e68626671a81fb0d32c855f4a2a539d8485b97ddeecc714236277b38c436	
UploadFiles/UploadFiles/202004/2020042010063836.jpg	UploadFiles/UploadFiles/202004/2020042010063836.jpg	253561	e7c7088b20817b92a2664200350d85a1b4a10cb0d440d7cb7108b531ca92e14d	e7c7088b20817b92a2664200350d85a1b4a10cb0d440d7cb7108b531ca92e14d	
UploadFiles/UploadFiles/202004/2020042010063844.jpg	UploadFiles/UploadFiles/202004/2020042010063844.jpg	177675	1fe417fb30c8549a37920c7c1b7353724ae1911e7402f23b1b5cff33edecd4a1	1fe417fb30c8549a37920c7c1b7353724ae1911e7402f23b1b5cff33edecd4a1	
UploadFiles/UploadFiles/202004/2020042010101442.jpg	UploadFiles/UploadFiles/202004/2020042010101442.jpg	165102	efbcbd2721e92e7d5b8d7758b36e063a8bcf0bf3534d9a707d2b280ed3a1265c	efbcbd2721e92e7d5b8d7758b36e063a8bcf0bf3534d9a707d2b280ed3a1265c	
UploadFiles/UploadFiles/202004/2020042010103429.jpg	UploadFiles/UploadFiles/202004/2020042010103429.jpg	269941	b3cb90cdc7cf0440b93e63bc0109044724b0ac887a43a050db9b49f33ea2bef4	b3cb90cdc7cf0440b93e63bc0109044724b0ac887a43a050db9b49f33ea2bef4	
UploadFiles/UploadFiles/202004/2020042107543675.jpg	UploadFiles/UploadFiles/202004/2020042107543675.jpg	3349886	9fe9b1a45667fea566bdd7cfa8371ec6814b534253c3e8503db923636327bb6b	9fe9b1a45667fea566bdd7cfa8371ec6814b534253c3e8503db923636327bb6b	
UploadFiles/UploadFiles/202004/2020042117095460.png	UploadFiles/UploadFiles/202004/2020042117095460.png	188281	39def0b8989f129e00155ff6922bcf5f440d0aea37342f688b5827157ae47b40	39def0b8989f129e00155ff6922bcf5f440d0aea37342f688b5827157ae47b40	
UploadFiles/UploadFiles/202004/2020042117171990.png	UploadFiles/UploadFiles/202004/2020042117171990.png	160254	9ad5fbed4bb6b8a5f79c68fb1f6a63fd636b5d21ea3aee94e00c7932d027f10e	9ad5fbed4bb6b8a5f79c68fb1f6a63fd636b5d21ea3aee94e00c7932d027f10e	
UploadFiles/UploadFiles/202004/2020042117202104.png	UploadFiles/UploadFiles/202004/2020042117202104.png	198712	bf26b343164add35a8eeb2dcd9962cc7a4ff7030328d6e0a7f33d790c4892241	bf26b343164add35a8eeb2dcd9962cc7a4ff7030328d6e0a7f33d790c4892241	
UploadFiles/UploadFiles/202004/2020042216224892.jpg	UploadFiles/UploadFiles/202004/2020042216224892.jpg	126873	ee1637edc0aed2ac489deccc44af4821e8d3e1b4b26540a24e6dcbe9c42b21de	ee1637edc0aed2ac489deccc44af4821e8d3e1b4b26540a24e6dcbe9c42b21de	
UploadFiles/UploadFiles/202004/2020042216230682.jpg	UploadFiles/UploadFiles/202004/2020042216230682.jpg	108628	5a26f3ecf989c91f85d9b0feb3612c0507e3cb82a332e127777943b35b1aeca6	5a26f3ecf989c91f85d9b0feb3612c0507e3cb82a332e127777943b35b1aeca6	
UploadFiles/UploadFiles/202004/2020042216241140.jpg	UploadFiles/UploadFiles/202004/2020042216241140.jpg	84489	a76da652299e2ccc62de451668dd0ae3957a63673c819bd7b02abeeca1774027	a76da652299e2ccc62de451668dd0ae3957a63673c819bd7b02abeeca1774027	
UploadFiles/UploadFiles/202004/2020042216243905.jpg	UploadFiles/UploadFiles/202004/2020042216243905.jpg	31506	c6a61ff9680087ac383daf3a2d4e15abcd5bd9b16c1b65407118f6b686099800	c6a61ff9680087ac383daf3a2d4e15abcd5bd9b16c1b65407118f6b686099800	
UploadFiles/UploadFiles/202004/2020042216252445.jpg	UploadFiles/UploadFiles/202004/2020042216252445.jpg	332650	2c71bc1c522331028266c77d46eaae32f915dda9c363f901945020637115ff01	2c71bc1c522331028266c77d46eaae32f915dda9c363f901945020637115ff01	
UploadFiles/UploadFiles/202004/2020042216283046.jpg	UploadFiles/UploadFiles/202004/2020042216283046.jpg	91118	8a089803737d8f1e4fad4aa82047c1707fdfc12015ba3a87fd0da54f9e368430	8a089803737d8f1e4fad4aa82047c1707fdfc12015ba3a87fd0da54f9e368430	
UploadFiles/UploadFiles/202004/2020042216283943.jpg	UploadFiles/UploadFiles/202004/2020042216283943.jpg	50039	902e71c64432be5d38f415c2d1c5b2c7767515eceffc6deeb4792a3207695241	902e71c64432be5d38f415c2d1c5b2c7767515eceffc6deeb4792a3207695241	
UploadFiles/UploadFiles/202004/2020042216284905.jpg	UploadFiles/UploadFiles/202004/2020042216284905.jpg	154206	164ee36aa6559967084a31402b994f0f4359eb56231c0f9eb81d8ac4497f7851	164ee36aa6559967084a31402b994f0f4359eb56231c0f9eb81d8ac4497f7851	
UploadFiles/UploadFiles/202004/2020042216285822.jpg	UploadFiles/UploadFiles/202004/2020042216285822.jpg	67132	d70f043604f23f57ca545bf301defb816c4b9a9c6862b9bb83fade53b418c915	d70f043604f23f57ca545bf301defb816c4b9a9c6862b9bb83fade53b418c915	
UploadFiles/UploadFiles/202004/2020042216293262.jpg	UploadFiles/UploadFiles/202004/2020042216293262.jpg	74203	9a30f61fa84ef88675035d8c175cdef7ad612614100db54b70e40d1ef453c7e7	9a30f61fa84ef88675035d8c175cdef7ad612614100db54b70e40d1ef453c7e7	
UploadFiles/UploadFiles/202004/2020042216433991.jpg	UploadFiles/UploadFiles/202004/2020042216433991.jpg	185408	b660c2d1be65db65d1fb2116d083d2ad1c47cd716396314fa6cde0daf37daac3	b660c2d1be65db65d1fb2116d083d2ad1c47cd716396314fa6cde0daf37daac3	
UploadFiles/UploadFiles/202004/2020042216435163.jpg	UploadFiles/UploadFiles/202004/2020042216435163.jpg	114330	c74b76e1a86afc6dea93588b533031bc9c317edcba00442836fbbd5a2ff0c22e	c74b76e1a86afc6dea93588b533031bc9c317edcba00442836fbbd5a2ff0c22e	
UploadFiles/UploadFiles/202004/2020042216440162.jpg	UploadFiles/UploadFiles/202004/2020042216440162.jpg	161638	73fc8995c7eed2f79a9b470f75e9436c9559008edb60393545d8b6df41d06fc2	73fc8995c7eed2f79a9b470f75e9436c9559008edb60393545d8b6df41d06fc2	
UploadFiles/UploadFiles/202004/2020042216441363.jpg	UploadFiles/UploadFiles/202004/2020042216441363.jpg	103301	c08d9eea3d9ff6d02ac44d266277b75f905691e8f41d48eb77a623da78832cac	c08d9eea3d9ff6d02ac44d266277b75f905691e8f41d48eb77a623da78832cac	
UploadFiles/UploadFiles/202004/2020042216442445.jpg	UploadFiles/UploadFiles/202004/2020042216442445.jpg	193244	2079f2b1c0c89d83613ddb12af3d3dafd11da6de4d456c4e2d5e385d4a0e70d1	2079f2b1c0c89d83613ddb12af3d3dafd11da6de4d456c4e2d5e385d4a0e70d1	
UploadFiles/UploadFiles/202004/2020042309091182.png	UploadFiles/UploadFiles/202004/2020042309091182.png	81154	1ac447e92f28681a006ee62da9f888d8df100ce865e95299b180d3abc41fc412	1ac447e92f28681a006ee62da9f888d8df100ce865e95299b180d3abc41fc412	
UploadFiles/UploadFiles/202004/2020042309093232.png	UploadFiles/UploadFiles/202004/2020042309093232.png	77607	15b700a92b13318318b18d2eaa187bd409b3a806791959fe450366012f797071	15b700a92b13318318b18d2eaa187bd409b3a806791959fe450366012f797071	
UploadFiles/UploadFiles/202004/2020042309094017.png	UploadFiles/UploadFiles/202004/2020042309094017.png	53322	08a66f69f1aaed21bd3e9d27782864d0e186bc18759f2572849bd10222e53820	08a66f69f1aaed21bd3e9d27782864d0e186bc18759f2572849bd10222e53820	
UploadFiles/UploadFiles/202004/2020042309101254.png	UploadFiles/UploadFiles/202004/2020042309101254.png	9550	6dacd317e7e8883735ec336457afb2e934467860c8840acc9f4ccf20fe039cbf	6dacd317e7e8883735ec336457afb2e934467860c8840acc9f4ccf20fe039cbf	
UploadFiles/UploadFiles/202004/2020042309102950.png	UploadFiles/UploadFiles/202004/2020042309102950.png	9550	6dacd317e7e8883735ec336457afb2e934467860c8840acc9f4ccf20fe039cbf	6dacd317e7e8883735ec336457afb2e934467860c8840acc9f4ccf20fe039cbf	
UploadFiles/UploadFiles/202004/2020042309553657.jpg	UploadFiles/UploadFiles/202004/2020042309553657.jpg	139933	3c14f149ceb49bebec58bddcb08c0f8e67d92733882156a5befc6dd1b324caa6	3c14f149ceb49bebec58bddcb08c0f8e67d92733882156a5befc6dd1b324caa6	
UploadFiles/UploadFiles/202004/2020042408364661.jpg	UploadFiles/UploadFiles/202004/2020042408364661.jpg	506150	d00cd35dd327ebe4ee7d98512c47589b1ff5fffc5119d9c45bb52d939579abb0	d00cd35dd327ebe4ee7d98512c47589b1ff5fffc5119d9c45bb52d939579abb0	
UploadFiles/UploadFiles/202004/2020042409035085.jpg	UploadFiles/UploadFiles/202004/2020042409035085.jpg	346323	64c44ad3608085f70eebef83728ad22a9b4c63f510997e55a3f324a0adbf0478	64c44ad3608085f70eebef83728ad22a9b4c63f510997e55a3f324a0adbf0478	
UploadFiles/UploadFiles/202004/2020042409040181.jpg	UploadFiles/UploadFiles/202004/2020042409040181.jpg	48503	1e32bfe73d6d96720a7af7043103fc75597234bc0e1f8fc847f83152b8403353	1e32bfe73d6d96720a7af7043103fc75597234bc0e1f8fc847f83152b8403353	
UploadFiles/UploadFiles/202004/2020042409041181.jpg	UploadFiles/UploadFiles/202004/2020042409041181.jpg	8942	34ef07c8d9a9165ec93284387acada0b212abea877b1086348507c9a8433f288	34ef07c8d9a9165ec93284387acada0b212abea877b1086348507c9a8433f288	
UploadFiles/UploadFiles/202004/2020042409045450.jpg	UploadFiles/UploadFiles/202004/2020042409045450.jpg	202775	dd359780184dd2558519e2997273ac06f104d3bc78874ec7ff1c11902349d489	dd359780184dd2558519e2997273ac06f104d3bc78874ec7ff1c11902349d489	
UploadFiles/UploadFiles/202004/2020042409050799.jpg	UploadFiles/UploadFiles/202004/2020042409050799.jpg	226206	5960dd8d8b28576c9fa2b5f77c1d125a7ab71a5fcba0ca6c1984ec84ff12c3ed	5960dd8d8b28576c9fa2b5f77c1d125a7ab71a5fcba0ca6c1984ec84ff12c3ed	
UploadFiles/UploadFiles/202004/2020042412141588.jpg	UploadFiles/UploadFiles/202004/2020042412141588.jpg	1925530	0725549419954c5a361e9ff7a155527f8397c64df362b49f7f7144c453c244de	0725549419954c5a361e9ff7a155527f8397c64df362b49f7f7144c453c244de	
UploadFiles/UploadFiles/202004/2020042609405588.jpg	UploadFiles/UploadFiles/202004/2020042609405588.jpg	21535	fb7955c1962458ac4bcf84b33f1c5794eb755225a08736ffa89b05c8d2da0cd8	fb7955c1962458ac4bcf84b33f1c5794eb755225a08736ffa89b05c8d2da0cd8	
UploadFiles/UploadFiles/202004/2020042609411025.jpg	UploadFiles/UploadFiles/202004/2020042609411025.jpg	60512	12b75b534ed0f377abf202898a5c4dc50ba0d6919c17ff1525f6e963f206522d	12b75b534ed0f377abf202898a5c4dc50ba0d6919c17ff1525f6e963f206522d	
UploadFiles/UploadFiles/202004/2020042609412194.jpg	UploadFiles/UploadFiles/202004/2020042609412194.jpg	39874	6a2e884ebecf49374c7722fef5f709344a772dc1376399d6b24bd3012e5e463d	6a2e884ebecf49374c7722fef5f709344a772dc1376399d6b24bd3012e5e463d	
UploadFiles/UploadFiles/202004/2020042609413086.jpg	UploadFiles/UploadFiles/202004/2020042609413086.jpg	164314	858a0c42807745a288170808df0a6a9551fe65ef30300a5a0374885857a51b85	858a0c42807745a288170808df0a6a9551fe65ef30300a5a0374885857a51b85	
UploadFiles/UploadFiles/202004/2020042609414262.jpg	UploadFiles/UploadFiles/202004/2020042609414262.jpg	43279	a416c4d4498e8549cba9b70d1953f878e7c0e7f6e3352ab266c815ef7e114378	a416c4d4498e8549cba9b70d1953f878e7c0e7f6e3352ab266c815ef7e114378	
UploadFiles/UploadFiles/202004/2020042609461356.jpg	UploadFiles/UploadFiles/202004/2020042609461356.jpg	128420	9fe39530923880a2a8b4121c2ae2401ee0b505d1fdeb5a31a0bd450d4ce9d0fc	9fe39530923880a2a8b4121c2ae2401ee0b505d1fdeb5a31a0bd450d4ce9d0fc	
UploadFiles/UploadFiles/202004/2020042609463157.jpg	UploadFiles/UploadFiles/202004/2020042609463157.jpg	100880	55bde9c69baede52f37e8ae14e1fabcd07c82883ad1dc2a9bc374e7efb73857a	55bde9c69baede52f37e8ae14e1fabcd07c82883ad1dc2a9bc374e7efb73857a	
UploadFiles/UploadFiles/202004/2020042609463165.jpg	UploadFiles/UploadFiles/202004/2020042609463165.jpg	107980	ee968501615a161217a083e27dafb0c26e18621078f272d77f078aaf7a812e18	ee968501615a161217a083e27dafb0c26e18621078f272d77f078aaf7a812e18	
UploadFiles/UploadFiles/202004/2020042609464811.jpg	UploadFiles/UploadFiles/202004/2020042609464811.jpg	101429	fd5976011cb48c2dfb496e0a6bc96821dfc99110f0ca5389b726c0ea7c4f3739	fd5976011cb48c2dfb496e0a6bc96821dfc99110f0ca5389b726c0ea7c4f3739	
UploadFiles/UploadFiles/202004/2020042609470252.jpg	UploadFiles/UploadFiles/202004/2020042609470252.jpg	108420	689c5368f818144b6d5f453243dff89f0b3105dc92f270f1c675e7ce6c281b41	689c5368f818144b6d5f453243dff89f0b3105dc92f270f1c675e7ce6c281b41	
UploadFiles/UploadFiles/202004/2020042617014617.jpg	UploadFiles/UploadFiles/202004/2020042617014617.jpg	69362	0dac7fc705c1b18e3d652c8828ea29f6c7917c476eb803e43c5c927b01197f42	0dac7fc705c1b18e3d652c8828ea29f6c7917c476eb803e43c5c927b01197f42	
UploadFiles/UploadFiles/202004/2020042617015621.jpg	UploadFiles/UploadFiles/202004/2020042617015621.jpg	116863	419cb6db6661d6c1141a289a331ee2850ee42f14c04554fb7836c21431c87a81	419cb6db6661d6c1141a289a331ee2850ee42f14c04554fb7836c21431c87a81	
UploadFiles/UploadFiles/202004/2020042617020513.jpg	UploadFiles/UploadFiles/202004/2020042617020513.jpg	185162	f491b44b97b458a44da5e3787bca06733377b290f6d181d901c758be8078c2ad	f491b44b97b458a44da5e3787bca06733377b290f6d181d901c758be8078c2ad	
UploadFiles/UploadFiles/202004/2020042714015530.jpg	UploadFiles/UploadFiles/202004/2020042714015530.jpg	232782	404d14c64a7fcd2b07027727f4e036c97d98e07ff3107343b2bfd91799b18017	404d14c64a7fcd2b07027727f4e036c97d98e07ff3107343b2bfd91799b18017	
UploadFiles/UploadFiles/202004/2020042714020692.jpg	UploadFiles/UploadFiles/202004/2020042714020692.jpg	266107	672477b5af4cbe9e630c7f5f2b9582e483c7dbc8852329bce0fd9a51bb5f1b51	672477b5af4cbe9e630c7f5f2b9582e483c7dbc8852329bce0fd9a51bb5f1b51	
UploadFiles/UploadFiles/202004/2020042714022065.jpg	UploadFiles/UploadFiles/202004/2020042714022065.jpg	89613	14909ed1a12c534255526764cffa1bcbdd45c6a3fef5403f752a4807898754ab	14909ed1a12c534255526764cffa1bcbdd45c6a3fef5403f752a4807898754ab	
UploadFiles/UploadFiles/202004/2020042714023331.jpg	UploadFiles/UploadFiles/202004/2020042714023331.jpg	16689	d43573440111ad8d3b0026a00c9e870604bd37e5b93b613ef2479aaef799e8f7	d43573440111ad8d3b0026a00c9e870604bd37e5b93b613ef2479aaef799e8f7	
UploadFiles/UploadFiles/202004/2020042714024608.jpg	UploadFiles/UploadFiles/202004/2020042714024608.jpg	81745	ae9c6c6f03579e27ebc7ba103f505df1b240f93737f8e7726a617521cf8fa3d2	ae9c6c6f03579e27ebc7ba103f505df1b240f93737f8e7726a617521cf8fa3d2	
UploadFiles/UploadFiles/202004/2020042807431878.png	UploadFiles/UploadFiles/202004/2020042807431878.png	5414633	44e2b7223b03685ccf1ec361f6618791e870da542e21613c426f3009d41a5ac2	44e2b7223b03685ccf1ec361f6618791e870da542e21613c426f3009d41a5ac2	
UploadFiles/UploadFiles/202004/2020042909105398.jpg	UploadFiles/UploadFiles/202004/2020042909105398.jpg	47002	63f5fa2200ccf109f52396d4fc615019e4a8d322e6fce9b234e05154eaca86ec	63f5fa2200ccf109f52396d4fc615019e4a8d322e6fce9b234e05154eaca86ec	
UploadFiles/UploadFiles/202004/2020042909110335.jpg	UploadFiles/UploadFiles/202004/2020042909110335.jpg	673303	f2ec4b4a0b6e85298f4f7dc745c9223983d2a4ce91ca10143357f8d08fb4e425	f2ec4b4a0b6e85298f4f7dc745c9223983d2a4ce91ca10143357f8d08fb4e425	
UploadFiles/UploadFiles/202004/2020042909111763.jpg	UploadFiles/UploadFiles/202004/2020042909111763.jpg	137639	f6ca8f40a1384eb856fd5958c5aa1be1dad9da83455b5d8d2d9e7406911a4d8e	f6ca8f40a1384eb856fd5958c5aa1be1dad9da83455b5d8d2d9e7406911a4d8e	
UploadFiles/UploadFiles/202004/2020042909112808.jpg	UploadFiles/UploadFiles/202004/2020042909112808.jpg	49498	c21d83c8e0bc471371582668b144667209755143d588262c4e05a87dbc2a5a24	c21d83c8e0bc471371582668b144667209755143d588262c4e05a87dbc2a5a24	
UploadFiles/UploadFiles/202004/2020042909113926.jpg	UploadFiles/UploadFiles/202004/2020042909113926.jpg	27509	675ec0f72ed6bb416886ef07c8e5f9317103b713072d6cd4d235f6eceb8d43c0	675ec0f72ed6bb416886ef07c8e5f9317103b713072d6cd4d235f6eceb8d43c0	
UploadFiles/UploadFiles/202004/2020042909150740.jpg	UploadFiles/UploadFiles/202004/2020042909150740.jpg	54472	485b5c7d80d6966ca2b9594b68948c38fd4376b756670862af1a277b35546089	485b5c7d80d6966ca2b9594b68948c38fd4376b756670862af1a277b35546089	
UploadFiles/UploadFiles/202004/2020042909252853.jpg	UploadFiles/UploadFiles/202004/2020042909252853.jpg	101723	549a21f85ce9ef0e45b940a1317b87cbd228bc56d09959344862bcd82082fc95	549a21f85ce9ef0e45b940a1317b87cbd228bc56d09959344862bcd82082fc95	
UploadFiles/UploadFiles/202004/2020042909253909.jpg	UploadFiles/UploadFiles/202004/2020042909253909.jpg	150566	d23a77901741db9f4cf77af5407b5424d0eade53910aaf7d47e8bdc685d24cc9	d23a77901741db9f4cf77af5407b5424d0eade53910aaf7d47e8bdc685d24cc9	
UploadFiles/UploadFiles/202004/2020042909261007.jpg	UploadFiles/UploadFiles/202004/2020042909261007.jpg	148707	f1ce013815ff47956961cfdfd91230db3a62f5daa35c861f08a030703596f1cb	f1ce013815ff47956961cfdfd91230db3a62f5daa35c861f08a030703596f1cb	
UploadFiles/UploadFiles/202004/2020042909261015.jpg	UploadFiles/UploadFiles/202004/2020042909261015.jpg	172015	2364740fe05799e4400b3ac02a991498668e8ca30b0cb1208dfce5982e7f6edf	2364740fe05799e4400b3ac02a991498668e8ca30b0cb1208dfce5982e7f6edf	
UploadFiles/UploadFiles/202004/2020042909262222.jpg	UploadFiles/UploadFiles/202004/2020042909262222.jpg	119862	53ccefcc396b720f1a1cf98b4c67d7d4dcaaa7a5fab211bf2a94a9d22e9f1b7c	53ccefcc396b720f1a1cf98b4c67d7d4dcaaa7a5fab211bf2a94a9d22e9f1b7c	
UploadFiles/UploadFiles/202004/2020042915372608.jpg	UploadFiles/UploadFiles/202004/2020042915372608.jpg	225871	0c4753caac933c54e6fda22521d70e39bb5119ac3e798bc3a402451336092730	0c4753caac933c54e6fda22521d70e39bb5119ac3e798bc3a402451336092730	
UploadFiles/UploadFiles/202004/2020042915372609.jpg	UploadFiles/UploadFiles/202004/2020042915372609.jpg	188337	22770636402fcb2f1ec0eb5bcc5292bb5ae66d5a18b63d89321a6d03694aa504	22770636402fcb2f1ec0eb5bcc5292bb5ae66d5a18b63d89321a6d03694aa504	
UploadFiles/UploadFiles/202004/2020042915372617.jpg	UploadFiles/UploadFiles/202004/2020042915372617.jpg	223014	a287178753e6e8588b48ae1262d6b11c7ba68c28c08740b0ac42013dbfde9d40	a287178753e6e8588b48ae1262d6b11c7ba68c28c08740b0ac42013dbfde9d40	
UploadFiles/UploadFiles/202004/2020042915372618.jpg	UploadFiles/UploadFiles/202004/2020042915372618.jpg	129123	96ae0e6b5ec005af0d49c5accca5629acb63b558a7eefdc43c4f90dcaa0b6078	96ae0e6b5ec005af0d49c5accca5629acb63b558a7eefdc43c4f90dcaa0b6078	
UploadFiles/UploadFiles/202004/2020042915372627.jpg	UploadFiles/UploadFiles/202004/2020042915372627.jpg	227630	d215b105d0ee37056e1dd46447e70783f52fa0a1204d5db1a514267620ac5d4b	d215b105d0ee37056e1dd46447e70783f52fa0a1204d5db1a514267620ac5d4b	
UploadFiles/UploadFiles/202004/2020042915372637.jpg	UploadFiles/UploadFiles/202004/2020042915372637.jpg	191848	fa84acb3e5e0603f9a4f9ffe158960b4645c0321a7f1150c54bdc580945488b4	fa84acb3e5e0603f9a4f9ffe158960b4645c0321a7f1150c54bdc580945488b4	
UploadFiles/UploadFiles/202004/2020042915372687.jpg	UploadFiles/UploadFiles/202004/2020042915372687.jpg	211906	5f0a9ecbecf781b0f463bded4827fedb8537a4a973bf19231c7ee25d4280127e	5f0a9ecbecf781b0f463bded4827fedb8537a4a973bf19231c7ee25d4280127e	
UploadFiles/UploadFiles/202004/2020042915372690.jpg	UploadFiles/UploadFiles/202004/2020042915372690.jpg	210516	98ef265b2d50f4b7e9c047e4b6e83b3569a8b163132e6e534f03462cb90df975	98ef265b2d50f4b7e9c047e4b6e83b3569a8b163132e6e534f03462cb90df975	
UploadFiles/UploadFiles/202004/2020043009312409.jpg	UploadFiles/UploadFiles/202004/2020043009312409.jpg	112083	fad7460a44fbe4db0ba523b8b559703767c262f34b06ea1fd3aa7a0e80a6e09f	fad7460a44fbe4db0ba523b8b559703767c262f34b06ea1fd3aa7a0e80a6e09f	
UploadFiles/UploadFiles/202004/2020043009313451.jpg	UploadFiles/UploadFiles/202004/2020043009313451.jpg	25039	ee91ede0abba8a07cd01fa536c74ae1082c9b830b30c425bf6517dcd379d9fa7	ee91ede0abba8a07cd01fa536c74ae1082c9b830b30c425bf6517dcd379d9fa7	
UploadFiles/UploadFiles/202004/2020043009314306.jpg	UploadFiles/UploadFiles/202004/2020043009314306.jpg	64323	aff6762279de90e6588a37165355b84da3e64fb0311ced38aec909556489badb	aff6762279de90e6588a37165355b84da3e64fb0311ced38aec909556489badb	
UploadFiles/UploadFiles/202004/2020043009315206.jpg	UploadFiles/UploadFiles/202004/2020043009315206.jpg	65629	aedb8c4fda9461589cbeae03f4a45efb969c456d81196d92954072e6a5d1f258	aedb8c4fda9461589cbeae03f4a45efb969c456d81196d92954072e6a5d1f258	
UploadFiles/UploadFiles/202004/2020043009320344.jpg	UploadFiles/UploadFiles/202004/2020043009320344.jpg	158945	bae11402fcd797aa19b4a71dc75340282f6836affb18db882333aec5f30278f0	bae11402fcd797aa19b4a71dc75340282f6836affb18db882333aec5f30278f0	
UploadFiles/UploadFiles/202004/2020043009391229.jpg	UploadFiles/UploadFiles/202004/2020043009391229.jpg	136801	6ef3cbdd301014077ed1e566fd78a9f5abd1b3d46aba9a3940ca303e057a4d60	6ef3cbdd301014077ed1e566fd78a9f5abd1b3d46aba9a3940ca303e057a4d60	
UploadFiles/UploadFiles/202004/2020043009392986.jpg	UploadFiles/UploadFiles/202004/2020043009392986.jpg	133951	a73ef1d9a5da53f5b5b7460cb0df52c03d7c20f5fd37f9622ae351793dc9cc75	a73ef1d9a5da53f5b5b7460cb0df52c03d7c20f5fd37f9622ae351793dc9cc75	
UploadFiles/UploadFiles/202004/2020043009395389.jpg	UploadFiles/UploadFiles/202004/2020043009395389.jpg	145477	15025984b556fa0def28468675152954a6a5826f02ca3299acbe38037b0ac5fd	15025984b556fa0def28468675152954a6a5826f02ca3299acbe38037b0ac5fd	
UploadFiles/UploadFiles/202005/2020050509561939.jpg	UploadFiles/UploadFiles/202005/2020050509561939.jpg	73288	a1a3661fdfe63fd115c8e4bb3932cb7ff334c1596a03ffcf68900ad62c50580f	a1a3661fdfe63fd115c8e4bb3932cb7ff334c1596a03ffcf68900ad62c50580f	
UploadFiles/UploadFiles/202005/2020050509563045.jpg	UploadFiles/UploadFiles/202005/2020050509563045.jpg	153098	d779815ea4e09a289056d478e190cd62fc1c334926dcb7775459c939ac3599ae	d779815ea4e09a289056d478e190cd62fc1c334926dcb7775459c939ac3599ae	
UploadFiles/UploadFiles/202005/2020050509564158.jpg	UploadFiles/UploadFiles/202005/2020050509564158.jpg	148879	f09c655676750977767dc3e76cebdababdf65ed78c8a9632e4f6b7b4a755841b	f09c655676750977767dc3e76cebdababdf65ed78c8a9632e4f6b7b4a755841b	
UploadFiles/UploadFiles/202005/2020050509565562.jpg	UploadFiles/UploadFiles/202005/2020050509565562.jpg	3069741	aeb6838db59afea7ca1214957adeb9dec51944a138a2bc555028a04483021da0	aeb6838db59afea7ca1214957adeb9dec51944a138a2bc555028a04483021da0	
UploadFiles/UploadFiles/202005/2020050509571107.jpg	UploadFiles/UploadFiles/202005/2020050509571107.jpg	37044	ed3e4cfeba2b2e0e39cc211ac9af530d0df9b2c01e8e9da854954285a23dc590	ed3e4cfeba2b2e0e39cc211ac9af530d0df9b2c01e8e9da854954285a23dc590	
UploadFiles/UploadFiles/202005/2020050714243822.jpg	UploadFiles/UploadFiles/202005/2020050714243822.jpg	369281	53d07bea3685c4d82e9b1d592f770e73961a4e01f04c24e7682001c988d756fd	53d07bea3685c4d82e9b1d592f770e73961a4e01f04c24e7682001c988d756fd	
UploadFiles/UploadFiles/202005/2020050714245023.jpg	UploadFiles/UploadFiles/202005/2020050714245023.jpg	1064028	a4c00e3a3ed342004f7dfab9c45fc1a6cea337ed8abbca4dc5a8a2a5043ea089	a4c00e3a3ed342004f7dfab9c45fc1a6cea337ed8abbca4dc5a8a2a5043ea089	
UploadFiles/UploadFiles/202005/2020050714253184.jpg	UploadFiles/UploadFiles/202005/2020050714253184.jpg	9919	24ccc5fa284a98517472807c0ad8cfc847a7823e55d5c012014f7560b3418460	24ccc5fa284a98517472807c0ad8cfc847a7823e55d5c012014f7560b3418460	
UploadFiles/UploadFiles/202005/2020050714260435.jpg	UploadFiles/UploadFiles/202005/2020050714260435.jpg	100073	6fcd8ab0bf2f2c7053642eadaba68a9363a774dfc0975a80b82c341f3614bdd5	6fcd8ab0bf2f2c7053642eadaba68a9363a774dfc0975a80b82c341f3614bdd5	
UploadFiles/UploadFiles/202005/2020050714262131.jpg	UploadFiles/UploadFiles/202005/2020050714262131.jpg	6051	4d641be98e106ec041692f5be54641726404462fe36de1ef759e79d57881e01d	4d641be98e106ec041692f5be54641726404462fe36de1ef759e79d57881e01d	
UploadFiles/UploadFiles/202005/2020050714265206.jpg	UploadFiles/UploadFiles/202005/2020050714265206.jpg	1144997	437a607338eed3de6145921ae2a4a1b88582a7e4b7a3cec6728cc3eb44200c01	437a607338eed3de6145921ae2a4a1b88582a7e4b7a3cec6728cc3eb44200c01	
UploadFiles/UploadFiles/202005/2020050714270641.jpg	UploadFiles/UploadFiles/202005/2020050714270641.jpg	119154	a9b832d74d5e17d07ec0498363094c3448c7f99a06f7df527323873f32eb8eb3	a9b832d74d5e17d07ec0498363094c3448c7f99a06f7df527323873f32eb8eb3	
UploadFiles/UploadFiles/202005/2020050811035839.png	UploadFiles/UploadFiles/202005/2020050811035839.png	4529574	c2d9893166e0eabe6ced15edcf74c56a906b62c67eb4dd302aad8e738e6f9cae	c2d9893166e0eabe6ced15edcf74c56a906b62c67eb4dd302aad8e738e6f9cae	
UploadFiles/UploadFiles/202005/2020050814445740.jpg	UploadFiles/UploadFiles/202005/2020050814445740.jpg	56074	4d84ee69109b7f1005b2aad4311d92d778c7df6318d6107b9a764c9fc508105b	4d84ee69109b7f1005b2aad4311d92d778c7df6318d6107b9a764c9fc508105b	
UploadFiles/UploadFiles/202005/2020050814450586.jpg	UploadFiles/UploadFiles/202005/2020050814450586.jpg	58989	1066e6910d8a5b42e18708f3642bcdde20e02dc498d9dc8067100a56ab18432f	1066e6910d8a5b42e18708f3642bcdde20e02dc498d9dc8067100a56ab18432f	
UploadFiles/UploadFiles/202005/2020050814451484.jpg	UploadFiles/UploadFiles/202005/2020050814451484.jpg	2590571	d90742e0082bad4fa01fca3119559a9bd662f0579c933d5764fc0169a9c1023d	d90742e0082bad4fa01fca3119559a9bd662f0579c933d5764fc0169a9c1023d	
UploadFiles/UploadFiles/202005/2020050814452940.png	UploadFiles/UploadFiles/202005/2020050814452940.png	236341	491a8c62a5b8fe8490fdd1d7524c88dd68b02b69ae0bdf0c73fe9e5aac8d2764	491a8c62a5b8fe8490fdd1d7524c88dd68b02b69ae0bdf0c73fe9e5aac8d2764	
UploadFiles/UploadFiles/202005/2020050814453844.png	UploadFiles/UploadFiles/202005/2020050814453844.png	106769	5c7534443390e88c42445cc5119e0635eab65c441d377160d99e319cbf0d3948	5c7534443390e88c42445cc5119e0635eab65c441d377160d99e319cbf0d3948	
UploadFiles/UploadFiles/202005/2020050814455319.jpg	UploadFiles/UploadFiles/202005/2020050814455319.jpg	696818	8093c2dacd114cec6cda9bb1ec11ca34c60dfc79f98d2968a42d2296a1adeee5	8093c2dacd114cec6cda9bb1ec11ca34c60dfc79f98d2968a42d2296a1adeee5	
UploadFiles/UploadFiles/202005/2020050814460508.jpg	UploadFiles/UploadFiles/202005/2020050814460508.jpg	2694866	e0eee7a4a3d2836cf68e2207ff100b547176cf170410d0eecf3f4478383fa2e3	e0eee7a4a3d2836cf68e2207ff100b547176cf170410d0eecf3f4478383fa2e3	
UploadFiles/UploadFiles/202005/2020050814461961.jpg	UploadFiles/UploadFiles/202005/2020050814461961.jpg	2150863	08b7aace27245f5db53ab5241cc1c31dae18663820353292c7911e0f1a3bfbbd	08b7aace27245f5db53ab5241cc1c31dae18663820353292c7911e0f1a3bfbbd	
UploadFiles/UploadFiles/202005/2020050814463352.jpg	UploadFiles/UploadFiles/202005/2020050814463352.jpg	2481420	0586d6b6defc5e9c24b4268f02034fb32120a5c8b74e726764dd91ad7d127847	0586d6b6defc5e9c24b4268f02034fb32120a5c8b74e726764dd91ad7d127847	
UploadFiles/UploadFiles/202005/2020050815301787.png	UploadFiles/UploadFiles/202005/2020050815301787.png	393497	19417f496fcfba929326557ebc834b6a5588fbcea45bb7caa995ccbe668f4b4c	19417f496fcfba929326557ebc834b6a5588fbcea45bb7caa995ccbe668f4b4c	
UploadFiles/UploadFiles/202005/2020051211570406.png	UploadFiles/UploadFiles/202005/2020051211570406.png	5172418	49312a021603660e2cf4a390a84c3257ee8002e049c97d83ac2d6be126181f88	49312a021603660e2cf4a390a84c3257ee8002e049c97d83ac2d6be126181f88	
UploadFiles/UploadFiles/202005/2020051215384735.jpg	UploadFiles/UploadFiles/202005/2020051215384735.jpg	170895	a9408e2a295c542d6b1b5b5403cd3e0df81ea81772f41618a2275f67883f626a	a9408e2a295c542d6b1b5b5403cd3e0df81ea81772f41618a2275f67883f626a	
UploadFiles/UploadFiles/202005/2020051215384737.jpg	UploadFiles/UploadFiles/202005/2020051215384737.jpg	177995	10653d64483d721969839fbaf52f537b22606d7140b74b8ff6778e0ee45eb879	10653d64483d721969839fbaf52f537b22606d7140b74b8ff6778e0ee45eb879	
UploadFiles/UploadFiles/202005/2020051215384795.jpg	UploadFiles/UploadFiles/202005/2020051215384795.jpg	173410	ca294fd172d7bddf2aba9945e09042b3b7e15442e742af9cdbf6066d5ae2a211	ca294fd172d7bddf2aba9945e09042b3b7e15442e742af9cdbf6066d5ae2a211	
UploadFiles/UploadFiles/202005/2020051215400304.jpg	UploadFiles/UploadFiles/202005/2020051215400304.jpg	57647	ebabad22629f377c5ae5fc80787cabd44d20115a6da3f4a3824ea5a5435bb487	ebabad22629f377c5ae5fc80787cabd44d20115a6da3f4a3824ea5a5435bb487	
UploadFiles/UploadFiles/202005/2020051215400360.jpg	UploadFiles/UploadFiles/202005/2020051215400360.jpg	176956	d6b4b5729e04648402fd0b4c91399dc4b729a49fb14af9d8a38c1f9a78a338ba	d6b4b5729e04648402fd0b4c91399dc4b729a49fb14af9d8a38c1f9a78a338ba	
UploadFiles/UploadFiles/202005/2020051215400363.jpg	UploadFiles/UploadFiles/202005/2020051215400363.jpg	194529	d7d5832b1c8023f3bf48b2cec6c121e8247b683fe673080fb62f54ac902fec75	d7d5832b1c8023f3bf48b2cec6c121e8247b683fe673080fb62f54ac902fec75	
UploadFiles/UploadFiles/202005/2020051215400381.jpg	UploadFiles/UploadFiles/202005/2020051215400381.jpg	197803	f219ee3c944e3c59450fdc99e95c0d95deb333b371da0210135e12f1d6008b4f	f219ee3c944e3c59450fdc99e95c0d95deb333b371da0210135e12f1d6008b4f	
UploadFiles/UploadFiles/202005/2020051215400382.jpg	UploadFiles/UploadFiles/202005/2020051215400382.jpg	183323	7551bce449b4b44c234a31ac77db9cade37594b4002d4151616c150800abcc2d	7551bce449b4b44c234a31ac77db9cade37594b4002d4151616c150800abcc2d	
UploadFiles/UploadFiles/202005/2020051215400384.jpg	UploadFiles/UploadFiles/202005/2020051215400384.jpg	205930	524cd5a9206e415570bce7d6865e8bf6fc0e35b4487439860aef7845f4f3327f	524cd5a9206e415570bce7d6865e8bf6fc0e35b4487439860aef7845f4f3327f	
UploadFiles/UploadFiles/202005/2020051215400399.jpg	UploadFiles/UploadFiles/202005/2020051215400399.jpg	213337	7abb6963fce8861a9057b85468a278798fa1f2cd8e3773d350c1fd8e395d0504	7abb6963fce8861a9057b85468a278798fa1f2cd8e3773d350c1fd8e395d0504	
UploadFiles/UploadFiles/202005/2020051308370689.jpg	UploadFiles/UploadFiles/202005/2020051308370689.jpg	181573	f5b57758ffef09aa6bc8a83c530ebefbf741518d730fe4c6ac92ff159244edd8	f5b57758ffef09aa6bc8a83c530ebefbf741518d730fe4c6ac92ff159244edd8	
UploadFiles/UploadFiles/202005/2020051308391314.jpg	UploadFiles/UploadFiles/202005/2020051308391314.jpg	180725	b71aea438c6e37c1ebe54ede9693d4bf6a773899f47e3e8e8a7154fc073a998c	b71aea438c6e37c1ebe54ede9693d4bf6a773899f47e3e8e8a7154fc073a998c	
UploadFiles/UploadFiles/202005/2020051308394331.jpg	UploadFiles/UploadFiles/202005/2020051308394331.jpg	96828	60894432f8488839a30d78d0103e130754e7686a98745360119b560ba87f4b1e	60894432f8488839a30d78d0103e130754e7686a98745360119b560ba87f4b1e	
UploadFiles/UploadFiles/202005/2020051308394339.jpg	UploadFiles/UploadFiles/202005/2020051308394339.jpg	189174	b14f436d2f54c2d416f452e686b2f5b14fb8e54ddd09933dbde3c2757a7d2a21	b14f436d2f54c2d416f452e686b2f5b14fb8e54ddd09933dbde3c2757a7d2a21	
UploadFiles/UploadFiles/202005/2020051416184082.png	UploadFiles/UploadFiles/202005/2020051416184082.png	367472	ed11cda793b4cca6977008886b6a5880f574915fed71eb2ccf7db24df659a118	ed11cda793b4cca6977008886b6a5880f574915fed71eb2ccf7db24df659a118	
UploadFiles/UploadFiles/202005/2020051416195628.png	UploadFiles/UploadFiles/202005/2020051416195628.png	371836	6871b4fd81b1ac2690c83afef637aa46a0ac3f20256d5de2c5d360b012a55efa	6871b4fd81b1ac2690c83afef637aa46a0ac3f20256d5de2c5d360b012a55efa	
UploadFiles/UploadFiles/202005/2020051416202024.png	UploadFiles/UploadFiles/202005/2020051416202024.png	12085	8d43ec7bbba1cd7526b2edbc0c6b5493874d7cc253942800b5dfd8282a2468ac	8d43ec7bbba1cd7526b2edbc0c6b5493874d7cc253942800b5dfd8282a2468ac	
UploadFiles/UploadFiles/202005/2020051416204389.png	UploadFiles/UploadFiles/202005/2020051416204389.png	25924	87bff3d9affdd2b469631d963f68fb542f707c33658319a47a16b3ef2c9aaca6	87bff3d9affdd2b469631d963f68fb542f707c33658319a47a16b3ef2c9aaca6	
UploadFiles/UploadFiles/202005/2020051416212172.png	UploadFiles/UploadFiles/202005/2020051416212172.png	25924	87bff3d9affdd2b469631d963f68fb542f707c33658319a47a16b3ef2c9aaca6	87bff3d9affdd2b469631d963f68fb542f707c33658319a47a16b3ef2c9aaca6	
UploadFiles/UploadFiles/202005/2020051416215366.png	UploadFiles/UploadFiles/202005/2020051416215366.png	69099	36a5700abf0cc2d430b6aba61c68cce21683cd1ff8b17baaf90e38a67faeb651	36a5700abf0cc2d430b6aba61c68cce21683cd1ff8b17baaf90e38a67faeb651	
UploadFiles/UploadFiles/202005/2020051416230311.png	UploadFiles/UploadFiles/202005/2020051416230311.png	69099	36a5700abf0cc2d430b6aba61c68cce21683cd1ff8b17baaf90e38a67faeb651	36a5700abf0cc2d430b6aba61c68cce21683cd1ff8b17baaf90e38a67faeb651	
UploadFiles/UploadFiles/202005/2020051416235875.png	UploadFiles/UploadFiles/202005/2020051416235875.png	69099	36a5700abf0cc2d430b6aba61c68cce21683cd1ff8b17baaf90e38a67faeb651	36a5700abf0cc2d430b6aba61c68cce21683cd1ff8b17baaf90e38a67faeb651	
UploadFiles/UploadFiles/202005/2020051507574754.png	UploadFiles/UploadFiles/202005/2020051507574754.png	5069192	4fc47316abcc0007cae0af957182e9d8b33f2d6ae073d8c90981e8b8177aee0c	4fc47316abcc0007cae0af957182e9d8b33f2d6ae073d8c90981e8b8177aee0c	
UploadFiles/UploadFiles/202005/2020051507580796.png	UploadFiles/UploadFiles/202005/2020051507580796.png	5069192	4fc47316abcc0007cae0af957182e9d8b33f2d6ae073d8c90981e8b8177aee0c	4fc47316abcc0007cae0af957182e9d8b33f2d6ae073d8c90981e8b8177aee0c	
UploadFiles/UploadFiles/202005/2020051514103707.jpg	UploadFiles/UploadFiles/202005/2020051514103707.jpg	405446	c7ef094b0956156776476103a6b7651fdadd00091ea15b0b204d8958e4e81be4	c7ef094b0956156776476103a6b7651fdadd00091ea15b0b204d8958e4e81be4	
UploadFiles/UploadFiles/202005/2020051614183102.jpg	UploadFiles/UploadFiles/202005/2020051614183102.jpg	107966	15c288f9f3a36c28fe3f8dfb42a3786056bee126bbd4e7c3c8f24c44398db63c	15c288f9f3a36c28fe3f8dfb42a3786056bee126bbd4e7c3c8f24c44398db63c	
UploadFiles/UploadFiles/202005/2020051614183110.jpg	UploadFiles/UploadFiles/202005/2020051614183110.jpg	111661	014a2766d413c896c84aea354d9e05aa55cfb136da91ee04718209dbc2f4d9be	014a2766d413c896c84aea354d9e05aa55cfb136da91ee04718209dbc2f4d9be	
UploadFiles/UploadFiles/202005/2020051614183185.jpg	UploadFiles/UploadFiles/202005/2020051614183185.jpg	204429	351123e126efb77a327962d3018040f2b98035ba0d11e79b639746263dcb606a	351123e126efb77a327962d3018040f2b98035ba0d11e79b639746263dcb606a	
UploadFiles/UploadFiles/202005/2020051814455110.jpg	UploadFiles/UploadFiles/202005/2020051814455110.jpg	98880	c5c79cbfbce1b36020706663e1357b53d75d563b36ce425461923b8d9ef17092	c5c79cbfbce1b36020706663e1357b53d75d563b36ce425461923b8d9ef17092	
UploadFiles/UploadFiles/202005/2020051814460437.jpg	UploadFiles/UploadFiles/202005/2020051814460437.jpg	103323	5b36d81722fb88f89c1e85deedcbbcc144b93029e2c12adad85a174cf3a536d1	5b36d81722fb88f89c1e85deedcbbcc144b93029e2c12adad85a174cf3a536d1	
UploadFiles/UploadFiles/202005/2020051815283257.jpg	UploadFiles/UploadFiles/202005/2020051815283257.jpg	535787	8dbf64309d66fefeb01253c6853c70a7fb7f6578412df4da5358881082f77d71	8dbf64309d66fefeb01253c6853c70a7fb7f6578412df4da5358881082f77d71	
UploadFiles/UploadFiles/202005/2020051916273182.png	UploadFiles/UploadFiles/202005/2020051916273182.png	5581469	99304f26f5e69d6f1a8b7d15c46984e246762f801580d54f577dbbda76c8e373	99304f26f5e69d6f1a8b7d15c46984e246762f801580d54f577dbbda76c8e373	
UploadFiles/UploadFiles/202005/2020052110415942.png	UploadFiles/UploadFiles/202005/2020052110415942.png	195421	c84524d5d5bdc2b6fa62d3421f926bfa7dbdf95821e8b8f446785abdbc4f066a	c84524d5d5bdc2b6fa62d3421f926bfa7dbdf95821e8b8f446785abdbc4f066a	
UploadFiles/UploadFiles/202005/2020052209320724.jpg	UploadFiles/UploadFiles/202005/2020052209320724.jpg	196401	1566e0bba9f62862fdfd313ee26c6c3ba78e98fd728b9d750e98023108837e46	1566e0bba9f62862fdfd313ee26c6c3ba78e98fd728b9d750e98023108837e46	
UploadFiles/UploadFiles/202005/2020052209321968.jpg	UploadFiles/UploadFiles/202005/2020052209321968.jpg	144443	2ad9828ab62e582a6ff85bb9139c204d241303fe5144ef06e2e2da247aaeb9a4	2ad9828ab62e582a6ff85bb9139c204d241303fe5144ef06e2e2da247aaeb9a4	
UploadFiles/UploadFiles/202005/2020052307505139.png	UploadFiles/UploadFiles/202005/2020052307505139.png	4992961	1e3c53b4c7e9ec14e115ad4295d7b356592a44ea75f72f9d240172a003c3a8cf	1e3c53b4c7e9ec14e115ad4295d7b356592a44ea75f72f9d240172a003c3a8cf	
UploadFiles/UploadFiles/202005/2020052608082823.png	UploadFiles/UploadFiles/202005/2020052608082823.png	5404546	0a555f6fd1c2d75e05af3e81a929b0a32cf3e3ace3f8511f687f533f4d4ee7b3	0a555f6fd1c2d75e05af3e81a929b0a32cf3e3ace3f8511f687f533f4d4ee7b3	
UploadFiles/UploadFiles/202005/2020052608464167.png	UploadFiles/UploadFiles/202005/2020052608464167.png	46828	8f5e780aa0d3236d33b9cc684bad80429e65ee9976cdb4e3020d3560a254e464	8f5e780aa0d3236d33b9cc684bad80429e65ee9976cdb4e3020d3560a254e464	
UploadFiles/UploadFiles/202005/2020052616121673.jpg	UploadFiles/UploadFiles/202005/2020052616121673.jpg	1130529	b01243381eb2feb8e6031c14f6db047e8207bc6a88b5cee2715ab2638ef942fc	b01243381eb2feb8e6031c14f6db047e8207bc6a88b5cee2715ab2638ef942fc	
UploadFiles/UploadFiles/202005/2020052807490364.png	UploadFiles/UploadFiles/202005/2020052807490364.png	4756555	8c651546c3406f737a842f92abd185c700a3e2a1ccfd2e3c4806bc00108ac9a8	8c651546c3406f737a842f92abd185c700a3e2a1ccfd2e3c4806bc00108ac9a8	
UploadFiles/UploadFiles/202005/2020052814161340.png	UploadFiles/UploadFiles/202005/2020052814161340.png	5014487	ee50199bc9668518f99a0a3db0c3381b45ea220ee3d3ff49c8f3f69e1f01621f	ee50199bc9668518f99a0a3db0c3381b45ea220ee3d3ff49c8f3f69e1f01621f	
UploadFiles/UploadFiles/202005/2020052814163117.png	UploadFiles/UploadFiles/202005/2020052814163117.png	5014487	ee50199bc9668518f99a0a3db0c3381b45ea220ee3d3ff49c8f3f69e1f01621f	ee50199bc9668518f99a0a3db0c3381b45ea220ee3d3ff49c8f3f69e1f01621f	
UploadFiles/UploadFiles/202005/2020052814164868.png	UploadFiles/UploadFiles/202005/2020052814164868.png	5014487	ee50199bc9668518f99a0a3db0c3381b45ea220ee3d3ff49c8f3f69e1f01621f	ee50199bc9668518f99a0a3db0c3381b45ea220ee3d3ff49c8f3f69e1f01621f	
UploadFiles/UploadFiles/202005/2020053011341321.jpg	UploadFiles/UploadFiles/202005/2020053011341321.jpg	63539	113fe90aeba07e2d94eb2cb538fe84dcb58aed2e19da0d0a430a40ee9585feed	113fe90aeba07e2d94eb2cb538fe84dcb58aed2e19da0d0a430a40ee9585feed	
UploadFiles/UploadFiles/202006/2020060114023361.png	UploadFiles/UploadFiles/202006/2020060114023361.png	21700	24cab41f067ec73ebbe612861691f82e9a5a2ddc3c344a1d3f17f7bf3b624c0f	24cab41f067ec73ebbe612861691f82e9a5a2ddc3c344a1d3f17f7bf3b624c0f	
UploadFiles/UploadFiles/202006/2020060114230377.jpg	UploadFiles/UploadFiles/202006/2020060114230377.jpg	99400	812952b31975c9742f621f76bd218f1cee1b236f5c17390ef6fd89b1b1fc4ec3	812952b31975c9742f621f76bd218f1cee1b236f5c17390ef6fd89b1b1fc4ec3	
UploadFiles/UploadFiles/202006/2020060114230385.jpg	UploadFiles/UploadFiles/202006/2020060114230385.jpg	140093	dac72d50f2d5d26d48a19ba0e3dc90ff1207c902d69f42f89d1c30203f8875d0	dac72d50f2d5d26d48a19ba0e3dc90ff1207c902d69f42f89d1c30203f8875d0	
UploadFiles/UploadFiles/202006/2020060114232516.jpg	UploadFiles/UploadFiles/202006/2020060114232516.jpg	184975	04c2852817ce0217b83ec1f6e394282552a5d7cf63fd918af3cbdc6a4ed0c401	04c2852817ce0217b83ec1f6e394282552a5d7cf63fd918af3cbdc6a4ed0c401	
UploadFiles/UploadFiles/202006/2020060114232524.jpg	UploadFiles/UploadFiles/202006/2020060114232524.jpg	152411	cc653b23f18f128d4a553defc00482363b19ac9e5196d5690ef021fddc088048	cc653b23f18f128d4a553defc00482363b19ac9e5196d5690ef021fddc088048	
UploadFiles/UploadFiles/202006/2020060115412905.jpg	UploadFiles/UploadFiles/202006/2020060115412905.jpg	72371	190cd75698ac1f73b68e582319f1738d508b0c16723680ee121e27cc4e69dbcd	190cd75698ac1f73b68e582319f1738d508b0c16723680ee121e27cc4e69dbcd	
UploadFiles/UploadFiles/202006/2020060115412974.jpg	UploadFiles/UploadFiles/202006/2020060115412974.jpg	92991	f07b9e4a2b3df2b7620b3bbf60756f3bf54e7dbefc5180817064f4fcf4f85376	f07b9e4a2b3df2b7620b3bbf60756f3bf54e7dbefc5180817064f4fcf4f85376	
UploadFiles/UploadFiles/202006/2020060115412995.jpg	UploadFiles/UploadFiles/202006/2020060115412995.jpg	80308	2deee994627e8e28276b16ee257675c6c2f2f09c3a9bae7e06ace7cc3b078993	2deee994627e8e28276b16ee257675c6c2f2f09c3a9bae7e06ace7cc3b078993	
UploadFiles/UploadFiles/202006/2020060115415520.jpg	UploadFiles/UploadFiles/202006/2020060115415520.jpg	78379	c75fcd4680bb6e012a44d2c25d12edf8b20589d24a305eb2f9e47faf7eeaeaa5	c75fcd4680bb6e012a44d2c25d12edf8b20589d24a305eb2f9e47faf7eeaeaa5	
UploadFiles/UploadFiles/202006/2020060115415528.jpg	UploadFiles/UploadFiles/202006/2020060115415528.jpg	86322	f6afcc4678a220d27df46ff12a4b51c2e7573aada50cd196cf8c851311580407	f6afcc4678a220d27df46ff12a4b51c2e7573aada50cd196cf8c851311580407	
UploadFiles/UploadFiles/202006/2020060115415597.jpg	UploadFiles/UploadFiles/202006/2020060115415597.jpg	75567	170c87ab81053e8381f28260108faa28c2c35bc140fa4b78f275cef663ea35b6	170c87ab81053e8381f28260108faa28c2c35bc140fa4b78f275cef663ea35b6	
UploadFiles/UploadFiles/202006/2020060115421433.jpg	UploadFiles/UploadFiles/202006/2020060115421433.jpg	169125	b48d2c60bc49eb5bc37491a8a5c46f4e8fa7c9e277c069464a7adec91c1bb75d	b48d2c60bc49eb5bc37491a8a5c46f4e8fa7c9e277c069464a7adec91c1bb75d	
UploadFiles/UploadFiles/202006/2020060115421454.jpg	UploadFiles/UploadFiles/202006/2020060115421454.jpg	100983	ba38ead53f82ce76296c358004f0536ba2086f8e85e786d4ae5f7304bd148e73	ba38ead53f82ce76296c358004f0536ba2086f8e85e786d4ae5f7304bd148e73	
UploadFiles/UploadFiles/202006/2020060115421463.jpg	UploadFiles/UploadFiles/202006/2020060115421463.jpg	93799	eb938e0e313e10cf70f14b754751ca3c70ab3e88dcc3eeb13a5465ad5b0257bc	eb938e0e313e10cf70f14b754751ca3c70ab3e88dcc3eeb13a5465ad5b0257bc	
UploadFiles/UploadFiles/202006/2020060608411309.png	UploadFiles/UploadFiles/202006/2020060608411309.png	4733416	a3bc560206ba778bb0e4f2e0319502ea6955a62d7eb63f02269ee28ebeaaa5a1	a3bc560206ba778bb0e4f2e0319502ea6955a62d7eb63f02269ee28ebeaaa5a1	
UploadFiles/UploadFiles/202006/2020060909040596.png	UploadFiles/UploadFiles/202006/2020060909040596.png	5394582	05fa3ddb467832c4c58cfbe85ad9c009d56796aa7b22082ee4fd9c1b136281cd	05fa3ddb467832c4c58cfbe85ad9c009d56796aa7b22082ee4fd9c1b136281cd	
UploadFiles/UploadFiles/202006/2020060915230984.png	UploadFiles/UploadFiles/202006/2020060915230984.png	5209963	8a342219c58685153d24b61e449f5950b99b1a6501646015755b9d7117ab2393	8a342219c58685153d24b61e449f5950b99b1a6501646015755b9d7117ab2393	
UploadFiles/UploadFiles/202006/2020061012315765.png	UploadFiles/UploadFiles/202006/2020061012315765.png	5398205	ba1bb3b02d0736879419d433d0c2c00f1818e369443fc42a8a0ff72469e85815	ba1bb3b02d0736879419d433d0c2c00f1818e369443fc42a8a0ff72469e85815	
UploadFiles/UploadFiles/202006/2020061116570908.jpg	UploadFiles/UploadFiles/202006/2020061116570908.jpg	70619	35525ca59dd993869da4638a979dd0e95c43c323b3658f8eeeed407298e2d6c1	35525ca59dd993869da4638a979dd0e95c43c323b3658f8eeeed407298e2d6c1	
UploadFiles/UploadFiles/202006/2020061116572015.jpg	UploadFiles/UploadFiles/202006/2020061116572015.jpg	121823	9f288c4d6a07c8227d4645d2d74591f8528da0704035284621340e59ea775fd7	9f288c4d6a07c8227d4645d2d74591f8528da0704035284621340e59ea775fd7	
UploadFiles/UploadFiles/202006/2020061212254621.png	UploadFiles/UploadFiles/202006/2020061212254621.png	5092232	2eaaa8b694efc082e34f2896034e76a9ad36d862bc825236905bcf3dd334a18d	2eaaa8b694efc082e34f2896034e76a9ad36d862bc825236905bcf3dd334a18d	
UploadFiles/UploadFiles/202006/2020061212292977.png	UploadFiles/UploadFiles/202006/2020061212292977.png	5372026	9444161442541cdf23bcaf17f66b2f7535a72affd6365025fae07e319ef695b8	9444161442541cdf23bcaf17f66b2f7535a72affd6365025fae07e319ef695b8	
UploadFiles/UploadFiles/202006/2020061314130226.png	UploadFiles/UploadFiles/202006/2020061314130226.png	5121598	6745f7b5d9e100e5e82b11ef93c7e7b962a4362461e955cad7ddabae374bcc67	6745f7b5d9e100e5e82b11ef93c7e7b962a4362461e955cad7ddabae374bcc67	
UploadFiles/UploadFiles/202006/2020061516334042.jpg	UploadFiles/UploadFiles/202006/2020061516334042.jpg	319719	a59e82772323bc0cb352541fa91fe83cc5e302c855d04a43c7f3ddd6cf514b13	a59e82772323bc0cb352541fa91fe83cc5e302c855d04a43c7f3ddd6cf514b13	
UploadFiles/UploadFiles/202006/2020061516334063.jpg	UploadFiles/UploadFiles/202006/2020061516334063.jpg	162139	d5f574b1f0c3fdfb4fbb322711260b1c19e3b06241c994aff1f783fa0fed1384	d5f574b1f0c3fdfb4fbb322711260b1c19e3b06241c994aff1f783fa0fed1384	
UploadFiles/UploadFiles/202006/2020061516334064.jpg	UploadFiles/UploadFiles/202006/2020061516334064.jpg	339582	2d76462a4951984a1d7bf3343efbbe988dd2fca0493acbbcc35b6e84f482ef47	2d76462a4951984a1d7bf3343efbbe988dd2fca0493acbbcc35b6e84f482ef47	
UploadFiles/UploadFiles/202006/2020061516334072.jpg	UploadFiles/UploadFiles/202006/2020061516334072.jpg	312738	08c885c3b17b6653e792bd4ed84bc1c6477330e6e9f68066bddcccecf4975c25	08c885c3b17b6653e792bd4ed84bc1c6477330e6e9f68066bddcccecf4975c25	
UploadFiles/UploadFiles/202006/2020061516334081.jpg	UploadFiles/UploadFiles/202006/2020061516334081.jpg	315622	7d650249d3fc04a46e2e08313e64537ab375ec3eaae7cb949513e5372c6cabc2	7d650249d3fc04a46e2e08313e64537ab375ec3eaae7cb949513e5372c6cabc2	
UploadFiles/UploadFiles/202006/2020061607595603.png	UploadFiles/UploadFiles/202006/2020061607595603.png	6543594	fa812b5d51b612a68a9c859e4071e933a1be9f294441c63b74cce3eb0e484e2b	fa812b5d51b612a68a9c859e4071e933a1be9f294441c63b74cce3eb0e484e2b	
UploadFiles/UploadFiles/202006/2020061614301288.jpg	UploadFiles/UploadFiles/202006/2020061614301288.jpg	70602	14fb94567dffa77f57443394bec9bcac3167af44fbab88be108a607a6789a5eb	14fb94567dffa77f57443394bec9bcac3167af44fbab88be108a607a6789a5eb	
UploadFiles/UploadFiles/202006/2020061614301296.jpg	UploadFiles/UploadFiles/202006/2020061614301296.jpg	87737	aff089c38a740884621eaeb71b47ace6f2fcf11880b2a94408614e8069799a4a	aff089c38a740884621eaeb71b47ace6f2fcf11880b2a94408614e8069799a4a	
UploadFiles/UploadFiles/202006/2020061614302917.jpg	UploadFiles/UploadFiles/202006/2020061614302917.jpg	78997	7179233c25c306c32674ebed9cbb30aff70a6fea7b455571cf8893b22eecffa1	7179233c25c306c32674ebed9cbb30aff70a6fea7b455571cf8893b22eecffa1	
UploadFiles/UploadFiles/202006/2020061614302925.jpg	UploadFiles/UploadFiles/202006/2020061614302925.jpg	99611	b8bcf8ef785472744266d71e942fe9e847c2cf30f9fce95a46a3944ed1b8de52	b8bcf8ef785472744266d71e942fe9e847c2cf30f9fce95a46a3944ed1b8de52	
UploadFiles/UploadFiles/202006/2020061816011677.jpg	UploadFiles/UploadFiles/202006/2020061816011677.jpg	76782	cb781532170efb06e044f1b8fc637ce7a676c02181ebdc19fe68f7bd441a6cf0	cb781532170efb06e044f1b8fc637ce7a676c02181ebdc19fe68f7bd441a6cf0	
UploadFiles/UploadFiles/202006/2020061816012796.jpg	UploadFiles/UploadFiles/202006/2020061816012796.jpg	71305	e1e3321bdf6a3a2cadf834a3f2947e4578f3bed9651787de9d7cb2efddec9d3b	e1e3321bdf6a3a2cadf834a3f2947e4578f3bed9651787de9d7cb2efddec9d3b	
UploadFiles/UploadFiles/202006/2020061816055182.jpg	UploadFiles/UploadFiles/202006/2020061816055182.jpg	333555	d78dfc3a435f2ed335fa19c29f9f0a2824038e5ee37e20fd780ce991d6e973a8	d78dfc3a435f2ed335fa19c29f9f0a2824038e5ee37e20fd780ce991d6e973a8	
UploadFiles/UploadFiles/202006/2020061816060322.jpg	UploadFiles/UploadFiles/202006/2020061816060322.jpg	957843	d982444bad9f32de0837332eda73de44249f964e234e2b1143a9a234e0f0863c	d982444bad9f32de0837332eda73de44249f964e234e2b1143a9a234e0f0863c	
UploadFiles/UploadFiles/202006/2020061816063425.jpg	UploadFiles/UploadFiles/202006/2020061816063425.jpg	698381	f1fefc3219b34d6a160e41da7e9a5019569e7a69db0b20e5de77cd31179e86bf	f1fefc3219b34d6a160e41da7e9a5019569e7a69db0b20e5de77cd31179e86bf	
UploadFiles/UploadFiles/202006/2020061816063433.jpg	UploadFiles/UploadFiles/202006/2020061816063433.jpg	450198	071f9763c519bb09f7fd9304bef14f44f214c70b394bca1feb2f93946043e63f	071f9763c519bb09f7fd9304bef14f44f214c70b394bca1feb2f93946043e63f	
UploadFiles/UploadFiles/202006/2020061816155379.jpg	UploadFiles/UploadFiles/202006/2020061816155379.jpg	293482	50e66e8d3c7b9a18c2361ba344ffff1325f915153af4644eb0b2163cee1403b8	50e66e8d3c7b9a18c2361ba344ffff1325f915153af4644eb0b2163cee1403b8	
UploadFiles/UploadFiles/202006/2020061816160492.jpg	UploadFiles/UploadFiles/202006/2020061816160492.jpg	283464	ecb2be31b70cf590eca2ee6dff5df159122fab48c18cbbf32d7cbeaec8325cbc	ecb2be31b70cf590eca2ee6dff5df159122fab48c18cbbf32d7cbeaec8325cbc	
UploadFiles/UploadFiles/202006/2020061816161276.jpg	UploadFiles/UploadFiles/202006/2020061816161276.jpg	231876	f1505595e833713ba158ed1d8fd53b30f2f87f2518b6e704558c84fbf4386c5b	f1505595e833713ba158ed1d8fd53b30f2f87f2518b6e704558c84fbf4386c5b	
UploadFiles/UploadFiles/202006/2020061816163041.jpg	UploadFiles/UploadFiles/202006/2020061816163041.jpg	243101	ea4ffab8fdc59d800e4232d0e78613d416e982c8bd53ef3d8b0bc4b555034d02	ea4ffab8fdc59d800e4232d0e78613d416e982c8bd53ef3d8b0bc4b555034d02	
UploadFiles/UploadFiles/202006/2020061816163951.jpg	UploadFiles/UploadFiles/202006/2020061816163951.jpg	261776	574a65b60c4492bcd3288f9fa516be914230a26576c698d164310e77be18d0ab	574a65b60c4492bcd3288f9fa516be914230a26576c698d164310e77be18d0ab	
UploadFiles/UploadFiles/202006/2020061816165539.jpg	UploadFiles/UploadFiles/202006/2020061816165539.jpg	205446	193eb3c391e9f7f376cc51c9be5732d0fccabb7859b44e9f52d981d59667a05a	193eb3c391e9f7f376cc51c9be5732d0fccabb7859b44e9f52d981d59667a05a	
UploadFiles/UploadFiles/202006/2020061816170253.jpg	UploadFiles/UploadFiles/202006/2020061816170253.jpg	249275	35c4e762edb04204d4b50e6c5fd8e6351d41bcd19a798f2c1638cc7fe8adae45	35c4e762edb04204d4b50e6c5fd8e6351d41bcd19a798f2c1638cc7fe8adae45	
UploadFiles/UploadFiles/202006/2020061911004847.jpg	UploadFiles/UploadFiles/202006/2020061911004847.jpg	45861	b1bf2d7b6eb5a24e24f0d3032977898a8fd218a120dde6ed23ad3d45e259a1ef	b1bf2d7b6eb5a24e24f0d3032977898a8fd218a120dde6ed23ad3d45e259a1ef	
UploadFiles/UploadFiles/202006/2020061912065950.png	UploadFiles/UploadFiles/202006/2020061912065950.png	5875123	5a3190fd953bbd470e78367628043e2cf135f3585bf958e6107cd1d9398dfef5	5a3190fd953bbd470e78367628043e2cf135f3585bf958e6107cd1d9398dfef5	
UploadFiles/UploadFiles/202006/2020062208192938.jpg	UploadFiles/UploadFiles/202006/2020062208192938.jpg	368109	57569f224a284c5148480e6ae5904aca31680422a436f441b6c58b628542fcec	57569f224a284c5148480e6ae5904aca31680422a436f441b6c58b628542fcec	
UploadFiles/UploadFiles/202006/2020062313563231.jpg	UploadFiles/UploadFiles/202006/2020062313563231.jpg	4276702	084bf1ae83d5e5946f615872f5eca0df0aaeca03018f960cb4adb84eab5ceae4	084bf1ae83d5e5946f615872f5eca0df0aaeca03018f960cb4adb84eab5ceae4	
UploadFiles/UploadFiles/202006/2020062313584245.jpg	UploadFiles/UploadFiles/202006/2020062313584245.jpg	1771077	14dd480023674227b98a22ff2ea60101125f3d447c1be7daa80dcaa2993d31db	14dd480023674227b98a22ff2ea60101125f3d447c1be7daa80dcaa2993d31db	
UploadFiles/UploadFiles/202006/2020062313591730.png	UploadFiles/UploadFiles/202006/2020062313591730.png	193269	f7bd576861eccdbbfd357a5092716911ce57e57700aa51b1ca97a97a13290f54	f7bd576861eccdbbfd357a5092716911ce57e57700aa51b1ca97a97a13290f54	
UploadFiles/UploadFiles/202006/2020062313595397.jpg	UploadFiles/UploadFiles/202006/2020062313595397.jpg	3294887	40b1fdfa54466242e5f5512450fca0954b971c7998ef76f7f0bf1a421ce5efae	40b1fdfa54466242e5f5512450fca0954b971c7998ef76f7f0bf1a421ce5efae	
UploadFiles/UploadFiles/202006/2020062314001726.jpg	UploadFiles/UploadFiles/202006/2020062314001726.jpg	168957	63ed3debae3caa59e637fa24d74053bb093930871c0d39315d7dfadfa11b520f	63ed3debae3caa59e637fa24d74053bb093930871c0d39315d7dfadfa11b520f	
UploadFiles/UploadFiles/202006/2020062314003561.jpg	UploadFiles/UploadFiles/202006/2020062314003561.jpg	2017171	926466b2fdb0b73f5ebe091d7e7476b8037e33d4c74da1582598bddfbb3f7394	926466b2fdb0b73f5ebe091d7e7476b8037e33d4c74da1582598bddfbb3f7394	
UploadFiles/UploadFiles/202006/2020062314032465.jpg	UploadFiles/UploadFiles/202006/2020062314032465.jpg	3620280	40800d66ab2282b13e121d3dd4d02611d3d805cb50d2b24a1981da421701bba7	40800d66ab2282b13e121d3dd4d02611d3d805cb50d2b24a1981da421701bba7	
UploadFiles/UploadFiles/202006/2020062314034028.jpg	UploadFiles/UploadFiles/202006/2020062314034028.jpg	1114605	8b200d3a208c7cd8eaa96c36c3d7d4b0f173308623128568138810902aa4a9ce	8b200d3a208c7cd8eaa96c36c3d7d4b0f173308623128568138810902aa4a9ce	
UploadFiles/UploadFiles/202006/2020062314035407.jpg	UploadFiles/UploadFiles/202006/2020062314035407.jpg	1045787	3395868d57e3c1a9c32a742e77a41d3ce456034d92c16d7b5ec24390208565ac	3395868d57e3c1a9c32a742e77a41d3ce456034d92c16d7b5ec24390208565ac	
UploadFiles/UploadFiles/202006/2020062314040627.jpg	UploadFiles/UploadFiles/202006/2020062314040627.jpg	2362830	bf286a93f41ae0ffb4203d6b812eb0c3ccfbb6175bf48ca8776b56b2abe2aded	bf286a93f41ae0ffb4203d6b812eb0c3ccfbb6175bf48ca8776b56b2abe2aded	
UploadFiles/UploadFiles/202006/2020062314042031.png	UploadFiles/UploadFiles/202006/2020062314042031.png	560138	a321e1c78cf4ec6b11a9a7b2328befb6fdab0dc1024a7fe0847ebe6345c9a767	a321e1c78cf4ec6b11a9a7b2328befb6fdab0dc1024a7fe0847ebe6345c9a767	
UploadFiles/UploadFiles/202006/2020062314043275.jpg	UploadFiles/UploadFiles/202006/2020062314043275.jpg	1229139	1678955eb133b3517b2630e4791ff65904022983f03981db7be608822d51af35	1678955eb133b3517b2630e4791ff65904022983f03981db7be608822d51af35	
UploadFiles/UploadFiles/202006/2020062314044896.jpg	UploadFiles/UploadFiles/202006/2020062314044896.jpg	3327891	c46b02a71dafe2843c43ddbbb1a87ced391767dab02dbfc49652debd1377203e	c46b02a71dafe2843c43ddbbb1a87ced391767dab02dbfc49652debd1377203e	
UploadFiles/UploadFiles/202006/2020062314050637.jpg	UploadFiles/UploadFiles/202006/2020062314050637.jpg	3189744	c754296d2cdefca54f47881bef6b49c5756f0e34eff0ee68648e73e79eb82095	c754296d2cdefca54f47881bef6b49c5756f0e34eff0ee68648e73e79eb82095	
UploadFiles/UploadFiles/202006/2020062314052381.jpg	UploadFiles/UploadFiles/202006/2020062314052381.jpg	1948774	a27659fd0b5c5c1b56b44b0875085e2ae1c96f4df0bc177a7ae441e746c85b2b	a27659fd0b5c5c1b56b44b0875085e2ae1c96f4df0bc177a7ae441e746c85b2b	
UploadFiles/UploadFiles/202006/2020062314054159.jpg	UploadFiles/UploadFiles/202006/2020062314054159.jpg	3016673	831cace8c7190e871a43f84774c8eaaae324d7041960076440ec88e2f6ff316f	831cace8c7190e871a43f84774c8eaaae324d7041960076440ec88e2f6ff316f	
UploadFiles/UploadFiles/202006/2020062314055866.jpg	UploadFiles/UploadFiles/202006/2020062314055866.jpg	94448	b720931f827d9342db34e4ae6959820847429529ed1d10d70c4a4eff84f4bf6b	b720931f827d9342db34e4ae6959820847429529ed1d10d70c4a4eff84f4bf6b	
UploadFiles/UploadFiles/202006/2020062314061244.jpg	UploadFiles/UploadFiles/202006/2020062314061244.jpg	1095260	85440ba1eb29ba706fef8a2f47e72ded1178895ab20bda14887863bf91bb9500	85440ba1eb29ba706fef8a2f47e72ded1178895ab20bda14887863bf91bb9500	
UploadFiles/UploadFiles/202006/2020062314062799.jpg	UploadFiles/UploadFiles/202006/2020062314062799.jpg	3044218	467f52dfc3a79d0e2f90e3c0eaafe9c567398bd57e9335649a8ce3a069106d82	467f52dfc3a79d0e2f90e3c0eaafe9c567398bd57e9335649a8ce3a069106d82	
UploadFiles/UploadFiles/202006/2020062314064249.jpg	UploadFiles/UploadFiles/202006/2020062314064249.jpg	3044218	467f52dfc3a79d0e2f90e3c0eaafe9c567398bd57e9335649a8ce3a069106d82	467f52dfc3a79d0e2f90e3c0eaafe9c567398bd57e9335649a8ce3a069106d82	
UploadFiles/UploadFiles/202006/2020062314065717.jpg	UploadFiles/UploadFiles/202006/2020062314065717.jpg	3067127	a50aec1cddb573034462314e3fe0759fc10aa9f76e0487ea760cdd2577720d85	a50aec1cddb573034462314e3fe0759fc10aa9f76e0487ea760cdd2577720d85	
UploadFiles/UploadFiles/202006/2020062414255295.jpg	UploadFiles/UploadFiles/202006/2020062414255295.jpg	32382	7abdfb40e273b450bcfa1f1670f8dd38d73253eb00b274496d2ac42c10b50984	7abdfb40e273b450bcfa1f1670f8dd38d73253eb00b274496d2ac42c10b50984	
UploadFiles/UploadFiles/202006/2020062414312849.jpg	UploadFiles/UploadFiles/202006/2020062414312849.jpg	333836	4ca5f6f2cb3454a3572056f83135dacf01346a5118d2365b9cb04b1c6f293d9e	4ca5f6f2cb3454a3572056f83135dacf01346a5118d2365b9cb04b1c6f293d9e	
UploadFiles/UploadFiles/202006/2020062808125474.png	UploadFiles/UploadFiles/202006/2020062808125474.png	1952034	50df3f0da3e1abc9717bf82033afc48252ec136cf51b8b6064d3278510f98823	50df3f0da3e1abc9717bf82033afc48252ec136cf51b8b6064d3278510f98823	
UploadFiles/UploadFiles/202006/2020062808144246.jpg	UploadFiles/UploadFiles/202006/2020062808144246.jpg	62161	9ddb352c94280959abdb23a7dd9e8270335c300d52cec7d8a4af9ad36de40017	9ddb352c94280959abdb23a7dd9e8270335c300d52cec7d8a4af9ad36de40017	
UploadFiles/UploadFiles/202006/2020062808145481.jpg	UploadFiles/UploadFiles/202006/2020062808145481.jpg	75981	9f0568e5ecc1971a140889dd3aea6e26fef6df353c0a5bc019992f00a9a48a94	9f0568e5ecc1971a140889dd3aea6e26fef6df353c0a5bc019992f00a9a48a94	
UploadFiles/UploadFiles/202006/2020062817012003.jpg	UploadFiles/UploadFiles/202006/2020062817012003.jpg	385215	4273fa85b306d284c8bfa2f6a77916a2ad9e345ca59d8c0ac0072ad70bba7650	4273fa85b306d284c8bfa2f6a77916a2ad9e345ca59d8c0ac0072ad70bba7650	
UploadFiles/UploadFiles/202006/2020062817012017.jpg	UploadFiles/UploadFiles/202006/2020062817012017.jpg	266295	9c4931d604ff60306e423c14b4e6542501f434ccadf6584ad2f8e45e428283f5	9c4931d604ff60306e423c14b4e6542501f434ccadf6584ad2f8e45e428283f5	
UploadFiles/UploadFiles/202006/2020062817012020.jpg	UploadFiles/UploadFiles/202006/2020062817012020.jpg	350406	2bc79dd9e8f6e5d24ed31f36ff5692c91b09a818897b597085a4ab091588006b	2bc79dd9e8f6e5d24ed31f36ff5692c91b09a818897b597085a4ab091588006b	
UploadFiles/UploadFiles/202006/2020062817012080.jpg	UploadFiles/UploadFiles/202006/2020062817012080.jpg	303528	5e0ea27cbba1a45853fdd3f1ffb295dce0adf15ef098a9b870be2e7e1ae2f005	5e0ea27cbba1a45853fdd3f1ffb295dce0adf15ef098a9b870be2e7e1ae2f005	
UploadFiles/UploadFiles/202006/2020062817021710.jpg	UploadFiles/UploadFiles/202006/2020062817021710.jpg	285303	1d141fcddee22c55d9046a789d57825ecf35b4505865dc20af760554957cac65	1d141fcddee22c55d9046a789d57825ecf35b4505865dc20af760554957cac65	
UploadFiles/UploadFiles/202006/2020062817021731.jpg	UploadFiles/UploadFiles/202006/2020062817021731.jpg	321530	a8170bf56ef9694528b3f79292182a9a0b3f8890027a316a4aee3d31a621ae7b	a8170bf56ef9694528b3f79292182a9a0b3f8890027a316a4aee3d31a621ae7b	
UploadFiles/UploadFiles/202006/2020062817021749.jpg	UploadFiles/UploadFiles/202006/2020062817021749.jpg	276612	d212ad940932fa50deb02f9984e9bb6a0fe994c723973154b9dfe42a50155c22	d212ad940932fa50deb02f9984e9bb6a0fe994c723973154b9dfe42a50155c22	
UploadFiles/UploadFiles/202006/2020062817021788.jpg	UploadFiles/UploadFiles/202006/2020062817021788.jpg	359205	8d2d571c901774c520a438e98aa4b2eec76e8991b37a9853666dcb65b4727dd5	8d2d571c901774c520a438e98aa4b2eec76e8991b37a9853666dcb65b4727dd5	
UploadFiles/UploadFiles/202006/2020062817021796.jpg	UploadFiles/UploadFiles/202006/2020062817021796.jpg	524817	1759b16e72068a47facc559c2e1bdea402c1368197fc236740375eb6d11f1768	1759b16e72068a47facc559c2e1bdea402c1368197fc236740375eb6d11f1768	
UploadFiles/UploadFiles/202006/2020062817064825.png	UploadFiles/UploadFiles/202006/2020062817064825.png	18293	0c4fbb45b2520a30ed40a441fdf20af9597ac4eb9376ceaae13167563b01fad6	0c4fbb45b2520a30ed40a441fdf20af9597ac4eb9376ceaae13167563b01fad6	
UploadFiles/UploadFiles/202006/2020062817064834.png	UploadFiles/UploadFiles/202006/2020062817064834.png	270983	0a1c0ab86a057b417bc267fb6a04ecc391eb5beee7830d52050aa3a5db2d09d0	0a1c0ab86a057b417bc267fb6a04ecc391eb5beee7830d52050aa3a5db2d09d0	
UploadFiles/UploadFiles/202006/2020062817072843.png	UploadFiles/UploadFiles/202006/2020062817072843.png	53183	1316d47ec6fb5b2b6bba08d1ebc610cf7882e69ecc0e76e82208d3fc752221be	1316d47ec6fb5b2b6bba08d1ebc610cf7882e69ecc0e76e82208d3fc752221be	
UploadFiles/UploadFiles/202006/2020062817081270.png	UploadFiles/UploadFiles/202006/2020062817081270.png	396394	f5da88cbc1686f200abc22d1823202a97fcde4efe9902808ed86ed0416dac7a7	f5da88cbc1686f200abc22d1823202a97fcde4efe9902808ed86ed0416dac7a7	
UploadFiles/UploadFiles/202006/2020062817083806.png	UploadFiles/UploadFiles/202006/2020062817083806.png	131513	f61076ed1d0ca88192b607cac9fbffc74e42cd371957ca8a96b7fa32874986ec	f61076ed1d0ca88192b607cac9fbffc74e42cd371957ca8a96b7fa32874986ec	
UploadFiles/UploadFiles/202006/2020062817083814.png	UploadFiles/UploadFiles/202006/2020062817083814.png	59498	064257694c0a54d5a52a49d41af436fd65e2f0e3fd802556ae4f5abcedf1f115	064257694c0a54d5a52a49d41af436fd65e2f0e3fd802556ae4f5abcedf1f115	
UploadFiles/UploadFiles/202006/2020062817111496.png	UploadFiles/UploadFiles/202006/2020062817111496.png	281362	c52a84da9eb542ea91d104ccef887edfa941f361b472ed6b899c45e6051f9fa2	c52a84da9eb542ea91d104ccef887edfa941f361b472ed6b899c45e6051f9fa2	
UploadFiles/UploadFiles/202006/2020062817112869.png	UploadFiles/UploadFiles/202006/2020062817112869.png	384113	d9ec756fa69c77f45a1f1bda3eb73bbc5e70b372891731a05aeb8b0e9af1e66b	d9ec756fa69c77f45a1f1bda3eb73bbc5e70b372891731a05aeb8b0e9af1e66b	
UploadFiles/UploadFiles/202006/2020063008060601.png	UploadFiles/UploadFiles/202006/2020063008060601.png	5519660	75bab44d742d322015cf99cd683ac3d464b4e949589674fe4fa1e224a8bf4210	75bab44d742d322015cf99cd683ac3d464b4e949589674fe4fa1e224a8bf4210	
UploadFiles/UploadFiles/202006/2020063015571765.jpg	UploadFiles/UploadFiles/202006/2020063015571765.jpg	1574930	8e6a713cbd74f3932a2550e7471e8457ce3585d85bfc497bb48cf5d199dba0a9	8e6a713cbd74f3932a2550e7471e8457ce3585d85bfc497bb48cf5d199dba0a9	
UploadFiles/UploadFiles/202006/2020063015580837.jpg	UploadFiles/UploadFiles/202006/2020063015580837.jpg	1422553	08add65af08077f5757b66efef8a15c0123b647280b3a3a0485abfd965ed7810	08add65af08077f5757b66efef8a15c0123b647280b3a3a0485abfd965ed7810	
UploadFiles/UploadFiles/202006/2020063015582379.jpg	UploadFiles/UploadFiles/202006/2020063015582379.jpg	1889691	ba2cd6c23ff8102c97c65a88ad042cf6065c79fbab5040b4c2b4451fcd077485	ba2cd6c23ff8102c97c65a88ad042cf6065c79fbab5040b4c2b4451fcd077485	
UploadFiles/UploadFiles/202007/2020070108033287.png	UploadFiles/UploadFiles/202007/2020070108033287.png	684865	ae4f75399996129b2885332a54c77a0beb21a8e6f70016f727f73a0e506c29e8	ae4f75399996129b2885332a54c77a0beb21a8e6f70016f727f73a0e506c29e8	
UploadFiles/UploadFiles/202007/2020070108033394.jpg	UploadFiles/UploadFiles/202007/2020070108033394.jpg	188507	52b5232b6819b865b96d7f6f69d83b2dbdc3826fe61c218fca7bbf58f62aaad1	52b5232b6819b865b96d7f6f69d83b2dbdc3826fe61c218fca7bbf58f62aaad1	
UploadFiles/UploadFiles/202007/2020070108035018.jpg	UploadFiles/UploadFiles/202007/2020070108035018.jpg	161808	7a71c778f1e75544e4ec1b5234cce54e4d616eb7ff30203d6a3578e8aba8da44	7a71c778f1e75544e4ec1b5234cce54e4d616eb7ff30203d6a3578e8aba8da44	
UploadFiles/UploadFiles/202007/2020070108043919.jpg	UploadFiles/UploadFiles/202007/2020070108043919.jpg	221366	838e4398a0154583debd53561c5ca3edc57cbc0025501a50f2b8b248db88f9f8	838e4398a0154583debd53561c5ca3edc57cbc0025501a50f2b8b248db88f9f8	
UploadFiles/UploadFiles/202007/2020070108043988.jpg	UploadFiles/UploadFiles/202007/2020070108043988.jpg	242904	1865da12484369c864f4992c5c34a9f955ab99e5a7bd1a32b42b8303eccde863	1865da12484369c864f4992c5c34a9f955ab99e5a7bd1a32b42b8303eccde863	
UploadFiles/UploadFiles/202007/2020070108043997.jpg	UploadFiles/UploadFiles/202007/2020070108043997.jpg	242945	1ed28f3d552368ce693faf34b291220924f7c3568fb016d3b2003d1615d3ba28	1ed28f3d552368ce693faf34b291220924f7c3568fb016d3b2003d1615d3ba28	
UploadFiles/UploadFiles/202007/2020070108051241.jpg	UploadFiles/UploadFiles/202007/2020070108051241.jpg	265978	2732aa47005a37e8ebe31a5e2afe8ea4d73f6f9a9d5fc0d5e193c1c2728a29ca	2732aa47005a37e8ebe31a5e2afe8ea4d73f6f9a9d5fc0d5e193c1c2728a29ca	
UploadFiles/UploadFiles/202007/2020070108054080.jpg	UploadFiles/UploadFiles/202007/2020070108054080.jpg	219528	ad3c065db23de1db2afa81b930e2607d3eac7630631802edba1bcedb62ce106b	ad3c065db23de1db2afa81b930e2607d3eac7630631802edba1bcedb62ce106b	
UploadFiles/UploadFiles/202007/2020070108054088.jpg	UploadFiles/UploadFiles/202007/2020070108054088.jpg	272690	03691eec3757657b60fa9741f9e777634a4db624c99a7d079af34aafb9fb38e5	03691eec3757657b60fa9741f9e777634a4db624c99a7d079af34aafb9fb38e5	
UploadFiles/UploadFiles/202007/2020070108062552.jpg	UploadFiles/UploadFiles/202007/2020070108062552.jpg	305516	9de0dff81535958d44edcbf337b9056de648290bdb641b1a7355843ab32816e1	9de0dff81535958d44edcbf337b9056de648290bdb641b1a7355843ab32816e1	
UploadFiles/UploadFiles/202007/2020070108081023.jpg	UploadFiles/UploadFiles/202007/2020070108081023.jpg	305516	9de0dff81535958d44edcbf337b9056de648290bdb641b1a7355843ab32816e1	9de0dff81535958d44edcbf337b9056de648290bdb641b1a7355843ab32816e1	
UploadFiles/UploadFiles/202007/2020070110575633.png	UploadFiles/UploadFiles/202007/2020070110575633.png	70929	6e35ed8bfc595de60cfcab1c8a0038ca1541c346e7e1473d8be3a598cda9d420	6e35ed8bfc595de60cfcab1c8a0038ca1541c346e7e1473d8be3a598cda9d420	
UploadFiles/UploadFiles/202007/2020070110575655.png	UploadFiles/UploadFiles/202007/2020070110575655.png	52619	384a52be5a86b66f3bd8de248679ab0f4c1994a836651771782227e80fdc6c2e	384a52be5a86b66f3bd8de248679ab0f4c1994a836651771782227e80fdc6c2e	
UploadFiles/UploadFiles/202007/2020070110575657.png	UploadFiles/UploadFiles/202007/2020070110575657.png	123022	c3b98b4b9430d2b1af3566d30952063cbb8a326a993514a2e03ee1ee1a4728c8	c3b98b4b9430d2b1af3566d30952063cbb8a326a993514a2e03ee1ee1a4728c8	
UploadFiles/UploadFiles/202007/2020070209005267.jpg	UploadFiles/UploadFiles/202007/2020070209005267.jpg	6230493	68d0bdaef4681c8d490ac2f77cdae6328c929fac60aa22e8da58a7d894dd9c6e	68d0bdaef4681c8d490ac2f77cdae6328c929fac60aa22e8da58a7d894dd9c6e	
UploadFiles/UploadFiles/202007/2020070209014715.jpg	UploadFiles/UploadFiles/202007/2020070209014715.jpg	139259	99576387475a0cf27bf987f18f3cdec01e02552f5aac5b806a334a5542bcf598	99576387475a0cf27bf987f18f3cdec01e02552f5aac5b806a334a5542bcf598	
UploadFiles/UploadFiles/202007/2020070209025603.jpg	UploadFiles/UploadFiles/202007/2020070209025603.jpg	7595628	1f9cc73acc6ddc8a6b9b9384c82f413da40e5fd7dfbdea2ea59993b57c1e2670	1f9cc73acc6ddc8a6b9b9384c82f413da40e5fd7dfbdea2ea59993b57c1e2670	
UploadFiles/UploadFiles/202007/2020070209105081.jpg	UploadFiles/UploadFiles/202007/2020070209105081.jpg	232547	0480c2aa8d006838907574aa24ae176d66b7c7b7836a8ce2cd29675e1fa8259c	0480c2aa8d006838907574aa24ae176d66b7c7b7836a8ce2cd29675e1fa8259c	
UploadFiles/UploadFiles/202007/2020070209120247.png	UploadFiles/UploadFiles/202007/2020070209120247.png	1226322	b42f0ec0e2c3abc830621d985d77015d4109be675e31caa59e09bc4b367fa4ca	b42f0ec0e2c3abc830621d985d77015d4109be675e31caa59e09bc4b367fa4ca	
UploadFiles/UploadFiles/202007/2020070209121816.png	UploadFiles/UploadFiles/202007/2020070209121816.png	1226322	b42f0ec0e2c3abc830621d985d77015d4109be675e31caa59e09bc4b367fa4ca	b42f0ec0e2c3abc830621d985d77015d4109be675e31caa59e09bc4b367fa4ca	
UploadFiles/UploadFiles/202007/2020070308441115.png	UploadFiles/UploadFiles/202007/2020070308441115.png	1398952	3782e04e3f1c90fbea6dbd2159707172748901cc5ef30403cac24bb20c6a04b0	3782e04e3f1c90fbea6dbd2159707172748901cc5ef30403cac24bb20c6a04b0	
UploadFiles/UploadFiles/202007/2020070308442926.jpg	UploadFiles/UploadFiles/202007/2020070308442926.jpg	247470	6b772d3aad1741758130358d79c11accdf9d4cc9bbf47fe6b5b74547d0d99ddf	6b772d3aad1741758130358d79c11accdf9d4cc9bbf47fe6b5b74547d0d99ddf	
UploadFiles/UploadFiles/202007/2020070308444424.png	UploadFiles/UploadFiles/202007/2020070308444424.png	1982616	a79b3b22ce505e8fc6856200f7a9998f059414a7c97a4bafe3e56853c3e16a4a	a79b3b22ce505e8fc6856200f7a9998f059414a7c97a4bafe3e56853c3e16a4a	
UploadFiles/UploadFiles/202007/2020070308451920.png	UploadFiles/UploadFiles/202007/2020070308451920.png	1982616	a79b3b22ce505e8fc6856200f7a9998f059414a7c97a4bafe3e56853c3e16a4a	a79b3b22ce505e8fc6856200f7a9998f059414a7c97a4bafe3e56853c3e16a4a	
UploadFiles/UploadFiles/202007/2020070308461722.jpg	UploadFiles/UploadFiles/202007/2020070308461722.jpg	1663214	dc6ba0aa85cf853c8030df86297f99f9924d14cecd0ab02d3d2dc98bc3b93769	dc6ba0aa85cf853c8030df86297f99f9924d14cecd0ab02d3d2dc98bc3b93769	
UploadFiles/UploadFiles/202007/2020070308461740.jpg	UploadFiles/UploadFiles/202007/2020070308461740.jpg	164215	0ab915c2de2da44c048c497c57dcfa13c02c151e7829e02caea732d7c4753bd9	0ab915c2de2da44c048c497c57dcfa13c02c151e7829e02caea732d7c4753bd9	
UploadFiles/UploadFiles/202007/2020070308461756.jpg	UploadFiles/UploadFiles/202007/2020070308461756.jpg	173805	ae79d3e5018eb55b4cdf5d549097fcf3109975013f3044d1d3b36fa75b12d6c2	ae79d3e5018eb55b4cdf5d549097fcf3109975013f3044d1d3b36fa75b12d6c2	
UploadFiles/UploadFiles/202007/2020070308461758.jpg	UploadFiles/UploadFiles/202007/2020070308461758.jpg	185060	73caf917bcb6aa49c61a79e961132b54df8b438fd8deec205a6acae6521a7308	73caf917bcb6aa49c61a79e961132b54df8b438fd8deec205a6acae6521a7308	
UploadFiles/UploadFiles/202007/2020070308461778.jpg	UploadFiles/UploadFiles/202007/2020070308461778.jpg	186877	37939023e476a7a9439805eb83c296360127f7446c48285f5eed2eace2eaba60	37939023e476a7a9439805eb83c296360127f7446c48285f5eed2eace2eaba60	
UploadFiles/UploadFiles/202007/2020070308461786.jpg	UploadFiles/UploadFiles/202007/2020070308461786.jpg	193410	604336b24d8ed584da1078b6c9ef234fd0b9d6ed398ca5be8886d48f00b52f48	604336b24d8ed584da1078b6c9ef234fd0b9d6ed398ca5be8886d48f00b52f48	
UploadFiles/UploadFiles/202007/2020070308465417.jpg	UploadFiles/UploadFiles/202007/2020070308465417.jpg	186447	53605bcbfe735e1fcead43b7bf5260475415f7811aa294bef9e0393ad3585d67	53605bcbfe735e1fcead43b7bf5260475415f7811aa294bef9e0393ad3585d67	
UploadFiles/UploadFiles/202007/2020070308520641.jpg	UploadFiles/UploadFiles/202007/2020070308520641.jpg	232547	0480c2aa8d006838907574aa24ae176d66b7c7b7836a8ce2cd29675e1fa8259c	0480c2aa8d006838907574aa24ae176d66b7c7b7836a8ce2cd29675e1fa8259c	
UploadFiles/UploadFiles/202007/2020070308533724.png	UploadFiles/UploadFiles/202007/2020070308533724.png	1729741	2caad0f3dcf7fd52380da279711e04d72b5d977fcc810ab21deeb2e60bc8a6c0	2caad0f3dcf7fd52380da279711e04d72b5d977fcc810ab21deeb2e60bc8a6c0	
UploadFiles/UploadFiles/202007/2020070508104582.jpg	UploadFiles/UploadFiles/202007/2020070508104582.jpg	445025	f631509db48b467e4c808bc6ebe3dabf0af065ced946b087f1629253fda9d1d5	f631509db48b467e4c808bc6ebe3dabf0af065ced946b087f1629253fda9d1d5	
UploadFiles/UploadFiles/202007/2020070508114012.jpg	UploadFiles/UploadFiles/202007/2020070508114012.jpg	192191	37b2c43299e1d2e897fbcc489b880fbb93f852de18a27423ecdf1bf7d2b31a95	37b2c43299e1d2e897fbcc489b880fbb93f852de18a27423ecdf1bf7d2b31a95	
UploadFiles/UploadFiles/202007/2020070508120558.jpg	UploadFiles/UploadFiles/202007/2020070508120558.jpg	445025	f631509db48b467e4c808bc6ebe3dabf0af065ced946b087f1629253fda9d1d5	f631509db48b467e4c808bc6ebe3dabf0af065ced946b087f1629253fda9d1d5	
UploadFiles/UploadFiles/202007/2020070515033182.png	UploadFiles/UploadFiles/202007/2020070515033182.png	1199330	9eacbd4f0f3dc872703d46ff6476801d081b97b9a6139286481809426b16b054	9eacbd4f0f3dc872703d46ff6476801d081b97b9a6139286481809426b16b054	
UploadFiles/UploadFiles/202007/2020071109422309.jpg	UploadFiles/UploadFiles/202007/2020071109422309.jpg	308372	01e79ada5dfa55b87269b30b6cf25a605bfa270b35c2ab0922109d694c42f748	01e79ada5dfa55b87269b30b6cf25a605bfa270b35c2ab0922109d694c42f748	
UploadFiles/UploadFiles/202007/2020071109422317.jpg	UploadFiles/UploadFiles/202007/2020071109422317.jpg	434050	c7d6035081ffe6a0e3c6429be8f8f021b169aca767ebb9857f5048021bcba33c	c7d6035081ffe6a0e3c6429be8f8f021b169aca767ebb9857f5048021bcba33c	
UploadFiles/UploadFiles/202007/2020071109584363.png	UploadFiles/UploadFiles/202007/2020071109584363.png	111172	eaeac71da66785d573b52d6d36ea6eadb65df59e16a385e51fc91d169e09852d	eaeac71da66785d573b52d6d36ea6eadb65df59e16a385e51fc91d169e09852d	
UploadFiles/UploadFiles/202007/2020071109584372.png	UploadFiles/UploadFiles/202007/2020071109584372.png	292829	dba1e5760de9a25a9e87a0254d1a5c5e13cada70f31ff7e0eafd2a8220140f88	dba1e5760de9a25a9e87a0254d1a5c5e13cada70f31ff7e0eafd2a8220140f88	
UploadFiles/UploadFiles/202007/2020071110081514.png	UploadFiles/UploadFiles/202007/2020071110081514.png	32446	c001c256dc35a0193fd7573cc182701e5fb35bc8ca4b390634ba5daca8896d1f	c001c256dc35a0193fd7573cc182701e5fb35bc8ca4b390634ba5daca8896d1f	
UploadFiles/UploadFiles/202007/2020071110082652.png	UploadFiles/UploadFiles/202007/2020071110082652.png	93766	6802ecdfd46025caf1f8781e12bbbee5dfc8131c0cc092dfe22ffa709bc68d8e	6802ecdfd46025caf1f8781e12bbbee5dfc8131c0cc092dfe22ffa709bc68d8e	
UploadFiles/UploadFiles/202007/2020071116063832.jpg	UploadFiles/UploadFiles/202007/2020071116063832.jpg	226455	6c6c44eb0d8fa3e56cf5d9b5494da47e4313e710b6b6e18db38644d92bfeaabc	6c6c44eb0d8fa3e56cf5d9b5494da47e4313e710b6b6e18db38644d92bfeaabc	
UploadFiles/UploadFiles/202007/2020071116075807.jpg	UploadFiles/UploadFiles/202007/2020071116075807.jpg	136243	edebee63307c2b4f8b361d469c112f26950879c9d4a53968b9d8ff99c6b409dc	edebee63307c2b4f8b361d469c112f26950879c9d4a53968b9d8ff99c6b409dc	
UploadFiles/UploadFiles/202007/2020071208015515.jpg	UploadFiles/UploadFiles/202007/2020071208015515.jpg	123373	a6c8104233a1f81c45cafc20d6f362b73b370b21da17955f832f6343064003b7	a6c8104233a1f81c45cafc20d6f362b73b370b21da17955f832f6343064003b7	
UploadFiles/UploadFiles/202007/2020071219202104.jpg	UploadFiles/UploadFiles/202007/2020071219202104.jpg	40210	83178a34a52ba6daf50eb6b8e5faf25c4dad739f7cc183c2b3a289b14f6597d4	83178a34a52ba6daf50eb6b8e5faf25c4dad739f7cc183c2b3a289b14f6597d4	
UploadFiles/UploadFiles/202007/2020071415522654.jpg	UploadFiles/UploadFiles/202007/2020071415522654.jpg	185513	e8d63d6918cda23dcd8b0ab22fa72b84282ca880facb585b2f995393b621c041	e8d63d6918cda23dcd8b0ab22fa72b84282ca880facb585b2f995393b621c041	
UploadFiles/UploadFiles/202007/2020071415525169.jpg	UploadFiles/UploadFiles/202007/2020071415525169.jpg	4185339	be95bda31c49e17e8c9c1b11bfe2e4c6ef5a6d8bf73cdba1417080228b2f4fe5	be95bda31c49e17e8c9c1b11bfe2e4c6ef5a6d8bf73cdba1417080228b2f4fe5	
UploadFiles/UploadFiles/202007/2020071415532112.jpg	UploadFiles/UploadFiles/202007/2020071415532112.jpg	5529965	d5b678199c329d7f2f13db9679b6ac5dc5a619595015950f0113b32518455d15	d5b678199c329d7f2f13db9679b6ac5dc5a619595015950f0113b32518455d15	
UploadFiles/UploadFiles/202007/2020071415534083.jpg	UploadFiles/UploadFiles/202007/2020071415534083.jpg	4619159	72837324f9cf8dd6c898397edf523e0036c10d17e06959dbe74c6644be1b1ed0	72837324f9cf8dd6c898397edf523e0036c10d17e06959dbe74c6644be1b1ed0	
UploadFiles/UploadFiles/202007/2020071415545090.jpg	UploadFiles/UploadFiles/202007/2020071415545090.jpg	3851849	14c695eb9f9bfd8cfee0a0d868da5adda96b54e89b5e4d80c38ae264bab0940b	14c695eb9f9bfd8cfee0a0d868da5adda96b54e89b5e4d80c38ae264bab0940b	
UploadFiles/UploadFiles/202007/2020071415551178.jpg	UploadFiles/UploadFiles/202007/2020071415551178.jpg	2799352	207d1904a939332b905534ad3ea6841f3eaf4545f29fd71e35d25630c6406649	207d1904a939332b905534ad3ea6841f3eaf4545f29fd71e35d25630c6406649	
UploadFiles/UploadFiles/202007/2020071415553051.jpg	UploadFiles/UploadFiles/202007/2020071415553051.jpg	2539115	f1e02972a836b0d7be30959b22ad210b9bf6179b51dff161f049f7a218c00f18	f1e02972a836b0d7be30959b22ad210b9bf6179b51dff161f049f7a218c00f18	
UploadFiles/UploadFiles/202007/2020071415554728.jpg	UploadFiles/UploadFiles/202007/2020071415554728.jpg	2820108	f888631fba6538c93f3774587665a05540252f9007b5760aa9f4e18262fe3506	f888631fba6538c93f3774587665a05540252f9007b5760aa9f4e18262fe3506	
UploadFiles/UploadFiles/202007/2020071415560295.jpg	UploadFiles/UploadFiles/202007/2020071415560295.jpg	287158	0ec924ef0b36c00fac390b676e940a775b4ea48291c6f88af724b5505c50deff	0ec924ef0b36c00fac390b676e940a775b4ea48291c6f88af724b5505c50deff	
UploadFiles/UploadFiles/202007/2020071415561567.jpg	UploadFiles/UploadFiles/202007/2020071415561567.jpg	286183	496a15edcea70372581681edb7e27f48d95deac1f52889f50c8fa75c687c92d4	496a15edcea70372581681edb7e27f48d95deac1f52889f50c8fa75c687c92d4	
UploadFiles/UploadFiles/202007/2020071415563023.jpg	UploadFiles/UploadFiles/202007/2020071415563023.jpg	126644	19f781b39098bd06d74368d0c7aefd2a455b9a557d4fdee1b9330ef328ec991c	19f781b39098bd06d74368d0c7aefd2a455b9a557d4fdee1b9330ef328ec991c	
UploadFiles/UploadFiles/202007/2020071415564571.jpg	UploadFiles/UploadFiles/202007/2020071415564571.jpg	212248	464e478c9fefed6916c1c175be6814c7f369358960ff5c69c2a714ea71dc328b	464e478c9fefed6916c1c175be6814c7f369358960ff5c69c2a714ea71dc328b	
UploadFiles/UploadFiles/202007/2020071415565842.jpg	UploadFiles/UploadFiles/202007/2020071415565842.jpg	154252	8cd3f1d89a1d5148d86db9e89941cd3feb3eebacce769141fd48e06efdb9059b	8cd3f1d89a1d5148d86db9e89941cd3feb3eebacce769141fd48e06efdb9059b	
UploadFiles/UploadFiles/202007/2020071415572182.jpg	UploadFiles/UploadFiles/202007/2020071415572182.jpg	150357	edcbcd34a007ad26fb9883e1f39b5a1d78f8430018587960c2d05d40e566fdf5	edcbcd34a007ad26fb9883e1f39b5a1d78f8430018587960c2d05d40e566fdf5	
UploadFiles/UploadFiles/202007/2020071415573808.jpg	UploadFiles/UploadFiles/202007/2020071415573808.jpg	224793	b7382938c8f301dd6ef878d0b4b66db81eb2210176afb72837e2e819582672cb	b7382938c8f301dd6ef878d0b4b66db81eb2210176afb72837e2e819582672cb	
UploadFiles/UploadFiles/202007/2020071415575319.jpg	UploadFiles/UploadFiles/202007/2020071415575319.jpg	221955	16ab503efba030a59861b7a45e51301e754c64f6b86116c1d48c868af4e0608a	16ab503efba030a59861b7a45e51301e754c64f6b86116c1d48c868af4e0608a	
UploadFiles/UploadFiles/202007/2020071415582379.jpg	UploadFiles/UploadFiles/202007/2020071415582379.jpg	180357	70c9869267fd9d9ed31490af1b96e18b8d61a02080627782acfd12cd048b9089	70c9869267fd9d9ed31490af1b96e18b8d61a02080627782acfd12cd048b9089	
UploadFiles/UploadFiles/202007/2020071415584043.jpg	UploadFiles/UploadFiles/202007/2020071415584043.jpg	153818	74d37f01d32d738ba1f62c4a7fff428e4a09ca6bc33ec8504fc3600ed19c2fad	74d37f01d32d738ba1f62c4a7fff428e4a09ca6bc33ec8504fc3600ed19c2fad	
UploadFiles/UploadFiles/202007/2020071415585701.jpg	UploadFiles/UploadFiles/202007/2020071415585701.jpg	171393	4fb4ff3adf5cf3baeed31dd06335629c97ad999039ae68685999928d48387bf0	4fb4ff3adf5cf3baeed31dd06335629c97ad999039ae68685999928d48387bf0	
UploadFiles/UploadFiles/202007/2020071509075911.jpg	UploadFiles/UploadFiles/202007/2020071509075911.jpg	192191	37b2c43299e1d2e897fbcc489b880fbb93f852de18a27423ecdf1bf7d2b31a95	37b2c43299e1d2e897fbcc489b880fbb93f852de18a27423ecdf1bf7d2b31a95	
UploadFiles/UploadFiles/202007/2020071514000699.bmp	UploadFiles/UploadFiles/202007/2020071514000699.bmp	923374	8234556165407f90df59544546781b73c71222dce12da922731640379e81e638	8234556165407f90df59544546781b73c71222dce12da922731640379e81e638	
UploadFiles/UploadFiles/202007/2020071610183847.jpg	UploadFiles/UploadFiles/202007/2020071610183847.jpg	290780	7f89ed445cf3cc0d9768e089bd87a295f408509aef9fb58e385c80f2a9f9bd26	7f89ed445cf3cc0d9768e089bd87a295f408509aef9fb58e385c80f2a9f9bd26	
UploadFiles/UploadFiles/202007/2020071610185209.jpg	UploadFiles/UploadFiles/202007/2020071610185209.jpg	22018	9784b64f4e11998de671a372aaf4a23e8b23fc3fd6cd22c9026d251381972587	9784b64f4e11998de671a372aaf4a23e8b23fc3fd6cd22c9026d251381972587	
UploadFiles/UploadFiles/202007/2020071610191263.jpg	UploadFiles/UploadFiles/202007/2020071610191263.jpg	26114	8b3bbd56b9049fefa27eb2ef8f3d63f401d005c2e5f43038475ef57aa648bf03	8b3bbd56b9049fefa27eb2ef8f3d63f401d005c2e5f43038475ef57aa648bf03	
UploadFiles/UploadFiles/202007/2020071610195217.jpg	UploadFiles/UploadFiles/202007/2020071610195217.jpg	270262	1b64b426e8ee6f5fed3cfc1476c49cc2ba4f1aa773f8ae64ebbacbdf8f8a252c	1b64b426e8ee6f5fed3cfc1476c49cc2ba4f1aa773f8ae64ebbacbdf8f8a252c	
UploadFiles/UploadFiles/202007/2020071610202010.jpg	UploadFiles/UploadFiles/202007/2020071610202010.jpg	309533	b69a064efe630b40a869f6b50c9b6ce0c7a224978499685d078fe145ed5d172e	b69a064efe630b40a869f6b50c9b6ce0c7a224978499685d078fe145ed5d172e	
UploadFiles/UploadFiles/202007/2020071610202018.jpg	UploadFiles/UploadFiles/202007/2020071610202018.jpg	234497	132288aeef7fe1a20e0b4d37f81ad089ac4594a815141e30ec423006b1082b6f	132288aeef7fe1a20e0b4d37f81ad089ac4594a815141e30ec423006b1082b6f	
UploadFiles/UploadFiles/202007/2020071610202087.jpg	UploadFiles/UploadFiles/202007/2020071610202087.jpg	247267	332a58b8fdcbc6c78724b9e976b4534cca6eaabee266bcafab2dbefbc8b9f76b	332a58b8fdcbc6c78724b9e976b4534cca6eaabee266bcafab2dbefbc8b9f76b	
UploadFiles/UploadFiles/202007/2020071611345938.jpg	UploadFiles/UploadFiles/202007/2020071611345938.jpg	47411	b910d97f7d3ba7996e707bc706fca95f3f38600a5a9ad862ea9ec73dd9604297	b910d97f7d3ba7996e707bc706fca95f3f38600a5a9ad862ea9ec73dd9604297	
UploadFiles/UploadFiles/202007/2020071616032655.jpg	UploadFiles/UploadFiles/202007/2020071616032655.jpg	53201	e1e52b3daa72e81bd0959eb6a1de0b2eabd14b24757ba43fdbab91d569a0966e	e1e52b3daa72e81bd0959eb6a1de0b2eabd14b24757ba43fdbab91d569a0966e	
UploadFiles/UploadFiles/202007/2020071908143555.png	UploadFiles/UploadFiles/202007/2020071908143555.png	10590	f2ed4e33795d8d433de159e0f7ca1c2d558934a55ef12f9bf9b82d90079cdc63	f2ed4e33795d8d433de159e0f7ca1c2d558934a55ef12f9bf9b82d90079cdc63	
UploadFiles/UploadFiles/202007/2020071908310815.jpg	UploadFiles/UploadFiles/202007/2020071908310815.jpg	1324255	a0c773285aee5d4d51d69ea009dac189f832e317d1289e65777f1ec5f8386453	a0c773285aee5d4d51d69ea009dac189f832e317d1289e65777f1ec5f8386453	
UploadFiles/UploadFiles/202007/2020072008215465.jpg	UploadFiles/UploadFiles/202007/2020072008215465.jpg	139066	6d197ded80b1b37d93b4b29925416e70c8b821ad1f01fbc88f36ff61d47722ad	6d197ded80b1b37d93b4b29925416e70c8b821ad1f01fbc88f36ff61d47722ad	
UploadFiles/UploadFiles/202007/2020072008222864.jpg	UploadFiles/UploadFiles/202007/2020072008222864.jpg	192191	37b2c43299e1d2e897fbcc489b880fbb93f852de18a27423ecdf1bf7d2b31a95	37b2c43299e1d2e897fbcc489b880fbb93f852de18a27423ecdf1bf7d2b31a95	
UploadFiles/UploadFiles/202007/2020072208585414.jpg	UploadFiles/UploadFiles/202007/2020072208585414.jpg	4579280	eb9580d2c6ffe97703e75aada0ecf1da6cd6dd2d3eb3ecb4d30387e383e0be54	eb9580d2c6ffe97703e75aada0ecf1da6cd6dd2d3eb3ecb4d30387e383e0be54	
UploadFiles/UploadFiles/202007/2020072208585492.jpg	UploadFiles/UploadFiles/202007/2020072208585492.jpg	166306	0a8b79102e0c68d4f540f748ac314168e05a04215b664b222f2cc1bee5471b7a	0a8b79102e0c68d4f540f748ac314168e05a04215b664b222f2cc1bee5471b7a	
UploadFiles/UploadFiles/202007/2020072209000040.jpg	UploadFiles/UploadFiles/202007/2020072209000040.jpg	165811	83c7fdde21a58190056061085b71815bc59526d8385b2c950168f0e3fcede731	83c7fdde21a58190056061085b71815bc59526d8385b2c950168f0e3fcede731	
UploadFiles/UploadFiles/202007/2020072209004149.jpg	UploadFiles/UploadFiles/202007/2020072209004149.jpg	168360	25326aef1d6855ccc1f8fd51aac97bbf81863f97a10a90756e4f5771bcd20aa6	25326aef1d6855ccc1f8fd51aac97bbf81863f97a10a90756e4f5771bcd20aa6	
UploadFiles/UploadFiles/202007/2020072209010427.jpg	UploadFiles/UploadFiles/202007/2020072209010427.jpg	188468	4a744d80ec99f02cf47cd8c39800fa96a6d730c35ed5703e1a18c138dac5dd0a	4a744d80ec99f02cf47cd8c39800fa96a6d730c35ed5703e1a18c138dac5dd0a	
UploadFiles/UploadFiles/202007/2020072209012433.jpg	UploadFiles/UploadFiles/202007/2020072209012433.jpg	170802	39ed3b7a07dc1a0943fc60dd465d2795cadae6c32f73e555afafc91dfe01b2d2	39ed3b7a07dc1a0943fc60dd465d2795cadae6c32f73e555afafc91dfe01b2d2	
UploadFiles/UploadFiles/202007/2020072209012441.jpg	UploadFiles/UploadFiles/202007/2020072209012441.jpg	187304	9ef939bf28afa9e109cafbbdfbb6c7b2e36d41207cf32caa26bc00f02c34265a	9ef939bf28afa9e109cafbbdfbb6c7b2e36d41207cf32caa26bc00f02c34265a	
UploadFiles/UploadFiles/202007/2020072209014420.jpg	UploadFiles/UploadFiles/202007/2020072209014420.jpg	289296	3efbe7f5bbecc6444908c4f92b31265166dbb5f11f1bbf5214044dcf8052ded1	3efbe7f5bbecc6444908c4f92b31265166dbb5f11f1bbf5214044dcf8052ded1	
UploadFiles/UploadFiles/202007/2020072209044601.jpg	UploadFiles/UploadFiles/202007/2020072209044601.jpg	368768	0aac11806f79fa45e98b22564966cfd7b2cf10f3ac8162a23512a882f8471850	0aac11806f79fa45e98b22564966cfd7b2cf10f3ac8162a23512a882f8471850	
UploadFiles/UploadFiles/202007/2020072209044603.jpg	UploadFiles/UploadFiles/202007/2020072209044603.jpg	326011	f19208ada3689576a2092a17ca150e52bf1618e4386453e7c2ad9f484af0ccde	f19208ada3689576a2092a17ca150e52bf1618e4386453e7c2ad9f484af0ccde	
UploadFiles/UploadFiles/202007/2020072209044606.jpg	UploadFiles/UploadFiles/202007/2020072209044606.jpg	260927	9f456b4a0a9b0f0b5b14553f407ced510277df8aab41fc5e6012a5a5397adf00	9f456b4a0a9b0f0b5b14553f407ced510277df8aab41fc5e6012a5a5397adf00	
UploadFiles/UploadFiles/202007/2020072209044663.jpg	UploadFiles/UploadFiles/202007/2020072209044663.jpg	317573	b0c0053a561aa404d7900eb4e1571a383efc0c75167ff5a879eb40d588c6ac7e	b0c0053a561aa404d7900eb4e1571a383efc0c75167ff5a879eb40d588c6ac7e	
UploadFiles/UploadFiles/202007/2020072209044666.jpg	UploadFiles/UploadFiles/202007/2020072209044666.jpg	354104	c89d23a1770bb8a41d9e0450b2ae4d718a8427f1366cd4f923356da7586867f7	c89d23a1770bb8a41d9e0450b2ae4d718a8427f1366cd4f923356da7586867f7	
UploadFiles/UploadFiles/202007/2020072209044667.jpg	UploadFiles/UploadFiles/202007/2020072209044667.jpg	343394	8054b7d14c0fea7070ebd2bb227681b1f07a8bff3af2b4b3557e8638321684c6	8054b7d14c0fea7070ebd2bb227681b1f07a8bff3af2b4b3557e8638321684c6	
UploadFiles/UploadFiles/202007/2020072209044684.jpg	UploadFiles/UploadFiles/202007/2020072209044684.jpg	325642	b7f9f7c05c2e87bc49387948c39c8b486afc45816a0f6084b5bb982caf0c7b89	b7f9f7c05c2e87bc49387948c39c8b486afc45816a0f6084b5bb982caf0c7b89	
UploadFiles/UploadFiles/202007/2020072209044685.jpg	UploadFiles/UploadFiles/202007/2020072209044685.jpg	367301	b3ab86a00ed2ae5e93b51343408e3c0d079e6108159ec39ae4ee99b29bfe5201	b3ab86a00ed2ae5e93b51343408e3c0d079e6108159ec39ae4ee99b29bfe5201	
UploadFiles/UploadFiles/202007/2020072209044693.jpg	UploadFiles/UploadFiles/202007/2020072209044693.jpg	306005	b36ce9ab2f94f7833649b24316c6ce2b7f55d8aa4e7469ceb48d28c9635f7f11	b36ce9ab2f94f7833649b24316c6ce2b7f55d8aa4e7469ceb48d28c9635f7f11	
UploadFiles/UploadFiles/202007/2020072209054613.jpg	UploadFiles/UploadFiles/202007/2020072209054613.jpg	2887172	3adb20f0ddf9aa7f0a0f6c9785a67f5809b3bd4772d28d32a859539d29530d51	3adb20f0ddf9aa7f0a0f6c9785a67f5809b3bd4772d28d32a859539d29530d51	
UploadFiles/UploadFiles/202007/2020072209054622.jpg	UploadFiles/UploadFiles/202007/2020072209054622.jpg	302262	7b40043ac53790eb6806b5f7835d39014bd354636225617e7f7ba21e08b4115a	7b40043ac53790eb6806b5f7835d39014bd354636225617e7f7ba21e08b4115a	
UploadFiles/UploadFiles/202007/2020072209054631.jpg	UploadFiles/UploadFiles/202007/2020072209054631.jpg	259395	2323fab1b372424e3f81109eee14dfaf0abcd5346e4c014026dc00f18d38403c	2323fab1b372424e3f81109eee14dfaf0abcd5346e4c014026dc00f18d38403c	
UploadFiles/UploadFiles/202007/2020072209054644.jpg	UploadFiles/UploadFiles/202007/2020072209054644.jpg	238535	d6fcc1dfeb24d0034d609f99b52505b9527a008aa63b829926b9b1518aedd69e	d6fcc1dfeb24d0034d609f99b52505b9527a008aa63b829926b9b1518aedd69e	
UploadFiles/UploadFiles/202007/2020072209054649.jpg	UploadFiles/UploadFiles/202007/2020072209054649.jpg	318039	06cd9ee90e96cb2b5a9e0c9307e6a56a388190829cd8002a6d1f0a2beaff6651	06cd9ee90e96cb2b5a9e0c9307e6a56a388190829cd8002a6d1f0a2beaff6651	
UploadFiles/UploadFiles/202007/2020072209054652.jpg	UploadFiles/UploadFiles/202007/2020072209054652.jpg	301474	79a5a5ba9cdbcbd3cfe5387f27dfda7169ed0d16a72d15a1fa2352183e4ebc46	79a5a5ba9cdbcbd3cfe5387f27dfda7169ed0d16a72d15a1fa2352183e4ebc46	
UploadFiles/UploadFiles/202007/2020072209151209.jpg	UploadFiles/UploadFiles/202007/2020072209151209.jpg	464211	5093b55728fe0feb085b002e201f20236763330a0245fd36fdffb66102b38d5d	5093b55728fe0feb085b002e201f20236763330a0245fd36fdffb66102b38d5d	
UploadFiles/UploadFiles/202007/2020072209152466.jpg	UploadFiles/UploadFiles/202007/2020072209152466.jpg	178260	30a067e43377849f3ca666f459cc9faebe23638fb313ab58c0af29de1d52af0a	30a067e43377849f3ca666f459cc9faebe23638fb313ab58c0af29de1d52af0a	
UploadFiles/UploadFiles/202007/2020072209153700.jpg	UploadFiles/UploadFiles/202007/2020072209153700.jpg	179222	1d50ea093b3dde4ac5596cdfff97c8951888d65954250f4c242df95bb15af5fd	1d50ea093b3dde4ac5596cdfff97c8951888d65954250f4c242df95bb15af5fd	
UploadFiles/UploadFiles/202007/2020072316163409.png	UploadFiles/UploadFiles/202007/2020072316163409.png	337623	ebdc68b266ef89c472e596596d21f909511a5bfeb9beafbb8844f89b8f2bccd9	ebdc68b266ef89c472e596596d21f909511a5bfeb9beafbb8844f89b8f2bccd9	
UploadFiles/UploadFiles/202007/2020072316171343.jpg	UploadFiles/UploadFiles/202007/2020072316171343.jpg	2255414	350829a8ba3114eb18953afdc774a1622a2bc8bc67449a07c6a2fd0676ea098e	350829a8ba3114eb18953afdc774a1622a2bc8bc67449a07c6a2fd0676ea098e	
UploadFiles/UploadFiles/202007/2020072316171371.jpg	UploadFiles/UploadFiles/202007/2020072316171371.jpg	2448266	9b45ffe1b31c960a7baadab9f73f410712ad2c549e3294a708962e74ad40666c	9b45ffe1b31c960a7baadab9f73f410712ad2c549e3294a708962e74ad40666c	
UploadFiles/UploadFiles/202007/2020072316171379.jpg	UploadFiles/UploadFiles/202007/2020072316171379.jpg	159086	0f06b52c94a80156f5afd46cea2a250d83c30982d50e17fce4fdf6df63ecc5bd	0f06b52c94a80156f5afd46cea2a250d83c30982d50e17fce4fdf6df63ecc5bd	
UploadFiles/UploadFiles/202007/2020072316185063.jpg	UploadFiles/UploadFiles/202007/2020072316185063.jpg	2424689	4773e0cd3ee9b6f819b0cd044b36f7e53b26809ac38c7d32c94bbb61124ed955	4773e0cd3ee9b6f819b0cd044b36f7e53b26809ac38c7d32c94bbb61124ed955	
UploadFiles/UploadFiles/202007/2020072316185073.jpg	UploadFiles/UploadFiles/202007/2020072316185073.jpg	1383396	751383f9a96d58f002c98b4167ce161b9682aed4b06a28bdaff13a46293d74d3	751383f9a96d58f002c98b4167ce161b9682aed4b06a28bdaff13a46293d74d3	
UploadFiles/UploadFiles/202008/2020080318151504.jpg	UploadFiles/UploadFiles/202008/2020080318151504.jpg	2114893	90756afc65b41f7fc8d15a64c8adb679227b8b91b001884a67744e3b0ec5750d	90756afc65b41f7fc8d15a64c8adb679227b8b91b001884a67744e3b0ec5750d	
UploadFiles/UploadFiles/202008/2020081714262693.png	UploadFiles/UploadFiles/202008/2020081714262693.png	11994	7006584baeafe6e30bc0611dfbc830512135fe6ad216ea9efe87b17540bb3ce5	7006584baeafe6e30bc0611dfbc830512135fe6ad216ea9efe87b17540bb3ce5	
UploadFiles/UploadFiles/202008/2020082310264696.png	UploadFiles/UploadFiles/202008/2020082310264696.png	65513	97c40c7fd4489fd411710ea2f51540858ab47d00cca1b50ae0c7466b7d58623c	97c40c7fd4489fd411710ea2f51540858ab47d00cca1b50ae0c7466b7d58623c	
UploadFiles/UploadFiles/202008/2020082310415278.png	UploadFiles/UploadFiles/202008/2020082310415278.png	65513	97c40c7fd4489fd411710ea2f51540858ab47d00cca1b50ae0c7466b7d58623c	97c40c7fd4489fd411710ea2f51540858ab47d00cca1b50ae0c7466b7d58623c	
UploadFiles/UploadFiles/202008/2020082310432087.png	UploadFiles/UploadFiles/202008/2020082310432087.png	230112	b3cde776f8207d37d40334814c9fb6a4c8221b0b287f01c14b288c0d204a36bd	b3cde776f8207d37d40334814c9fb6a4c8221b0b287f01c14b288c0d204a36bd	
UploadFiles/UploadFiles/202008/2020082310463043.jpg	UploadFiles/UploadFiles/202008/2020082310463043.jpg	224861	753e0b5ee599fee0a3ca89dac3d4842d5dde0732b432557d6dc523f912c0128f	753e0b5ee599fee0a3ca89dac3d4842d5dde0732b432557d6dc523f912c0128f	
UploadFiles/UploadFiles/202008/2020082310470423.jpg	UploadFiles/UploadFiles/202008/2020082310470423.jpg	266679	05e573648baf64ccb6267cdfd35c708256378b718bc95c47d34554645680d03d	05e573648baf64ccb6267cdfd35c708256378b718bc95c47d34554645680d03d	
UploadFiles/UploadFiles/202008/2020082310470433.jpg	UploadFiles/UploadFiles/202008/2020082310470433.jpg	248803	867ddbe787ccf8cde226dd85484eced9bc9e3b2e0797729b16ad2ef0b7e8ea4e	867ddbe787ccf8cde226dd85484eced9bc9e3b2e0797729b16ad2ef0b7e8ea4e	
UploadFiles/UploadFiles/202008/2020082310470455.jpg	UploadFiles/UploadFiles/202008/2020082310470455.jpg	185234	a145bf422612638c3bad0da49327c7c63a885b97a66020ffa1aceb2c5579b96c	a145bf422612638c3bad0da49327c7c63a885b97a66020ffa1aceb2c5579b96c	
UploadFiles/UploadFiles/202008/2020082310470463.jpg	UploadFiles/UploadFiles/202008/2020082310470463.jpg	186625	1dbc1f84ee004eb13871788f83a9e68fe8e9c52cd79d5f10a906f6c4df48e3df	1dbc1f84ee004eb13871788f83a9e68fe8e9c52cd79d5f10a906f6c4df48e3df	
UploadFiles/UploadFiles/202008/2020082310470472.jpg	UploadFiles/UploadFiles/202008/2020082310470472.jpg	252661	8fe21e1a51f8b278a807afb405f5254c520c1060c4c9a829dd82afea899670a4	8fe21e1a51f8b278a807afb405f5254c520c1060c4c9a829dd82afea899670a4	
UploadFiles/UploadFiles/202008/2020082310570725.jpg	UploadFiles/UploadFiles/202008/2020082310570725.jpg	280798	3d0fa2bffba422555a2b560a4253d164b401b0f7ee7a84fed040d7082bfea635	3d0fa2bffba422555a2b560a4253d164b401b0f7ee7a84fed040d7082bfea635	
UploadFiles/UploadFiles/202008/2020082310581501.jpg	UploadFiles/UploadFiles/202008/2020082310581501.jpg	172538	30567924f79143c7b91d8d2d6bc372da3e4fec6334842a75e93feb3dd6211410	30567924f79143c7b91d8d2d6bc372da3e4fec6334842a75e93feb3dd6211410	
UploadFiles/UploadFiles/202008/2020082310581502.jpg	UploadFiles/UploadFiles/202008/2020082310581502.jpg	189331	4f79220faf678f9e0bc4da29db2430fb430f1a3284f94453b4181d1d8f85a75c	4f79220faf678f9e0bc4da29db2430fb430f1a3284f94453b4181d1d8f85a75c	
UploadFiles/UploadFiles/202008/2020082310581511.jpg	UploadFiles/UploadFiles/202008/2020082310581511.jpg	200067	3c6ba657319da08a7c9f40efd6dfe3e83fd2abfea7e50de0a8dcb5ae43e20370	3c6ba657319da08a7c9f40efd6dfe3e83fd2abfea7e50de0a8dcb5ae43e20370	
UploadFiles/UploadFiles/202008/2020082310581518.jpg	UploadFiles/UploadFiles/202008/2020082310581518.jpg	174178	275d36e082b70f025d537705a4323ea83ee08a41a5a2de4817b1e707278e4f54	275d36e082b70f025d537705a4323ea83ee08a41a5a2de4817b1e707278e4f54	
UploadFiles/UploadFiles/202008/2020082310581561.jpg	UploadFiles/UploadFiles/202008/2020082310581561.jpg	165586	37a25b1658fd94c4d77318fa0757d5105a1c6a1b83108c8ebe7f2d7a063e9e81	37a25b1658fd94c4d77318fa0757d5105a1c6a1b83108c8ebe7f2d7a063e9e81	
UploadFiles/UploadFiles/202008/2020082310581564.jpg	UploadFiles/UploadFiles/202008/2020082310581564.jpg	179208	10630dc1cd31a792a7cdadd5cd348939958bfbbd88e766c30545e5522da0ea33	10630dc1cd31a792a7cdadd5cd348939958bfbbd88e766c30545e5522da0ea33	
UploadFiles/UploadFiles/202008/2020082310581582.jpg	UploadFiles/UploadFiles/202008/2020082310581582.jpg	173095	da122c8a14331dd7ab0297a129ed932a0b7d32cc12a0ba3bf7c589fdac20ba10	da122c8a14331dd7ab0297a129ed932a0b7d32cc12a0ba3bf7c589fdac20ba10	
UploadFiles/UploadFiles/202008/2020082310581591.jpg	UploadFiles/UploadFiles/202008/2020082310581591.jpg	164605	365f3d94309645f6bfc0e646d8ca1e4f1b5d6dae9d56a7911d4b3162e93878b5	365f3d94309645f6bfc0e646d8ca1e4f1b5d6dae9d56a7911d4b3162e93878b5	
UploadFiles/UploadFiles/202008/2020082310595411.jpg	UploadFiles/UploadFiles/202008/2020082310595411.jpg	234044	6618f58c19019769313059b124d0e0208982a0a45f895388c4a1cbc518cb0247	6618f58c19019769313059b124d0e0208982a0a45f895388c4a1cbc518cb0247	
UploadFiles/UploadFiles/202008/2020082310595412.jpg	UploadFiles/UploadFiles/202008/2020082310595412.jpg	235240	aef50cc865348794fdea61b3a890f4e599b24fd6186b6b2607ee8f2300332bad	aef50cc865348794fdea61b3a890f4e599b24fd6186b6b2607ee8f2300332bad	
UploadFiles/UploadFiles/202008/2020082310595414.jpg	UploadFiles/UploadFiles/202008/2020082310595414.jpg	313440	ef057584f286d934eb4fdf62e0b690604c833ff21cd8b372220202a511ceb526	ef057584f286d934eb4fdf62e0b690604c833ff21cd8b372220202a511ceb526	
UploadFiles/UploadFiles/202008/2020082310595429.jpg	UploadFiles/UploadFiles/202008/2020082310595429.jpg	294311	69bebeaedf553b280cc1e945113236d08cd6082b17e31aec448af6d3a94c8793	69bebeaedf553b280cc1e945113236d08cd6082b17e31aec448af6d3a94c8793	
UploadFiles/UploadFiles/202008/2020082310595489.jpg	UploadFiles/UploadFiles/202008/2020082310595489.jpg	241744	0d1642fe8adc224c1e1fcc6c3b537882609825f019d27c6dd1f8252390a02085	0d1642fe8adc224c1e1fcc6c3b537882609825f019d27c6dd1f8252390a02085	
UploadFiles/UploadFiles/202008/2020082311001659.jpg	UploadFiles/UploadFiles/202008/2020082311001659.jpg	190843	2263ea5605c8900a698e797bcd6d7d749901dbaada50e1c2d69538851dd4cd40	2263ea5605c8900a698e797bcd6d7d749901dbaada50e1c2d69538851dd4cd40	
UploadFiles/UploadFiles/202008/2020082311044317.jpg	UploadFiles/UploadFiles/202008/2020082311044317.jpg	304305	6af927b511d91d42f6978c2bd67793f5c2175235dc81b78adba26081d5b54d1e	6af927b511d91d42f6978c2bd67793f5c2175235dc81b78adba26081d5b54d1e	
UploadFiles/UploadFiles/202008/2020082411333589.png	UploadFiles/UploadFiles/202008/2020082411333589.png	5399633	376ed8bbeaba4437de7a3e385f9a58139077294a5c6d58f4634f12401b46998d	376ed8bbeaba4437de7a3e385f9a58139077294a5c6d58f4634f12401b46998d	
UploadFiles/UploadFiles/202008/2020082411370448.png	UploadFiles/UploadFiles/202008/2020082411370448.png	5378766	233b4d7ac3dbb42cd12d5246190ea67fe82a69d8e8eaab548c558b90b31e336e	233b4d7ac3dbb42cd12d5246190ea67fe82a69d8e8eaab548c558b90b31e336e	
UploadFiles/UploadFiles/202008/2020082414560849.png	UploadFiles/UploadFiles/202008/2020082414560849.png	36093	99ee39026627de3688958a3c83ae1c325589c4f46167a4af377748ad65660fb0	99ee39026627de3688958a3c83ae1c325589c4f46167a4af377748ad65660fb0	
UploadFiles/UploadFiles/202008/2020082414575402.png	UploadFiles/UploadFiles/202008/2020082414575402.png	36093	99ee39026627de3688958a3c83ae1c325589c4f46167a4af377748ad65660fb0	99ee39026627de3688958a3c83ae1c325589c4f46167a4af377748ad65660fb0	
UploadFiles/UploadFiles/202008/2020082414575436.png	UploadFiles/UploadFiles/202008/2020082414575436.png	38349	2dc1db29ce9f7e594d92b3b083d23c13471c560ede827b3bd6cf689a4a7a2236	2dc1db29ce9f7e594d92b3b083d23c13471c560ede827b3bd6cf689a4a7a2236	
UploadFiles/UploadFiles/202008/2020082414575462.png	UploadFiles/UploadFiles/202008/2020082414575462.png	44392	5e8fc92ac21c4097583d458f039fce12b180d2a252e919866fd7a5caa1a17185	5e8fc92ac21c4097583d458f039fce12b180d2a252e919866fd7a5caa1a17185	
UploadFiles/UploadFiles/202008/2020082414575484.png	UploadFiles/UploadFiles/202008/2020082414575484.png	39043	3c78eedb69e33f024db84c9926da71923a76b2c6f907d2791a224fb2f3196029	3c78eedb69e33f024db84c9926da71923a76b2c6f907d2791a224fb2f3196029	
UploadFiles/UploadFiles/202008/2020082508240774.png	UploadFiles/UploadFiles/202008/2020082508240774.png	32337	3611e9fa1fdc8fa96c7edee090e68d475c01e468cd0435bb6129914340036770	3611e9fa1fdc8fa96c7edee090e68d475c01e468cd0435bb6129914340036770	
UploadFiles/UploadFiles/202008/2020082508541466.jpg	UploadFiles/UploadFiles/202008/2020082508541466.jpg	92684	1027cc9a773d1b55fda9fba7438610c4d68fe05eb1f971998791de7f127e64d3	1027cc9a773d1b55fda9fba7438610c4d68fe05eb1f971998791de7f127e64d3	
UploadFiles/UploadFiles/202008/2020082517592534.png	UploadFiles/UploadFiles/202008/2020082517592534.png	5399633	376ed8bbeaba4437de7a3e385f9a58139077294a5c6d58f4634f12401b46998d	376ed8bbeaba4437de7a3e385f9a58139077294a5c6d58f4634f12401b46998d	
UploadFiles/UploadFiles/202008/2020082518000912.png	UploadFiles/UploadFiles/202008/2020082518000912.png	5378766	233b4d7ac3dbb42cd12d5246190ea67fe82a69d8e8eaab548c558b90b31e336e	233b4d7ac3dbb42cd12d5246190ea67fe82a69d8e8eaab548c558b90b31e336e	
UploadFiles/UploadFiles/202008/2020082522325355.png	UploadFiles/UploadFiles/202008/2020082522325355.png	322440	6799c10584c12b7d3b47dfc41de3e1ea9a27fef6218d9324afb241cbfa38ed69	6799c10584c12b7d3b47dfc41de3e1ea9a27fef6218d9324afb241cbfa38ed69	
UploadFiles/UploadFiles/202008/2020082522334180.png	UploadFiles/UploadFiles/202008/2020082522334180.png	313905	c90b47562ddef6ef57cfdbf12a76ea46ddf0f4680ab88c14c384a5e2e3cb3948	c90b47562ddef6ef57cfdbf12a76ea46ddf0f4680ab88c14c384a5e2e3cb3948	
UploadFiles/UploadFiles/202008/2020082522340176.png	UploadFiles/UploadFiles/202008/2020082522340176.png	450855	62830fe69343c3ce50b38d45d84df0147ac8a76fc6097967cd0c75a1ecc7fcac	62830fe69343c3ce50b38d45d84df0147ac8a76fc6097967cd0c75a1ecc7fcac	
UploadFiles/UploadFiles/202008/2020082522341809.png	UploadFiles/UploadFiles/202008/2020082522341809.png	342879	c49aac9f49317f62ed43acf1ee01be45a43f3aacdfc58882cc6ecf190db6d06d	c49aac9f49317f62ed43acf1ee01be45a43f3aacdfc58882cc6ecf190db6d06d	
UploadFiles/UploadFiles/202008/2020082522350558.png	UploadFiles/UploadFiles/202008/2020082522350558.png	467289	214c5c2375c4c0dd8089b5d92689f48eff021a6d24b359f8c38985a37984fcfe	214c5c2375c4c0dd8089b5d92689f48eff021a6d24b359f8c38985a37984fcfe	
UploadFiles/UploadFiles/202008/2020082522351883.png	UploadFiles/UploadFiles/202008/2020082522351883.png	270212	10129620a969b0a54efaf92900ef6b3cf0df4f1aec23c02c816d666d58408613	10129620a969b0a54efaf92900ef6b3cf0df4f1aec23c02c816d666d58408613	
UploadFiles/UploadFiles/202008/2020082609165381.png	UploadFiles/UploadFiles/202008/2020082609165381.png	289851	225cdc400046cdf6aaddc1583ca0cbfb966887fb604e1b0dfc3c0508f9484775	225cdc400046cdf6aaddc1583ca0cbfb966887fb604e1b0dfc3c0508f9484775	
UploadFiles/UploadFiles/202008/2020082609165390.png	UploadFiles/UploadFiles/202008/2020082609165390.png	310535	649a0fdee700aa390fd2d73fb74547286d1d0fe85ee1f8e958d4e9fe970b7b8a	649a0fdee700aa390fd2d73fb74547286d1d0fe85ee1f8e958d4e9fe970b7b8a	
UploadFiles/UploadFiles/202008/2020082609172647.png	UploadFiles/UploadFiles/202008/2020082609172647.png	285359	bef17b6fe999fd2a9e609725bbfc5277e613f90eabb31fb49105f66581dbb05b	bef17b6fe999fd2a9e609725bbfc5277e613f90eabb31fb49105f66581dbb05b	
UploadFiles/UploadFiles/202008/2020082609174455.png	UploadFiles/UploadFiles/202008/2020082609174455.png	308412	7b9b1e9166b991b184d203bb27084fd7db249de0c6691b8e6bb9eafb17bf5136	7b9b1e9166b991b184d203bb27084fd7db249de0c6691b8e6bb9eafb17bf5136	
UploadFiles/UploadFiles/202008/2020082609194947.png	UploadFiles/UploadFiles/202008/2020082609194947.png	50403	8f3a1751a9e12918535ea0e20ec932a0c5b07d139cb7198480685e31f71e7150	8f3a1751a9e12918535ea0e20ec932a0c5b07d139cb7198480685e31f71e7150	
UploadFiles/UploadFiles/202008/2020082609195631.png	UploadFiles/UploadFiles/202008/2020082609195631.png	289612	78a704f480659d42530fe0817eba5c66fef0597f2abfbfcfb60568ba22279a5f	78a704f480659d42530fe0817eba5c66fef0597f2abfbfcfb60568ba22279a5f	
UploadFiles/UploadFiles/202008/2020082609202087.png	UploadFiles/UploadFiles/202008/2020082609202087.png	221612	715e002f33c6ae950d75b373e9316b08fc88f7cc082beb6149d69eee99bdf2d0	715e002f33c6ae950d75b373e9316b08fc88f7cc082beb6149d69eee99bdf2d0	
UploadFiles/UploadFiles/202008/2020082609202095.png	UploadFiles/UploadFiles/202008/2020082609202095.png	290430	d10e4dde06ed1fb650703bb70ced37599367a9225ff22cb85e9c9c386e0f8313	d10e4dde06ed1fb650703bb70ced37599367a9225ff22cb85e9c9c386e0f8313	
UploadFiles/UploadFiles/202008/2020082609204013.png	UploadFiles/UploadFiles/202008/2020082609204013.png	241131	2a0fef3f1d5bc64d0909e1335c8e94e2cc530a3fba09703bd0bfaaadd0b25e70	2a0fef3f1d5bc64d0909e1335c8e94e2cc530a3fba09703bd0bfaaadd0b25e70	
UploadFiles/UploadFiles/202008/2020082710425556.jpg	UploadFiles/UploadFiles/202008/2020082710425556.jpg	2782876	aec42e0e6249649ed83a841c82fda232dc1b27c4c484b01fdf2429d358c77266	aec42e0e6249649ed83a841c82fda232dc1b27c4c484b01fdf2429d358c77266	
UploadFiles/UploadFiles/202008/2020082710425595.jpg	UploadFiles/UploadFiles/202008/2020082710425595.jpg	2730581	011c25fda70c5c4216770c99939b7b47aaf37aaa59b7a6338d77e2a8bd7aa318	011c25fda70c5c4216770c99939b7b47aaf37aaa59b7a6338d77e2a8bd7aa318	
UploadFiles/UploadFiles/202008/2020082710433542.jpg	UploadFiles/UploadFiles/202008/2020082710433542.jpg	3842020	a6fd8e8dfc881602b14b1fcd03df70062b878c08d184b23cdebaa026157b7f35	a6fd8e8dfc881602b14b1fcd03df70062b878c08d184b23cdebaa026157b7f35	
UploadFiles/UploadFiles/202008/2020082710441169.jpg	UploadFiles/UploadFiles/202008/2020082710441169.jpg	2128184	816d4d9f6914a4a65de331f8e84272407fd2b6fbfda23022e60bf45e47ea212e	816d4d9f6914a4a65de331f8e84272407fd2b6fbfda23022e60bf45e47ea212e	
UploadFiles/UploadFiles/202008/2020082710441177.jpg	UploadFiles/UploadFiles/202008/2020082710441177.jpg	2605355	ff3898dd045725ffd2e19dc6478dae897847f644df4f4ee5cb3f8c691e442754	ff3898dd045725ffd2e19dc6478dae897847f644df4f4ee5cb3f8c691e442754	
UploadFiles/UploadFiles/202008/2020082714020036.jpg	UploadFiles/UploadFiles/202008/2020082714020036.jpg	175018	8d55f2f19389c0f2704456d2ba76a66f977c2ef7aa2ee95c1c7e8f29cee6e0dc	8d55f2f19389c0f2704456d2ba76a66f977c2ef7aa2ee95c1c7e8f29cee6e0dc	
UploadFiles/UploadFiles/202008/2020082807533997.jpg	UploadFiles/UploadFiles/202008/2020082807533997.jpg	249820	5f1758fb09a9eaa7817c71c614021026b2bf56b236e9bd4ed8fa845a2470cc57	5f1758fb09a9eaa7817c71c614021026b2bf56b236e9bd4ed8fa845a2470cc57	
UploadFiles/UploadFiles/202008/2020082807552719.jpg	UploadFiles/UploadFiles/202008/2020082807552719.jpg	242751	88e4058f47a0eae39f41fe10da047552fcfdcd85ab7a5a7a9f9a1a501bad5abb	88e4058f47a0eae39f41fe10da047552fcfdcd85ab7a5a7a9f9a1a501bad5abb	
UploadFiles/UploadFiles/202008/2020082807554165.jpg	UploadFiles/UploadFiles/202008/2020082807554165.jpg	271672	15e0f6fa5ea615933568ab06bc7b4443b2b48bffdd760300cf32829ed8dfafe9	15e0f6fa5ea615933568ab06bc7b4443b2b48bffdd760300cf32829ed8dfafe9	
UploadFiles/UploadFiles/202008/2020082807555377.jpg	UploadFiles/UploadFiles/202008/2020082807555377.jpg	250997	8d0fc174e4e9956bd13ad02dd5dbb509562b11b54dd857e49310b636f085534a	8d0fc174e4e9956bd13ad02dd5dbb509562b11b54dd857e49310b636f085534a	
UploadFiles/UploadFiles/202008/2020082807561683.jpg	UploadFiles/UploadFiles/202008/2020082807561683.jpg	304432	e4beb63f3d5273218e0bbc80230ec7bbcfee9cd00ad7724b87f7a1bee428648d	e4beb63f3d5273218e0bbc80230ec7bbcfee9cd00ad7724b87f7a1bee428648d	
UploadFiles/UploadFiles/202008/2020082807561691.jpg	UploadFiles/UploadFiles/202008/2020082807561691.jpg	254840	90eee7f6a9035fcf67fd44a53079703f36b37919e4b2942743d68ddea22ee901	90eee7f6a9035fcf67fd44a53079703f36b37919e4b2942743d68ddea22ee901	
UploadFiles/UploadFiles/202008/2020082807563460.jpg	UploadFiles/UploadFiles/202008/2020082807563460.jpg	200913	8c78d6252a9fd010f886fffa002a9ee99cc1e43f8321e9d1d7695a46f9044260	8c78d6252a9fd010f886fffa002a9ee99cc1e43f8321e9d1d7695a46f9044260	
UploadFiles/UploadFiles/202008/2020082807572957.jpg	UploadFiles/UploadFiles/202008/2020082807572957.jpg	430120	c44c5641dd9065f8852e74790aa5b20220c7bf5df78d6b9eb3c9a21e5266118c	c44c5641dd9065f8852e74790aa5b20220c7bf5df78d6b9eb3c9a21e5266118c	
UploadFiles/UploadFiles/202008/2020082807572960.jpg	UploadFiles/UploadFiles/202008/2020082807572960.jpg	296509	963afad68e36ee3f857d8e4d6977d2024e5627b9ef217e6025daabff2539da48	963afad68e36ee3f857d8e4d6977d2024e5627b9ef217e6025daabff2539da48	
UploadFiles/UploadFiles/202008/2020082807572961.jpg	UploadFiles/UploadFiles/202008/2020082807572961.jpg	366887	eaf8de1d2fcfc9000f97c70a0e6937470e762e9fc1200c8bcfc4f68cbe05620f	eaf8de1d2fcfc9000f97c70a0e6937470e762e9fc1200c8bcfc4f68cbe05620f	
UploadFiles/UploadFiles/202008/2020082807572978.jpg	UploadFiles/UploadFiles/202008/2020082807572978.jpg	319128	06c502dc56929bfce48bed428f22e7fefa3d30c3dc8f6a63c870e434d99c01a3	06c502dc56929bfce48bed428f22e7fefa3d30c3dc8f6a63c870e434d99c01a3	
UploadFiles/UploadFiles/202008/2020082807572979.jpg	UploadFiles/UploadFiles/202008/2020082807572979.jpg	290214	8f6360fc21246388ce464758560e411b357542f848be401d0d186478219f0758	8f6360fc21246388ce464758560e411b357542f848be401d0d186478219f0758	
UploadFiles/UploadFiles/202008/2020082807572987.jpg	UploadFiles/UploadFiles/202008/2020082807572987.jpg	262301	2f4eb425646cbd72ce8b75413a4e2620d75e026883c1163df4525c41c7d6934d	2f4eb425646cbd72ce8b75413a4e2620d75e026883c1163df4525c41c7d6934d	
UploadFiles/UploadFiles/202008/2020082807572994.jpg	UploadFiles/UploadFiles/202008/2020082807572994.jpg	241191	14782d3356b3f4f35fad00e9d63cc3e5824e9b198d916cd1cc82f483db2e6c85	14782d3356b3f4f35fad00e9d63cc3e5824e9b198d916cd1cc82f483db2e6c85	
UploadFiles/UploadFiles/202008/2020082807572996.jpg	UploadFiles/UploadFiles/202008/2020082807572996.jpg	437989	5eced718e821cc659e2aaaffc6d9b58eb066da94d11bd2d128a3a307abae60aa	5eced718e821cc659e2aaaffc6d9b58eb066da94d11bd2d128a3a307abae60aa	
UploadFiles/UploadFiles/202008/2020082810211046.png	UploadFiles/UploadFiles/202008/2020082810211046.png	393075	86488fe49b7f5011307f707e600d85eac98319ddd50c31d480a46f43c79ae691	86488fe49b7f5011307f707e600d85eac98319ddd50c31d480a46f43c79ae691	
UploadFiles/UploadFiles/202008/2020082810215687.png	UploadFiles/UploadFiles/202008/2020082810215687.png	361983	6e5825d4301e887a6fb463ebec611221ec77edce34ab6aafa4fe6677e8bd9d6e	6e5825d4301e887a6fb463ebec611221ec77edce34ab6aafa4fe6677e8bd9d6e	
UploadFiles/UploadFiles/202009/2020090110342835.png	UploadFiles/UploadFiles/202009/2020090110342835.png	53448	ce53e6953a8a7866d00bcde359d8e3683861bc5ffac5737eaada6e18198c1e3f	ce53e6953a8a7866d00bcde359d8e3683861bc5ffac5737eaada6e18198c1e3f	
UploadFiles/UploadFiles/202009/2020090112122604.jpg	UploadFiles/UploadFiles/202009/2020090112122604.jpg	458848	84f0d8d2d0fad70819d71d1136b129407743e3b03f001cca53a5658ef498a294	84f0d8d2d0fad70819d71d1136b129407743e3b03f001cca53a5658ef498a294	
UploadFiles/UploadFiles/202009/2020090112144407.jpg	UploadFiles/UploadFiles/202009/2020090112144407.jpg	359287	b22a164d83336823148395ac1c387d2eb01db178e2052003021f98f83689220c	b22a164d83336823148395ac1c387d2eb01db178e2052003021f98f83689220c	
UploadFiles/UploadFiles/202009/2020090112144411.jpg	UploadFiles/UploadFiles/202009/2020090112144411.jpg	417556	445027afc07d24f6466b89a6131bcaf505ef20b9098af9697131d209b8273eba	445027afc07d24f6466b89a6131bcaf505ef20b9098af9697131d209b8273eba	
UploadFiles/UploadFiles/202009/2020090112144464.jpg	UploadFiles/UploadFiles/202009/2020090112144464.jpg	459203	18fb8c5ab2a94663d30b4bd4146ba4a6d075073b3257e6ff855712bfd57c39c0	18fb8c5ab2a94663d30b4bd4146ba4a6d075073b3257e6ff855712bfd57c39c0	
UploadFiles/UploadFiles/202009/2020090112144467.jpg	UploadFiles/UploadFiles/202009/2020090112144467.jpg	399070	1a08830cf7f811bace781e47b1fb1e6c60674a42babd1ac15de8dce4377b083d	1a08830cf7f811bace781e47b1fb1e6c60674a42babd1ac15de8dce4377b083d	
UploadFiles/UploadFiles/202009/2020090112144488.jpg	UploadFiles/UploadFiles/202009/2020090112144488.jpg	365328	9f2767d09bfb212eb4957e9e1e2be0a94f3faf96f755d741277f2918b8045319	9f2767d09bfb212eb4957e9e1e2be0a94f3faf96f755d741277f2918b8045319	
UploadFiles/UploadFiles/202009/2020090112144489.jpg	UploadFiles/UploadFiles/202009/2020090112144489.jpg	483750	3c5b0807e16c2906ec78d6041d3d03b653218f33970238c3d5e3ba13e4334f08	3c5b0807e16c2906ec78d6041d3d03b653218f33970238c3d5e3ba13e4334f08	
UploadFiles/UploadFiles/202009/2020090112144491.jpg	UploadFiles/UploadFiles/202009/2020090112144491.jpg	495885	9bc79ebfe12c21098f25c715ac6304aaa5dbeed41e91551320f46f3637a35f5c	9bc79ebfe12c21098f25c715ac6304aaa5dbeed41e91551320f46f3637a35f5c	
UploadFiles/UploadFiles/202009/2020090112144497.jpg	UploadFiles/UploadFiles/202009/2020090112144497.jpg	428864	e38fcc5256881669c3359af0fe3c16fb1c9b6fd11824d7573c45eb65a3ae8982	e38fcc5256881669c3359af0fe3c16fb1c9b6fd11824d7573c45eb65a3ae8982	
UploadFiles/UploadFiles/202009/2020090112161726.jpg	UploadFiles/UploadFiles/202009/2020090112161726.jpg	413630	d2584c48b7cdac449100ec3ceb57b88ab61ca1ed9951ccb70978eb2e3a829527	d2584c48b7cdac449100ec3ceb57b88ab61ca1ed9951ccb70978eb2e3a829527	
UploadFiles/UploadFiles/202009/2020090112161730.jpg	UploadFiles/UploadFiles/202009/2020090112161730.jpg	368008	0a8185905021518129879823bb3c1c907df37e8812002c0df0ffe8b8491f418b	0a8185905021518129879823bb3c1c907df37e8812002c0df0ffe8b8491f418b	
UploadFiles/UploadFiles/202009/2020090112161737.jpg	UploadFiles/UploadFiles/202009/2020090112161737.jpg	405970	62bdfc268034bb68a8522a56698f5106651f25529dfc9e45105fae64e07cd5b3	62bdfc268034bb68a8522a56698f5106651f25529dfc9e45105fae64e07cd5b3	
UploadFiles/UploadFiles/202009/2020090112161747.jpg	UploadFiles/UploadFiles/202009/2020090112161747.jpg	445304	f22e5c74e2c2da8688c11693a16d1e52b5cd67ee7fcce1c20c1c83929660d07e	f22e5c74e2c2da8688c11693a16d1e52b5cd67ee7fcce1c20c1c83929660d07e	
UploadFiles/UploadFiles/202009/2020090112161754.jpg	UploadFiles/UploadFiles/202009/2020090112161754.jpg	390104	9a7c1c8c01ed8c21fb1db0a38b921c6b52ffb62c28122ff4fb52970ed70f0660	9a7c1c8c01ed8c21fb1db0a38b921c6b52ffb62c28122ff4fb52970ed70f0660	
UploadFiles/UploadFiles/202009/2020090112161756.jpg	UploadFiles/UploadFiles/202009/2020090112161756.jpg	445304	f22e5c74e2c2da8688c11693a16d1e52b5cd67ee7fcce1c20c1c83929660d07e	f22e5c74e2c2da8688c11693a16d1e52b5cd67ee7fcce1c20c1c83929660d07e	
UploadFiles/UploadFiles/202009/2020090112161763.jpg	UploadFiles/UploadFiles/202009/2020090112161763.jpg	458352	cab26f47377546552f940c7cf2190733e5a07bfc2e9a06a6538301acf6e50df4	cab26f47377546552f940c7cf2190733e5a07bfc2e9a06a6538301acf6e50df4	
UploadFiles/UploadFiles/202009/2020090112161765.jpg	UploadFiles/UploadFiles/202009/2020090112161765.jpg	442906	1e24782e16ebe9bbf4bc2e836de5b75511e4f596d59a7b0abf1ec99096345a0f	1e24782e16ebe9bbf4bc2e836de5b75511e4f596d59a7b0abf1ec99096345a0f	
UploadFiles/UploadFiles/202009/2020090112173803.jpg	UploadFiles/UploadFiles/202009/2020090112173803.jpg	275304	caf3cb7ae8c7bef6810650dd1c5e9cb2bc98efa6e0c42f78a243d9188feb420a	caf3cb7ae8c7bef6810650dd1c5e9cb2bc98efa6e0c42f78a243d9188feb420a	
UploadFiles/UploadFiles/202009/2020090112173824.jpg	UploadFiles/UploadFiles/202009/2020090112173824.jpg	285478	dba313a31fa9adb97296eaf8e9abc8397a4fbb4e9a3190cbf850b5865477844d	dba313a31fa9adb97296eaf8e9abc8397a4fbb4e9a3190cbf850b5865477844d	
UploadFiles/UploadFiles/202009/2020090112173825.jpg	UploadFiles/UploadFiles/202009/2020090112173825.jpg	296095	4b0b403291e619a495561edb2bb86b7834285a5bc87ba58e949031fc1fd37156	4b0b403291e619a495561edb2bb86b7834285a5bc87ba58e949031fc1fd37156	
UploadFiles/UploadFiles/202009/2020090112173833.jpg	UploadFiles/UploadFiles/202009/2020090112173833.jpg	214063	0084147c2688e809993dc7f378e360c09958ddacb2387ad5e6a32521bcdb289a	0084147c2688e809993dc7f378e360c09958ddacb2387ad5e6a32521bcdb289a	
UploadFiles/UploadFiles/202009/2020090112173842.jpg	UploadFiles/UploadFiles/202009/2020090112173842.jpg	580927	e3076560eead54059a14cb86faf90bf7474fccadfdaa58e7e148704cf580690c	e3076560eead54059a14cb86faf90bf7474fccadfdaa58e7e148704cf580690c	
UploadFiles/UploadFiles/202009/2020090112173849.jpg	UploadFiles/UploadFiles/202009/2020090112173849.jpg	337772	90705b0d36dfde23e615da77fd2d437fdfc1ba9e5ed0c870a96f795d79ca7a71	90705b0d36dfde23e615da77fd2d437fdfc1ba9e5ed0c870a96f795d79ca7a71	
UploadFiles/UploadFiles/202009/2020090112205629.jpg	UploadFiles/UploadFiles/202009/2020090112205629.jpg	5329735	761a68df4b65a915dd5d867d7e577049d37fee2e68054d66f1fed64e5d18d393	761a68df4b65a915dd5d867d7e577049d37fee2e68054d66f1fed64e5d18d393	
UploadFiles/UploadFiles/202009/2020090112211785.jpg	UploadFiles/UploadFiles/202009/2020090112211785.jpg	7232606	d089bf36e86f279d49b2a06cebd2dbf95df1053b0010ee99b2ecbab7b87d7538	d089bf36e86f279d49b2a06cebd2dbf95df1053b0010ee99b2ecbab7b87d7538	
UploadFiles/UploadFiles/202009/2020090112213942.jpg	UploadFiles/UploadFiles/202009/2020090112213942.jpg	182871	e5a8ea434417bd570e0373bb11946067d35c3be814055259e1ba1fa08128cac7	e5a8ea434417bd570e0373bb11946067d35c3be814055259e1ba1fa08128cac7	
UploadFiles/UploadFiles/202009/2020090112215744.jpg	UploadFiles/UploadFiles/202009/2020090112215744.jpg	2615819	9ad9e4dc65ce04a2372d591843617d2bb1810985c51301a3da5ce81fc732149a	9ad9e4dc65ce04a2372d591843617d2bb1810985c51301a3da5ce81fc732149a	
UploadFiles/UploadFiles/202009/2020090112221952.jpg	UploadFiles/UploadFiles/202009/2020090112221952.jpg	2469506	d215cb1d6e379189c2b348dc8e700fb2f96a9fd57d8029ea7adb216ef56e0a2a	d215cb1d6e379189c2b348dc8e700fb2f96a9fd57d8029ea7adb216ef56e0a2a	
UploadFiles/UploadFiles/202009/2020090112223749.jpg	UploadFiles/UploadFiles/202009/2020090112223749.jpg	2156356	3aa924bfc8c768e1bd6ab6a5f6475750835db89aac3130bc3ff717256884baad	3aa924bfc8c768e1bd6ab6a5f6475750835db89aac3130bc3ff717256884baad	
UploadFiles/UploadFiles/202009/2020090112252179.jpg	UploadFiles/UploadFiles/202009/2020090112252179.jpg	63019	77e6348e09880dd2a605842c84400690d33214897d6d883f7f1da6f2f922c10b	77e6348e09880dd2a605842c84400690d33214897d6d883f7f1da6f2f922c10b	
UploadFiles/UploadFiles/202009/2020090112254063.jpg	UploadFiles/UploadFiles/202009/2020090112254063.jpg	136190	b71b3480cace694885d4335a9d6ce49d28c80a35f13f4e35a559aa38bd4000ad	b71b3480cace694885d4335a9d6ce49d28c80a35f13f4e35a559aa38bd4000ad	
UploadFiles/UploadFiles/202009/2020090112255613.jpg	UploadFiles/UploadFiles/202009/2020090112255613.jpg	90512	840ebe4eb3a0458392e23642b9f5cf6430a877ce0deb618fc12ec481c7b24f86	840ebe4eb3a0458392e23642b9f5cf6430a877ce0deb618fc12ec481c7b24f86	
UploadFiles/UploadFiles/202009/2020090112262250.jpg	UploadFiles/UploadFiles/202009/2020090112262250.jpg	4854908	08c3cb0fda223d167ab9a8ee49ec6a41f591b5663617b6bb27313699e85608d1	08c3cb0fda223d167ab9a8ee49ec6a41f591b5663617b6bb27313699e85608d1	
UploadFiles/UploadFiles/202009/2020090112265445.jpg	UploadFiles/UploadFiles/202009/2020090112265445.jpg	79959	c7d12576ecc66765744a40ef80e53c360aedab08daf7b8cda0e9483ab19d502b	c7d12576ecc66765744a40ef80e53c360aedab08daf7b8cda0e9483ab19d502b	
UploadFiles/UploadFiles/202009/2020090112300435.jpg	UploadFiles/UploadFiles/202009/2020090112300435.jpg	1805844	bd95bda6b94b8aa261fbba638d42f4a9c3a94aa25a3d750d828024aeaefc5556	bd95bda6b94b8aa261fbba638d42f4a9c3a94aa25a3d750d828024aeaefc5556	
UploadFiles/UploadFiles/202009/2020090112300444.jpg	UploadFiles/UploadFiles/202009/2020090112300444.jpg	1595902	40e9f8596f6ac97fe517033013ee3b147fb77846d3b0e74148541690a29ada98	40e9f8596f6ac97fe517033013ee3b147fb77846d3b0e74148541690a29ada98	
UploadFiles/UploadFiles/202009/2020090112311065.jpg	UploadFiles/UploadFiles/202009/2020090112311065.jpg	3493683	d4156c45a208272175b3fdfac11b8b9db113d3df220f7261f8cc3fb1b0258ded	d4156c45a208272175b3fdfac11b8b9db113d3df220f7261f8cc3fb1b0258ded	
UploadFiles/UploadFiles/202009/2020090112312812.jpg	UploadFiles/UploadFiles/202009/2020090112312812.jpg	2267735	7c35967903100888b419965359f6b7ad21d36bba48d24c15f7bffa51299b7a64	7c35967903100888b419965359f6b7ad21d36bba48d24c15f7bffa51299b7a64	
UploadFiles/UploadFiles/202009/2020090112314260.jpg	UploadFiles/UploadFiles/202009/2020090112314260.jpg	2424997	23945855889e0ebfba27a73ab0c24b3729224c89a0a75342167f0c90d0a25f0f	23945855889e0ebfba27a73ab0c24b3729224c89a0a75342167f0c90d0a25f0f	
UploadFiles/UploadFiles/202009/2020090209002445.jpg	UploadFiles/UploadFiles/202009/2020090209002445.jpg	3999083	d6a47472867979345e9b83dec5c8c002d994a3fbb6fcb88c116f41f28b6f1c2b	d6a47472867979345e9b83dec5c8c002d994a3fbb6fcb88c116f41f28b6f1c2b	
UploadFiles/UploadFiles/202009/2020090209035421.jpg	UploadFiles/UploadFiles/202009/2020090209035421.jpg	559005	ede4905fe3027b2545a42526833fc9502ff67ec42e4b6501446714abda614902	ede4905fe3027b2545a42526833fc9502ff67ec42e4b6501446714abda614902	
UploadFiles/UploadFiles/202009/2020090209035443.jpg	UploadFiles/UploadFiles/202009/2020090209035443.jpg	434409	a4a3efb09a9befa5b6513f0b6007cb00a888f839ccc56b3327ea3440a0b3aff2	a4a3efb09a9befa5b6513f0b6007cb00a888f839ccc56b3327ea3440a0b3aff2	
UploadFiles/UploadFiles/202009/2020090209035460.jpg	UploadFiles/UploadFiles/202009/2020090209035460.jpg	537789	8f17c09ded1e136b8bb0b2b3103f60743cb976fc8f177ae455fb06fbf6260c9e	8f17c09ded1e136b8bb0b2b3103f60743cb976fc8f177ae455fb06fbf6260c9e	
UploadFiles/UploadFiles/202009/2020090209035488.jpg	UploadFiles/UploadFiles/202009/2020090209035488.jpg	3708473	a478fb6d92d9461fcbb26373313e596a33f2c54b2cd800d74d2d46a65ddf0028	a478fb6d92d9461fcbb26373313e596a33f2c54b2cd800d74d2d46a65ddf0028	
UploadFiles/UploadFiles/202009/2020090209051151.jpg	UploadFiles/UploadFiles/202009/2020090209051151.jpg	340224	33f04f93af94821f7962e9230ad8a0186695f60555ea951fa242b5be2347c3d3	33f04f93af94821f7962e9230ad8a0186695f60555ea951fa242b5be2347c3d3	
UploadFiles/UploadFiles/202009/2020090209051160.jpg	UploadFiles/UploadFiles/202009/2020090209051160.jpg	355628	ef7e417878cf6328650647660c70316ad1eb0b3f863852aa6144c0656ccb4650	ef7e417878cf6328650647660c70316ad1eb0b3f863852aa6144c0656ccb4650	
UploadFiles/UploadFiles/202009/2020090209051168.jpg	UploadFiles/UploadFiles/202009/2020090209051168.jpg	329671	a21b95fc4580da843f6805e1bca296b0e964ed19189871ba1811f91b816bb127	a21b95fc4580da843f6805e1bca296b0e964ed19189871ba1811f91b816bb127	
UploadFiles/UploadFiles/202009/2020090209051182.jpg	UploadFiles/UploadFiles/202009/2020090209051182.jpg	441409	a88113fb3c3dfab83c26d433ed65b2fff39bc98a2ac183eae78d1bb04078b203	a88113fb3c3dfab83c26d433ed65b2fff39bc98a2ac183eae78d1bb04078b203	
UploadFiles/UploadFiles/202009/2020090209051187.jpg	UploadFiles/UploadFiles/202009/2020090209051187.jpg	317924	568e0f57f78844e287d3f1a1abb2d9db9acb4f3665f3f12bd0c772ad43fd573d	568e0f57f78844e287d3f1a1abb2d9db9acb4f3665f3f12bd0c772ad43fd573d	
UploadFiles/UploadFiles/202009/2020090209051190.jpg	UploadFiles/UploadFiles/202009/2020090209051190.jpg	356475	8a2f927a12c4281b74119b8f0868e25a99b03e52bedbc393a37c1df874e680e3	8a2f927a12c4281b74119b8f0868e25a99b03e52bedbc393a37c1df874e680e3	
UploadFiles/UploadFiles/202009/2020090209062011.jpg	UploadFiles/UploadFiles/202009/2020090209062011.jpg	319420	a2f4abb5edbe0f10946d1e44334b00f7c2a5bead793ddf95572b6b63e767e11f	a2f4abb5edbe0f10946d1e44334b00f7c2a5bead793ddf95572b6b63e767e11f	
UploadFiles/UploadFiles/202009/2020090209062012.jpg	UploadFiles/UploadFiles/202009/2020090209062012.jpg	303829	98f629775a5496ff724ebed46fd5d20da25aa080891d69402868ff8b7de34549	98f629775a5496ff724ebed46fd5d20da25aa080891d69402868ff8b7de34549	
UploadFiles/UploadFiles/202009/2020090209062014.jpg	UploadFiles/UploadFiles/202009/2020090209062014.jpg	307225	bb5ee63dc012c81c6a8a66cc52bf92676a45848918ecdca6205178ce62f42013	bb5ee63dc012c81c6a8a66cc52bf92676a45848918ecdca6205178ce62f42013	
UploadFiles/UploadFiles/202009/2020090209062030.jpg	UploadFiles/UploadFiles/202009/2020090209062030.jpg	248925	52c5b7625f9315052712f4e85c11e52aba9d8d0087803560588e915d8a20effc	52c5b7625f9315052712f4e85c11e52aba9d8d0087803560588e915d8a20effc	
UploadFiles/UploadFiles/202009/2020090209062089.jpg	UploadFiles/UploadFiles/202009/2020090209062089.jpg	348397	e73d03093adc07f42e79eb4edc31102f20464e0a029efa6230503978cfb300ec	e73d03093adc07f42e79eb4edc31102f20464e0a029efa6230503978cfb300ec	
UploadFiles/UploadFiles/202009/2020090209062093.jpg	UploadFiles/UploadFiles/202009/2020090209062093.jpg	310601	84b028bdada35b2b5d60fe2aa343aeab7cff4b3ad31aea17c5366a9aa8953b27	84b028bdada35b2b5d60fe2aa343aeab7cff4b3ad31aea17c5366a9aa8953b27	
UploadFiles/UploadFiles/202009/2020090209065245.jpg	UploadFiles/UploadFiles/202009/2020090209065245.jpg	533915	8a5028c7337adc7dd89cddbf5de2c4d31bb1e9103262027c9d30f9f583d17d3a	8a5028c7337adc7dd89cddbf5de2c4d31bb1e9103262027c9d30f9f583d17d3a	
UploadFiles/UploadFiles/202009/2020090209065267.jpg	UploadFiles/UploadFiles/202009/2020090209065267.jpg	272843	e297334f52b23b958c2ff361d5584ff36f540fa88aeb1b94875f3bab302bdc61	e297334f52b23b958c2ff361d5584ff36f540fa88aeb1b94875f3bab302bdc61	
UploadFiles/UploadFiles/202009/2020090209065269.jpg	UploadFiles/UploadFiles/202009/2020090209065269.jpg	242019	72433263cc32083bd814260fe11994931f1989795ba893aca1138de5b444bd26	72433263cc32083bd814260fe11994931f1989795ba893aca1138de5b444bd26	
UploadFiles/UploadFiles/202009/2020090209071332.jpg	UploadFiles/UploadFiles/202009/2020090209071332.jpg	260807	27779a1ca7f323ae48772ba368b419e659e8c7adb8668b059d3656a6152490c1	27779a1ca7f323ae48772ba368b419e659e8c7adb8668b059d3656a6152490c1	
UploadFiles/UploadFiles/202009/2020090209081202.jpg	UploadFiles/UploadFiles/202009/2020090209081202.jpg	287644	8c6d4f94be546932130e66e99cc3b1b93a23cf8789bf30f8162d8f55fa992900	8c6d4f94be546932130e66e99cc3b1b93a23cf8789bf30f8162d8f55fa992900	
UploadFiles/UploadFiles/202009/2020090209081299.jpg	UploadFiles/UploadFiles/202009/2020090209081299.jpg	257129	6514a81c91678d1c1e72ae8afffe8d69ceedadf8737ab8c7e139b994a2161e40	6514a81c91678d1c1e72ae8afffe8d69ceedadf8737ab8c7e139b994a2161e40	
UploadFiles/UploadFiles/202009/2020090209083009.jpg	UploadFiles/UploadFiles/202009/2020090209083009.jpg	393075	79dc14e478ca0bc46efc2dc11cc33d8a2f1fe481ff69272b9ccc5aedc80e4992	79dc14e478ca0bc46efc2dc11cc33d8a2f1fe481ff69272b9ccc5aedc80e4992	
UploadFiles/UploadFiles/202009/2020090209101306.jpg	UploadFiles/UploadFiles/202009/2020090209101306.jpg	207281	3c31e0f37cc6ccf12a4eb9eab719b0fb0a26ee72c78a7f3b58b5f5fbb6e83d35	3c31e0f37cc6ccf12a4eb9eab719b0fb0a26ee72c78a7f3b58b5f5fbb6e83d35	
UploadFiles/UploadFiles/202009/2020090209101309.jpg	UploadFiles/UploadFiles/202009/2020090209101309.jpg	188881	7ab2b33a2f7d09c906961e4a4a8ce914ee197e71ab022c20090977f48c2158af	7ab2b33a2f7d09c906961e4a4a8ce914ee197e71ab022c20090977f48c2158af	
UploadFiles/UploadFiles/202009/2020090209101327.jpg	UploadFiles/UploadFiles/202009/2020090209101327.jpg	247847	f9af4ea8f9bd8f49b487e8e5c0a9d9877da0957036df550b64d80540e2b09a59	f9af4ea8f9bd8f49b487e8e5c0a9d9877da0957036df550b64d80540e2b09a59	
UploadFiles/UploadFiles/202009/2020090209101328.jpg	UploadFiles/UploadFiles/202009/2020090209101328.jpg	246818	6645f9c5922a89f18e8217e07ec88fe2362ec8784a2c8f91b971ce06148925cd	6645f9c5922a89f18e8217e07ec88fe2362ec8784a2c8f91b971ce06148925cd	
UploadFiles/UploadFiles/202009/2020090209101329.jpg	UploadFiles/UploadFiles/202009/2020090209101329.jpg	108659	6aedddf14e8bdd1150f967c43e084df1d08330f779b2fd6708a0de44ee701b4f	6aedddf14e8bdd1150f967c43e084df1d08330f779b2fd6708a0de44ee701b4f	
UploadFiles/UploadFiles/202009/2020090209101336.jpg	UploadFiles/UploadFiles/202009/2020090209101336.jpg	282690	c7e6e2c1b95708f471d2051c25740111bf97b5bec46cb13fc75111d41dc77d8f	c7e6e2c1b95708f471d2051c25740111bf97b5bec46cb13fc75111d41dc77d8f	
UploadFiles/UploadFiles/202009/2020090209101342.jpg	UploadFiles/UploadFiles/202009/2020090209101342.jpg	190367	0c4142332eb848fdf4dddc36648627ebfea4498c2df37815c3699784e49bb67a	0c4142332eb848fdf4dddc36648627ebfea4498c2df37815c3699784e49bb67a	
UploadFiles/UploadFiles/202009/2020090209101345.jpg	UploadFiles/UploadFiles/202009/2020090209101345.jpg	223227	48f19eecf4c7480ca0000a3247f246ade3cbb996abd3ec2b9219e9f6fd7febf6	48f19eecf4c7480ca0000a3247f246ade3cbb996abd3ec2b9219e9f6fd7febf6	
UploadFiles/UploadFiles/202009/2020090209101362.jpg	UploadFiles/UploadFiles/202009/2020090209101362.jpg	180560	b49a210a799c81dabd7fb83c46b5457b96f669be5d3d8bcbebb230a238f6dc10	b49a210a799c81dabd7fb83c46b5457b96f669be5d3d8bcbebb230a238f6dc10	
UploadFiles/UploadFiles/202009/2020090210165020.png	UploadFiles/UploadFiles/202009/2020090210165020.png	421823	03cf2e37da81660aec0855c5291cfa2f2d438fed43e47ee07209d548428b0dce	03cf2e37da81660aec0855c5291cfa2f2d438fed43e47ee07209d548428b0dce	
